[01Sep2026 01:04:20.711] [main/INFO] [cpw.mods.modlauncher.Launcher/MODLAUNCHER]: ModLauncher running: args [--launchTarget, forgeserver, --fml.forgeVersion, 47.4.10, --fml.mcVersion, 1.20.1, --fml.forgeGroup, net.minecraftforge, --fml.mcpVersion, 20230612.114412, nogui]
[01Sep2026 01:04:20.713] [main/INFO] [cpw.mods.modlauncher.Launcher/MODLAUNCHER]: ModLauncher 10.0.9+10.0.9+main.dcd20f30 starting: java version 17.0.20 by Ubuntu; OS Linux arch amd64 version 6.12.94+
[01Sep2026 01:04:21.069] [main/INFO] [net.minecraftforge.fml.loading.ImmediateWindowHandler/]: ImmediateWindowProvider not loading because launch target is forgeserver
[01Sep2026 01:04:21.094] [main/INFO] [mixin/]: SpongePowered MIXIN Subsystem Version=0.8.5 Source=union:/tmp/rallous-smoke-039/libraries/org/spongepowered/mixin/0.8.5/mixin-0.8.5.jar%2365!/ Service=ModLauncher Env=SERVER
[01Sep2026 01:04:21.341] [main/WARN] [net.minecraftforge.fml.loading.moddiscovery.ModFileParser/LOADING]: Mod file /tmp/rallous-smoke-039/libraries/net/minecraftforge/fmlcore/1.20.1-47.4.10/fmlcore-1.20.1-47.4.10.jar is missing mods.toml file
[01Sep2026 01:04:21.342] [main/WARN] [net.minecraftforge.fml.loading.moddiscovery.ModFileParser/LOADING]: Mod file /tmp/rallous-smoke-039/libraries/net/minecraftforge/javafmllanguage/1.20.1-47.4.10/javafmllanguage-1.20.1-47.4.10.jar is missing mods.toml file
[01Sep2026 01:04:21.343] [main/WARN] [net.minecraftforge.fml.loading.moddiscovery.ModFileParser/LOADING]: Mod file /tmp/rallous-smoke-039/libraries/net/minecraftforge/lowcodelanguage/1.20.1-47.4.10/lowcodelanguage-1.20.1-47.4.10.jar is missing mods.toml file
[01Sep2026 01:04:21.343] [main/WARN] [net.minecraftforge.fml.loading.moddiscovery.ModFileParser/LOADING]: Mod file /tmp/rallous-smoke-039/libraries/net/minecraftforge/mclanguage/1.20.1-47.4.10/mclanguage-1.20.1-47.4.10.jar is missing mods.toml file
[01Sep2026 01:04:21.504] [main/WARN] [net.minecraftforge.jarjar.selection.JarSelector/]: Attempted to select two dependency jars from JarJar which have the same identification: Mod File:  and Mod File: . Using Mod File: 
[01Sep2026 01:04:21.505] [main/INFO] [net.minecraftforge.fml.loading.moddiscovery.JarInJarDependencyLocator/]: Found 12 dependencies adding them to mods collection
[01Sep2026 01:04:22.986] [main/INFO] [mixin/]: Compatibility level set to JAVA_17
[01Sep2026 01:04:23.072] [main/INFO] [cpw.mods.modlauncher.LaunchServiceHandler/MODLAUNCHER]: Launching target 'forgeserver' with arguments [nogui]
[01Sep2026 01:04:23.224] [main/INFO] [ModernFix/]: Loaded configuration file for ModernFix 5.27.83+mc1.20.1: 110 options available, 0 override(s) found
[01Sep2026 01:04:23.225] [main/INFO] [ModernFix/]: Applying Nashorn fix
[01Sep2026 01:04:23.235] [main/INFO] [ModernFix/]: Applied Forge config corruption patch
[01Sep2026 01:04:23.296] [main/WARN] [mixin/]: Reference map 'puzzlesaccessapi.common.refmap.json' for puzzlesaccessapi.common.mixins.json could not be read. If this is a development environment you can ignore this message
[01Sep2026 01:04:23.373] [main/INFO] [Puzzles Lib/]: Loading 86 mods:
	- amendments 1.20-2.2.6
	- architectury 9.2.14
	- betterdungeons 1.20-Forge-4.0.4
	- betterfortresses 1.20-Forge-2.0.6
	- betterstrongholds 1.20-Forge-4.0.3
	- born_in_chaos_v1 1.7.5
	- carryon 2.1.2.7
	- citadel 2.6.3
	- cloth_config 11.1.136
	- corgilib 4.0.3.5
	- cristellib 1.1.6
	- ctov 3.4.14
	- curios 5.14.1+1.20.1
	- customnpcs 1.20.1.20260711
	- dataanchor 1.0.0.22
	- dungeons_arise 2.1.58-1.20.x
	- enhancedcelestials 1.20.1-5.0.3.3
	- epicfight 20.14.17
	- explorify 1.6.5
	- farmersdelight 1.20.1-1.3.4
	- ferritecore 6.0.1
	- forge 47.4.10
	- fossil 9.3.4.0
	- ftblibrary 2001.2.13
	- ftbquests 2001.4.22
	- ftbteams 2001.3.2
	- fzzy_config 0.7.6+1.20.1+forge
	- geckolib 4.8.4
	- glitchcore 0.0.1.1
	- guardvillagers 1.20.1-1.6.19
	- irons_lib 1.20.1-2.1.0
	- irons_spellbooks 1.20.1-3.16.3
	- itemfilters 2001.1.0-build.59
	- jade 11.13.3+forge
	- jei 15.56.0.205
	- kotlinforforge 4.12.0
	- legendarysurvivaloverhaul 1.20.1-2.4.7
	- lithostitched 1.4.11
	- lodestone 1.20.1-1.6.4.1
	- magistuarmory 10.11
	- malum 1.20.1-1.6.7
	- minecraft 1.20.1
	- modernfix 5.27.83+mc1.20.1
	- moonlight 1.20-2.16.34
	- morehitboxes 1.9.2
	- openpartiesandclaims 0.30.3
	- playeranimator 1.0.2-rc1+1.20
	- puzzleslib 8.1.33
		|-- mixinextras 0.4.1
		\-- puzzlesaccessapi 20.1.1
	- rallous_contact 1.0.0
	- rallous_crater_hq 1.0.0
	- rallous_diplomacy 1.0.0
	- rallous_factions 1.0.0
	- rallous_grow 1.0.0
	- rallous_kit 1.0.0
	- rallous_old_world 1.1.0
	- rallous_recruits_bind 1.0.0
	- rallous_recruits_bridge 1.0.0
	- rallous_roaming 1.0.0
	- rallous_session 1.0.0
	- rallous_temple_herd 1.0.0
	- rallous_warp_crash 1.0.0
	- rallous_winds 1.0.0
	- ranksandtitles 1.2.0
	- recruits 1.15.2
	- searchables 1.0.3
	- sereneseasons 9.1.0.3
	- siegemachines 1.39
	- simplyswords 1.70.2-1.20.1
	- simplytooltips 0.1.5-1.20.1
	- sonsoftheempire 1.1.9
	- sophisticatedbackpacks 3.24.67.2109
	- sophisticatedcore 1.3.84.2308
	- structory 1.3.5
	- supplementaries 1.20-3.1.43
		\-- mixinsquared 0.1.1
	- t_and_t 0.0NONE
	- tameablebeasts 7.1
	- terrablender 3.0.1.10
	- terralith 2.5.4
	- vassalsuzerain 1.2.0
	- xaerominimap 26.4.2
	- xaeroworldmap 1.45.0
		\-- xaerolib 1.7.1
	- yungsapi 1.20-Forge-4.0.6
[01Sep2026 01:04:23.385] [main/WARN] [mixin/]: Reference map 'cristellib-forge-refmap.json' for cristellib.mixins.json could not be read. If this is a development environment you can ignore this message
[01Sep2026 01:04:24.369] [main/WARN] [mixin/]: Error loading class: net/bettercombat/network/ServerNetwork (java.lang.ClassNotFoundException: net.bettercombat.network.ServerNetwork)
[01Sep2026 01:04:24.371] [main/WARN] [mixin/]: Error loading class: noobanidus/mods/lootr/block/entities/LootrChestBlockEntity (java.lang.ClassNotFoundException: noobanidus.mods.lootr.block.entities.LootrChestBlockEntity)
[01Sep2026 01:04:24.373] [main/WARN] [mixin/]: Error loading class: noobanidus/mods/lootr/block/entities/LootrBarrelBlockEntity (java.lang.ClassNotFoundException: noobanidus.mods.lootr.block.entities.LootrBarrelBlockEntity)
[01Sep2026 01:04:24.375] [main/WARN] [mixin/]: Error loading class: noobanidus/mods/lootr/block/entities/LootrShulkerBlockEntity (java.lang.ClassNotFoundException: noobanidus.mods.lootr.block.entities.LootrShulkerBlockEntity)
[01Sep2026 01:04:24.376] [main/WARN] [mixin/]: Error loading class: noobanidus/mods/lootr/entity/LootrChestMinecartEntity (java.lang.ClassNotFoundException: noobanidus.mods.lootr.entity.LootrChestMinecartEntity)
[01Sep2026 01:04:24.399] [main/WARN] [mixin/]: Error loading class: dev/shadowsoffire/attributeslib/client/AttributesLibClient (java.lang.ClassNotFoundException: dev.shadowsoffire.attributeslib.client.AttributesLibClient)
[01Sep2026 01:04:24.526] [main/INFO] [MixinExtras|Service/]: Initializing MixinExtras via com.llamalad7.mixinextras.service.MixinExtrasServiceImpl(version=0.4.1).
[01Sep2026 01:04:24.816] [main/INFO] [net.minecraft.server.Bootstrap/]: ModernFix reached bootstrap stage (5.183 s after launch)
[01Sep2026 01:04:24.898] [main/WARN] [mixin/]: @Final field delegatesByName:Ljava/util/Map; in modernfix-modernfix.mixins.json:perf.forge_registry_alloc.ForgeRegistryMixin should be final
[01Sep2026 01:04:24.898] [main/WARN] [mixin/]: @Final field delegatesByValue:Ljava/util/Map; in modernfix-modernfix.mixins.json:perf.forge_registry_alloc.ForgeRegistryMixin should be final
[01Sep2026 01:04:25.896] [main/INFO] [net.minecraft.server.Bootstrap/]: Vanilla bootstrap took 1072 milliseconds
[01Sep2026 01:04:26.301] [main/WARN] [mixin/]: @Final field f_31427_:[I in mixins.epicfight.json:common.MixinWitherBoss should be final
[01Sep2026 01:04:26.301] [main/WARN] [mixin/]: @Final field f_31428_:[I in mixins.epicfight.json:common.MixinWitherBoss should be final
[01Sep2026 01:04:26.386] [main/WARN] [mixin/]: Method overwrite conflict for m_6596_ in mixins.irons_spellbooks.json:LecternBlockEntityMixin, previously written by net.mehvahdjukaar.amendments.mixins.LecternBlockEntityMixin. Skipping method.
[01Sep2026 01:04:26.386] [main/WARN] [mixin/]: Method overwrite conflict for m_58483_ in mixins.irons_spellbooks.json:LecternBlockEntityMixin, previously written by net.mehvahdjukaar.amendments.mixins.LecternBlockEntityUpdateMixin. Skipping method.
[01Sep2026 01:04:26.386] [main/WARN] [mixin/]: Method overwrite conflict for m_5995_ in mixins.irons_spellbooks.json:LecternBlockEntityMixin, previously written by net.mehvahdjukaar.amendments.mixins.LecternBlockEntityUpdateMixin. Skipping method.
[01Sep2026 01:04:26.753] [main/WARN] [mixin/]: @Final field f_26027_:Lnet/minecraft/world/entity/ai/targeting/TargetingConditions; in guardvillagers.mixins.json:DefendVillageGoalGolemMixin should be final
[01Sep2026 01:04:26.871] [main/WARN] [net.minecraft.network.syncher.SynchedEntityData/]: defineId called for: class net.minecraft.world.entity.LivingEntity from class yesman.epicfight.world.capabilities.entitypatch.LivingEntityPatch
[01Sep2026 01:04:26.871] [main/WARN] [net.minecraft.network.syncher.SynchedEntityData/]: defineId called for: class net.minecraft.world.entity.LivingEntity from class yesman.epicfight.world.capabilities.entitypatch.LivingEntityPatch
[01Sep2026 01:04:26.871] [main/WARN] [net.minecraft.network.syncher.SynchedEntityData/]: defineId called for: class net.minecraft.world.entity.LivingEntity from class yesman.epicfight.world.capabilities.entitypatch.LivingEntityPatch
[01Sep2026 01:04:26.871] [main/WARN] [net.minecraft.network.syncher.SynchedEntityData/]: defineId called for: class net.minecraft.world.entity.LivingEntity from class yesman.epicfight.world.capabilities.entitypatch.LivingEntityPatch
[01Sep2026 01:04:27.419] [main/WARN] [mixin/]: Static binding violation: PRIVATE @Overwrite method m_47505_ in modernfix-modernfix.mixins.json:perf.remove_biome_temperature_cache.BiomeMixin cannot reduce visibiliy of PUBLIC target method, visibility will be upgraded.
[01Sep2026 01:04:27.772] [modloading-worker-0/INFO] [xaero.lib.XaeroLib/]: Registering common data for channel xaerolib:main!
[01Sep2026 01:04:27.778] [modloading-worker-0/INFO] [xaero.lib.XaeroLib/]: Loading primary common config for channel xaerolib:main!
[01Sep2026 01:04:27.780] [modloading-worker-0/INFO] [xaero.lib.XaeroLib/]: Loading server config profiles for channel xaerolib:main!
[01Sep2026 01:04:27.781] [modloading-worker-0/INFO] [xaero.map.WorldMap/]: Registering common data for channel xaeroworldmap:main!
[01Sep2026 01:04:27.797] [modloading-worker-0/INFO] [xaero.map.WorldMap/]: Loading primary common config for channel xaeroworldmap:main!
[01Sep2026 01:04:27.798] [modloading-worker-0/INFO] [xaero.map.WorldMap/]: Loading server config profiles for channel xaeroworldmap:main!
[01Sep2026 01:04:27.863] [modloading-worker-0/INFO] [epicfight/]: Loaded mod compat: GeckolibCompat
[01Sep2026 01:04:27.864] [modloading-worker-0/INFO] [epicfight/]: Loaded mod compat: CuriosCompat
[01Sep2026 01:04:27.864] [modloading-worker-0/INFO] [epicfight/]: Loaded mod compat: PlayerAnimatorCompat
[01Sep2026 01:04:27.875] [modloading-worker-0/WARN] [net.minecraftforge.common.ForgeConfigSpec/CORE]: Configuration file /tmp/rallous-smoke-039/config/guardvillagers-common.toml is not correct. Correcting
[01Sep2026 01:04:27.876] [modloading-worker-0/WARN] [net.minecraftforge.common.ForgeConfigSpec/CORE]: Incorrect key raids and illagers was corrected from null to its default, SimpleCommentedConfig:{}. 
[01Sep2026 01:04:27.876] [modloading-worker-0/WARN] [net.minecraftforge.common.ForgeConfigSpec/CORE]: Incorrect key raids and illagers.Illagers in raids attack animals? was corrected from null to its default, true. 
[01Sep2026 01:04:27.876] [modloading-worker-0/WARN] [net.minecraftforge.common.ForgeConfigSpec/CORE]: Incorrect key raids and illagers.Witches attack villagers? was corrected from null to its default, true. 
[01Sep2026 01:04:27.876] [modloading-worker-0/WARN] [net.minecraftforge.common.ForgeConfigSpec/CORE]: Incorrect key raids and illagers.Have Illusioners in raids? was corrected from null to its default, false. 
[01Sep2026 01:04:27.877] [modloading-worker-0/WARN] [net.minecraftforge.common.ForgeConfigSpec/CORE]: Incorrect key raids and illagers.Have Illagers have some common sense? was corrected from null to its default, true. 
[01Sep2026 01:04:27.878] [modloading-worker-0/WARN] [net.minecraftforge.common.ForgeConfigSpec/CORE]: Incorrect key mob ai in general was corrected from null to its default, SimpleCommentedConfig:{}. 
[01Sep2026 01:04:27.878] [modloading-worker-0/WARN] [net.minecraftforge.common.ForgeConfigSpec/CORE]: Incorrect key mob ai in general.Guards attack all mobs? was corrected from null to its default, true. 
[01Sep2026 01:04:27.878] [modloading-worker-0/WARN] [net.minecraftforge.common.ForgeConfigSpec/CORE]: Incorrect key mob ai in general.All mobs attack guards was corrected from null to its default, false. 
[01Sep2026 01:04:27.878] [modloading-worker-0/WARN] [net.minecraftforge.common.ForgeConfigSpec/CORE]: Incorrect key mob ai in general.Mob Blacklist was corrected from null to its default, [minecraft:villager, minecraft:iron_golem, minecraft:wandering_trader, guardvillagers:guard, minecraft:creeper, alexsmobs:komodo_dragon, minecraft:enderman]. 
[01Sep2026 01:04:27.878] [modloading-worker-0/WARN] [net.minecraftforge.common.ForgeConfigSpec/CORE]: Incorrect key mob ai in general.Mob Whitelist was corrected from null to its default, []. 
[01Sep2026 01:04:27.878] [modloading-worker-0/WARN] [net.minecraftforge.common.ForgeConfigSpec/CORE]: Incorrect key villager stuff was corrected from null to its default, SimpleCommentedConfig:{}. 
[01Sep2026 01:04:27.879] [modloading-worker-0/WARN] [net.minecraftforge.common.ForgeConfigSpec/CORE]: Incorrect key villager stuff.Profession Whitelist for healing ai for clerics was corrected from null to its default, [cleric]. 
[01Sep2026 01:04:27.879] [modloading-worker-0/WARN] [net.minecraftforge.common.ForgeConfigSpec/CORE]: Incorrect key villager stuff.Profession Whitelist for golem repair ai was corrected from null to its default, [armorer, weaponsmith]. 
[01Sep2026 01:04:27.880] [modloading-worker-0/WARN] [net.minecraftforge.common.ForgeConfigSpec/CORE]: Incorrect key villager stuff.Profession Whitelist for guard weaponry repair ai was corrected from null to its default, [weaponsmith, armorer]. 
[01Sep2026 01:04:27.880] [modloading-worker-0/WARN] [net.minecraftforge.common.ForgeConfigSpec/CORE]: Incorrect key villager stuff.How many times a cleric can heal a guard in one day was corrected from null to its default, 3. 
[01Sep2026 01:04:27.880] [modloading-worker-0/WARN] [net.minecraftforge.common.ForgeConfigSpec/CORE]: Incorrect key villager stuff.How many times a smith villager can heal a golem in one day was corrected from null to its default, 3. 
[01Sep2026 01:04:27.880] [modloading-worker-0/WARN] [net.minecraftforge.common.ForgeConfigSpec/CORE]: Incorrect key villager stuff.How many times a villager can heal a guard's equipment in one day was corrected from null to its default, 3. 
[01Sep2026 01:04:27.880] [modloading-worker-0/WARN] [net.minecraftforge.common.ForgeConfigSpec/CORE]: Incorrect key villager stuff.Allow armorers and weaponsmiths repair guard items when down below half durability? was corrected from null to its default, true. 
[01Sep2026 01:04:27.880] [modloading-worker-0/WARN] [net.minecraftforge.common.ForgeConfigSpec/CORE]: Incorrect key villager stuff.Make it so players have to have hero of the village to convert villagers into guards? was corrected from null to its default, false. 
[01Sep2026 01:04:27.880] [modloading-worker-0/WARN] [net.minecraftforge.common.ForgeConfigSpec/CORE]: Incorrect key villager stuff.Have it so blacksmiths heal golems under 60 health? was corrected from null to its default, true. 
[01Sep2026 01:04:27.880] [modloading-worker-0/WARN] [net.minecraftforge.common.ForgeConfigSpec/CORE]: Incorrect key villager stuff.Have it so clerics heal guards and players with hero of the village? was corrected from null to its default, true. 
[01Sep2026 01:04:27.880] [modloading-worker-0/WARN] [net.minecraftforge.common.ForgeConfigSpec/CORE]: Incorrect key villager stuff.Have Villagers have some common sense? was corrected from null to its default, true. 
[01Sep2026 01:04:27.880] [modloading-worker-0/WARN] [net.minecraftforge.common.ForgeConfigSpec/CORE]: Incorrect key golem stuff was corrected from null to its default, SimpleCommentedConfig:{}. 
[01Sep2026 01:04:27.880] [modloading-worker-0/WARN] [net.minecraftforge.common.ForgeConfigSpec/CORE]: Incorrect key golem stuff.Allow Iron Golems to float on water? was corrected from null to its default, false. 
[01Sep2026 01:04:27.881] [modloading-worker-0/WARN] [net.minecraftforge.common.ForgeConfigSpec/CORE]: Incorrect key guard stuff was corrected from null to its default, SimpleCommentedConfig:{}. 
[01Sep2026 01:04:27.884] [modloading-worker-0/WARN] [net.minecraftforge.common.ForgeConfigSpec/CORE]: Incorrect key guard stuff.How many guards should spawn in a village? was corrected from null to its default, 6. 
[01Sep2026 01:04:27.884] [modloading-worker-0/WARN] [net.minecraftforge.common.ForgeConfigSpec/CORE]: Incorrect key guard stuff.Allow guards to sink temporarily to fight mobs that are under water? was corrected from null to its default, true. 
[01Sep2026 01:04:27.884] [modloading-worker-0/WARN] [net.minecraftforge.common.ForgeConfigSpec/CORE]: Incorrect key guard stuff.Depth value for guards fighting underwater mobs was corrected from null to its default, 5. 
[01Sep2026 01:04:27.884] [modloading-worker-0/WARN] [net.minecraftforge.common.ForgeConfigSpec/CORE]: Incorrect key guard stuff.Mobs that guards actively protect when they get targeted was corrected from null to its default, [minecraft:villager, guardvillagers:guard, minecraft:iron_golem]. 
[01Sep2026 01:04:27.884] [modloading-worker-0/WARN] [net.minecraftforge.common.ForgeConfigSpec/CORE]: Incorrect key guard stuff.Mobs that guards actively protect when they get hurt was corrected from null to its default, [minecraft:villager, guardvillagers:guard, minecraft:iron_golem]. 
[01Sep2026 01:04:27.884] [modloading-worker-0/WARN] [net.minecraftforge.common.ForgeConfigSpec/CORE]: Incorrect key guard stuff.Guard crossbow attack radius was corrected from null to its default, 8.0. 
[01Sep2026 01:04:27.884] [modloading-worker-0/WARN] [net.minecraftforge.common.ForgeConfigSpec/CORE]: Incorrect key guard stuff.Allow guards to convert to zombie villagers upon being killed by zombies? was corrected from null to its default, true. 
[01Sep2026 01:04:27.884] [modloading-worker-0/WARN] [net.minecraftforge.common.ForgeConfigSpec/CORE]: Incorrect key guard stuff.Allow the player to right click on bells to mass order guards to follow them? was corrected from null to its default, true. 
[01Sep2026 01:04:27.884] [modloading-worker-0/WARN] [net.minecraftforge.common.ForgeConfigSpec/CORE]: Incorrect key guard stuff.Have guards patrol the village regularly? was corrected from null to its default, false. 
[01Sep2026 01:04:27.884] [modloading-worker-0/WARN] [net.minecraftforge.common.ForgeConfigSpec/CORE]: Incorrect key guard stuff.Chance to drop equipment was corrected from null to its default, 100.0. 
[01Sep2026 01:04:27.884] [modloading-worker-0/WARN] [net.minecraftforge.common.ForgeConfigSpec/CORE]: Incorrect key guard stuff.Have Guards have some common sense? was corrected from null to its default, false. 
[01Sep2026 01:04:27.884] [modloading-worker-0/WARN] [net.minecraftforge.common.ForgeConfigSpec/CORE]: Incorrect key guard stuff.Have Guards open doors? was corrected from null to its default, true. 
[01Sep2026 01:04:27.884] [modloading-worker-0/WARN] [net.minecraftforge.common.ForgeConfigSpec/CORE]: Incorrect key guard stuff.Have Guards raise their shield all the time? was corrected from null to its default, false. 
[01Sep2026 01:04:27.884] [modloading-worker-0/WARN] [net.minecraftforge.common.ForgeConfigSpec/CORE]: Incorrect key guard stuff.Chance for guards to lose durability was corrected from null to its default, 1.0. 
[01Sep2026 01:04:27.884] [modloading-worker-0/WARN] [net.minecraftforge.common.ForgeConfigSpec/CORE]: Incorrect key guard stuff.Allow guards to teleport if following the player was corrected from null to its default, true. 
[01Sep2026 01:04:27.884] [modloading-worker-0/WARN] [net.minecraftforge.common.ForgeConfigSpec/CORE]: Incorrect key guard stuff.Have guards form a phalanx? was corrected from null to its default, true. 
[01Sep2026 01:04:27.884] [modloading-worker-0/WARN] [net.minecraftforge.common.ForgeConfigSpec/CORE]: Incorrect key guard stuff.Have guards attempt to avoid firing into other friendlies? was corrected from null to its default, true. 
[01Sep2026 01:04:27.884] [modloading-worker-0/WARN] [net.minecraftforge.common.ForgeConfigSpec/CORE]: Incorrect key guard stuff.Angle of how ranged guards determine if a friendly mob is in front of them before firing was corrected from null to its default, -0.9. 
[01Sep2026 01:04:27.884] [modloading-worker-0/WARN] [net.minecraftforge.common.ForgeConfigSpec/CORE]: Incorrect key guard stuff.Range was corrected from null to its default, 50.0. 
[01Sep2026 01:04:27.884] [modloading-worker-0/WARN] [net.minecraftforge.common.ForgeConfigSpec/CORE]: Incorrect key guard stuff.Guard health regeneration amount was corrected from null to its default, 1.0. 
[01Sep2026 01:04:27.884] [modloading-worker-0/WARN] [net.minecraftforge.common.ForgeConfigSpec/CORE]: Incorrect key guard stuff.Allow guard arrows to damage villagers, iron golems, or other guards? The i-frames will still be shown for them but they won't lose any health if this is set to false was corrected from null to its default, true. 
[01Sep2026 01:04:27.884] [modloading-worker-0/WARN] [net.minecraftforge.common.ForgeConfigSpec/CORE]: Incorrect key guard stuff.Allow players to give guards stuff only if they have the hero of the village effect? was corrected from null to its default, false. 
[01Sep2026 01:04:27.884] [modloading-worker-0/WARN] [net.minecraftforge.common.ForgeConfigSpec/CORE]: Incorrect key guard stuff.Allow players to set guard patrol points only if they have hero of the village was corrected from null to its default, false. 
[01Sep2026 01:04:27.885] [modloading-worker-0/WARN] [net.minecraftforge.common.ForgeConfigSpec/CORE]: Incorrect key guard stuff.Minimum reputation requirement for guards to give you access to their inventories was corrected from null to its default, 15. 
[01Sep2026 01:04:27.885] [modloading-worker-0/WARN] [net.minecraftforge.common.ForgeConfigSpec/CORE]: Incorrect key guard stuff.Guard health was corrected from null to its default, 20.0. 
[01Sep2026 01:04:27.885] [modloading-worker-0/WARN] [net.minecraftforge.common.ForgeConfigSpec/CORE]: Incorrect key guard stuff.Guard speed was corrected from null to its default, 0.5. 
[01Sep2026 01:04:27.885] [modloading-worker-0/WARN] [net.minecraftforge.common.ForgeConfigSpec/CORE]: Incorrect key guard stuff.Guard follow range was corrected from null to its default, 20.0. 
[01Sep2026 01:04:27.885] [modloading-worker-0/WARN] [net.minecraftforge.common.ForgeConfigSpec/CORE]: Incorrect key guard stuff.Have guards only follow the player if they have hero of the village? was corrected from null to its default, true. 
[01Sep2026 01:04:27.885] [modloading-worker-0/WARN] [net.minecraftforge.common.ForgeConfigSpec/CORE]: Incorrect key guard stuff.How low of a reputation of a player should have to be instantly aggroed upon by guards and golems? was corrected from null to its default, -100. 
[01Sep2026 01:04:27.938] [modloading-worker-0/INFO] [betterfortresses/]: Creating directory for additional Better Nether Fortresses configuration at /tmp/rallous-smoke-039/config/betterfortresses/forge-1_20
[01Sep2026 01:04:27.943] [modloading-worker-0/INFO] [net.minecraftforge.common.ForgeMod/FORGEMOD]: Forge mod loading, version 47.4.10, for MC 1.20.1 with MCP 20230612.114412
[01Sep2026 01:04:27.943] [modloading-worker-0/INFO] [net.minecraftforge.common.MinecraftForge/FORGE]: MinecraftForge v47.4.10 Initialized
[01Sep2026 01:04:27.997] [modloading-worker-0/WARN] [net.minecraftforge.common.ForgeConfigSpec/CORE]: Configuration file /tmp/rallous-smoke-039/config/amendments-common.toml is not correct. Correcting
[01Sep2026 01:04:27.997] [modloading-worker-0/WARN] [net.minecraftforge.common.ForgeConfigSpec/CORE]: Incorrect key lectern was corrected from null to its default, SimpleCommentedConfig:{}. 
[01Sep2026 01:04:27.997] [modloading-worker-0/WARN] [net.minecraftforge.common.ForgeConfigSpec/CORE]: Incorrect key lectern.improved_screen was corrected from null to its default, true. 
[01Sep2026 01:04:27.999] [modloading-worker-0/WARN] [net.minecraftforge.common.ForgeConfigSpec/CORE]: Configuration file /tmp/rallous-smoke-039/config/supplementaries-common.toml is not correct. Correcting
[01Sep2026 01:04:28.000] [modloading-worker-0/WARN] [net.minecraftforge.common.ForgeConfigSpec/CORE]: Incorrect key redstone was corrected from null to its default, SimpleCommentedConfig:{}. 
[01Sep2026 01:04:28.000] [modloading-worker-0/WARN] [net.minecraftforge.common.ForgeConfigSpec/CORE]: Incorrect key redstone.speaker_block was corrected from null to its default, SimpleCommentedConfig:{}. 
[01Sep2026 01:04:28.000] [modloading-worker-0/WARN] [net.minecraftforge.common.ForgeConfigSpec/CORE]: Incorrect key redstone.speaker_block.enabled was corrected from null to its default, true. 
[01Sep2026 01:04:28.001] [modloading-worker-0/WARN] [net.minecraftforge.common.ForgeConfigSpec/CORE]: Incorrect key redstone.speaker_block.narrator_enabled was corrected from null to its default, true. 
[01Sep2026 01:04:28.001] [modloading-worker-0/WARN] [net.minecraftforge.common.ForgeConfigSpec/CORE]: Incorrect key redstone.speaker_block.max_text was corrected from null to its default, 32. 
[01Sep2026 01:04:28.001] [modloading-worker-0/WARN] [net.minecraftforge.common.ForgeConfigSpec/CORE]: Incorrect key redstone.speaker_block.range was corrected from null to its default, 64. 
[01Sep2026 01:04:28.001] [modloading-worker-0/WARN] [net.minecraftforge.common.ForgeConfigSpec/CORE]: Incorrect key redstone.bellows was corrected from null to its default, SimpleCommentedConfig:{}. 
[01Sep2026 01:04:28.001] [modloading-worker-0/WARN] [net.minecraftforge.common.ForgeConfigSpec/CORE]: Incorrect key redstone.bellows.enabled was corrected from null to its default, true. 
[01Sep2026 01:04:28.001] [modloading-worker-0/WARN] [net.minecraftforge.common.ForgeConfigSpec/CORE]: Incorrect key redstone.bellows.base_period was corrected from null to its default, 78. 
[01Sep2026 01:04:28.001] [modloading-worker-0/WARN] [net.minecraftforge.common.ForgeConfigSpec/CORE]: Incorrect key redstone.bellows.power_scaling was corrected from null to its default, 2.0. 
[01Sep2026 01:04:28.001] [modloading-worker-0/WARN] [net.minecraftforge.common.ForgeConfigSpec/CORE]: Incorrect key redstone.bellows.base_velocity_scaling was corrected from null to its default, 5.0. 
[01Sep2026 01:04:28.002] [modloading-worker-0/WARN] [net.minecraftforge.common.ForgeConfigSpec/CORE]: Incorrect key redstone.bellows.range was corrected from null to its default, 5. 
[01Sep2026 01:04:28.002] [modloading-worker-0/WARN] [net.minecraftforge.common.ForgeConfigSpec/CORE]: Incorrect key fireball was corrected from null to its default, SimpleCommentedConfig:{}. 
[01Sep2026 01:04:28.002] [modloading-worker-0/WARN] [net.minecraftforge.common.ForgeConfigSpec/CORE]: Incorrect key redstone.spring_launcher was corrected from null to its default, SimpleCommentedConfig:{}. 
[01Sep2026 01:04:28.002] [modloading-worker-0/WARN] [net.minecraftforge.common.ForgeConfigSpec/CORE]: Incorrect key fireball.dragon_charge was corrected from null to its default, true. 
[01Sep2026 01:04:28.002] [modloading-worker-0/WARN] [net.minecraftforge.common.ForgeConfigSpec/CORE]: Incorrect key fireball.gravity was corrected from null to its default, true. 
[01Sep2026 01:04:28.002] [modloading-worker-0/WARN] [net.minecraftforge.common.ForgeConfigSpec/CORE]: Incorrect key fireball.deflectable was corrected from null to its default, false. 
[01Sep2026 01:04:28.002] [modloading-worker-0/WARN] [net.minecraftforge.common.ForgeConfigSpec/CORE]: Incorrect key fireball.fire_charges_throwable was corrected from null to its default, true. 
[01Sep2026 01:04:28.002] [modloading-worker-0/WARN] [net.minecraftforge.common.ForgeConfigSpec/CORE]: Incorrect key fireball.fire_charges_dispenser_behavior was corrected from null to its default, true. 
[01Sep2026 01:04:28.002] [modloading-worker-0/WARN] [net.minecraftforge.common.ForgeConfigSpec/CORE]: Incorrect key fireball.improved_explosions was corrected from null to its default, true. 
[01Sep2026 01:04:28.002] [modloading-worker-0/WARN] [net.minecraftforge.common.ForgeConfigSpec/CORE]: Incorrect key snowball was corrected from null to its default, SimpleCommentedConfig:{}. 
[01Sep2026 01:04:28.002] [modloading-worker-0/WARN] [net.minecraftforge.common.ForgeConfigSpec/CORE]: Incorrect key redstone.spring_launcher.enabled was corrected from null to its default, true. 
[01Sep2026 01:04:28.002] [modloading-worker-0/WARN] [net.minecraftforge.common.ForgeConfigSpec/CORE]: Incorrect key snowball.freeze_ticks was corrected from null to its default, 35. 
[01Sep2026 01:04:28.002] [modloading-worker-0/WARN] [net.minecraftforge.common.ForgeConfigSpec/CORE]: Incorrect key redstone.spring_launcher.velocity was corrected from null to its default, 1.5. 
[01Sep2026 01:04:28.002] [modloading-worker-0/WARN] [net.minecraftforge.common.ForgeConfigSpec/CORE]: Incorrect key redstone.spring_launcher.fall_height_required was corrected from null to its default, 5. 
[01Sep2026 01:04:28.002] [modloading-worker-0/WARN] [net.minecraftforge.common.ForgeConfigSpec/CORE]: Incorrect key redstone.enderman_head was corrected from null to its default, SimpleCommentedConfig:{}. 
[01Sep2026 01:04:28.002] [modloading-worker-0/WARN] [net.minecraftforge.common.ForgeConfigSpec/CORE]: Incorrect key redstone.enderman_head.enabled was corrected from null to its default, true. 
[01Sep2026 01:04:28.002] [modloading-worker-0/WARN] [net.minecraftforge.common.ForgeConfigSpec/CORE]: Incorrect key redstone.enderman_head.drop_head was corrected from null to its default, true. 
[01Sep2026 01:04:28.002] [modloading-worker-0/WARN] [net.minecraftforge.common.ForgeConfigSpec/CORE]: Incorrect key hanging_signs was corrected from null to its default, SimpleCommentedConfig:{}. 
[01Sep2026 01:04:28.002] [modloading-worker-0/WARN] [net.minecraftforge.common.ForgeConfigSpec/CORE]: Incorrect key redstone.enderman_head.ticks_to_increase_power was corrected from null to its default, 15. 
[01Sep2026 01:04:28.002] [modloading-worker-0/WARN] [net.minecraftforge.common.ForgeConfigSpec/CORE]: Incorrect key hanging_signs.items_on_signs was corrected from null to its default, true. 
[01Sep2026 01:04:28.003] [modloading-worker-0/WARN] [net.minecraftforge.common.ForgeConfigSpec/CORE]: Incorrect key redstone.enderman_head.work_from_any_side was corrected from null to its default, false. 
[01Sep2026 01:04:28.003] [modloading-worker-0/WARN] [net.minecraftforge.common.ForgeConfigSpec/CORE]: Incorrect key redstone.turn_table was corrected from null to its default, SimpleCommentedConfig:{}. 
[01Sep2026 01:04:28.003] [modloading-worker-0/WARN] [net.minecraftforge.common.ForgeConfigSpec/CORE]: Incorrect key cauldron was corrected from null to its default, SimpleCommentedConfig:{}. 
[01Sep2026 01:04:28.003] [modloading-worker-0/WARN] [net.minecraftforge.common.ForgeConfigSpec/CORE]: Incorrect key redstone.turn_table.enabled was corrected from null to its default, true. 
[01Sep2026 01:04:28.003] [modloading-worker-0/WARN] [net.minecraftforge.common.ForgeConfigSpec/CORE]: Incorrect key cauldron.enhanced_cauldron was corrected from null to its default, true. 
[01Sep2026 01:04:28.003] [modloading-worker-0/WARN] [net.minecraftforge.common.ForgeConfigSpec/CORE]: Incorrect key redstone.turn_table.rotate_entities was corrected from null to its default, true. 
[01Sep2026 01:04:28.003] [modloading-worker-0/WARN] [net.minecraftforge.common.ForgeConfigSpec/CORE]: Incorrect key cauldron.hand_crafting was corrected from null to its default, true. 
[01Sep2026 01:04:28.003] [modloading-worker-0/WARN] [net.minecraftforge.common.ForgeConfigSpec/CORE]: Incorrect key redstone.turn_table.shuffle_containers was corrected from null to its default, true. 
[01Sep2026 01:04:28.003] [modloading-worker-0/WARN] [net.minecraftforge.common.ForgeConfigSpec/CORE]: Incorrect key cauldron.in_world_crafting was corrected from null to its default, true. 
[01Sep2026 01:04:28.003] [modloading-worker-0/WARN] [net.minecraftforge.common.ForgeConfigSpec/CORE]: Incorrect key redstone.pulley_block was corrected from null to its default, SimpleCommentedConfig:{}. 
[01Sep2026 01:04:28.003] [modloading-worker-0/WARN] [net.minecraftforge.common.ForgeConfigSpec/CORE]: Incorrect key cauldron.dye_water was corrected from null to its default, true. 
[01Sep2026 01:04:28.003] [modloading-worker-0/WARN] [net.minecraftforge.common.ForgeConfigSpec/CORE]: Incorrect key redstone.pulley_block.enabled was corrected from null to its default, true. 
[01Sep2026 01:04:28.003] [modloading-worker-0/WARN] [net.minecraftforge.common.ForgeConfigSpec/CORE]: Incorrect key cauldron.dye_recipes_per_layer was corrected from null to its default, 4. 
[01Sep2026 01:04:28.004] [modloading-worker-0/WARN] [net.minecraftforge.common.ForgeConfigSpec/CORE]: Incorrect key redstone.pulley_block.mineshaft_elevator was corrected from null to its default, 0.035. 
[01Sep2026 01:04:28.004] [modloading-worker-0/WARN] [net.minecraftforge.common.ForgeConfigSpec/CORE]: Incorrect key cauldron.potion_recipes_per_layer was corrected from null to its default, 2. 
[01Sep2026 01:04:28.004] [modloading-worker-0/WARN] [net.minecraftforge.common.ForgeConfigSpec/CORE]: Incorrect key redstone.dispenser_minecart was corrected from null to its default, SimpleCommentedConfig:{}. 
[01Sep2026 01:04:28.004] [modloading-worker-0/WARN] [net.minecraftforge.common.ForgeConfigSpec/CORE]: Incorrect key cauldron.potions_mixing was corrected from null to its default, ON. 
[01Sep2026 01:04:28.004] [modloading-worker-0/WARN] [net.minecraftforge.common.ForgeConfigSpec/CORE]: Incorrect key redstone.dispenser_minecart.enabled was corrected from null to its default, true. 
[01Sep2026 01:04:28.004] [modloading-worker-0/WARN] [net.minecraftforge.common.ForgeConfigSpec/CORE]: Incorrect key cauldron.potion_mixing_limit was corrected from null to its default, 8. 
[01Sep2026 01:04:28.004] [modloading-worker-0/WARN] [net.minecraftforge.common.ForgeConfigSpec/CORE]: Incorrect key redstone.dispenser_minecart.adjust_projectile_angle was corrected from null to its default, true. 
[01Sep2026 01:04:28.004] [modloading-worker-0/WARN] [net.minecraftforge.common.ForgeConfigSpec/CORE]: Incorrect key redstone.faucet was corrected from null to its default, SimpleCommentedConfig:{}. 
[01Sep2026 01:04:28.004] [modloading-worker-0/WARN] [net.minecraftforge.common.ForgeConfigSpec/CORE]: Incorrect key redstone.faucet.enabled was corrected from null to its default, true. 
[01Sep2026 01:04:28.004] [modloading-worker-0/WARN] [net.minecraftforge.common.ForgeConfigSpec/CORE]: Incorrect key redstone.faucet.spill_items was corrected from null to its default, true. 
[01Sep2026 01:04:28.004] [modloading-worker-0/WARN] [net.minecraftforge.common.ForgeConfigSpec/CORE]: Incorrect key redstone.faucet.fill_entities_below was corrected from null to its default, false. 
[01Sep2026 01:04:28.004] [modloading-worker-0/WARN] [net.minecraftforge.common.ForgeConfigSpec/CORE]: Incorrect key redstone.crystal_display was corrected from null to its default, SimpleCommentedConfig:{}. 
[01Sep2026 01:04:28.004] [modloading-worker-0/WARN] [net.minecraftforge.common.ForgeConfigSpec/CORE]: Incorrect key redstone.crystal_display.enabled was corrected from null to its default, true. 
[01Sep2026 01:04:28.004] [modloading-worker-0/WARN] [net.minecraftforge.common.ForgeConfigSpec/CORE]: Incorrect key redstone.crystal_display.chaining was corrected from null to its default, true. 
[01Sep2026 01:04:28.005] [modloading-worker-0/WARN] [net.minecraftforge.common.ForgeConfigSpec/CORE]: Incorrect key redstone.wind_vane was corrected from null to its default, true. 
[01Sep2026 01:04:28.005] [modloading-worker-0/WARN] [net.minecraftforge.common.ForgeConfigSpec/CORE]: Incorrect key redstone.clock_block was corrected from null to its default, true. 
[01Sep2026 01:04:28.005] [modloading-worker-0/WARN] [net.minecraftforge.common.ForgeConfigSpec/CORE]: Incorrect key redstone.redstone_illuminator was corrected from null to its default, true. 
[01Sep2026 01:04:28.005] [modloading-worker-0/WARN] [net.minecraftforge.common.ForgeConfigSpec/CORE]: Incorrect key redstone.crank was corrected from null to its default, true. 
[01Sep2026 01:04:28.005] [modloading-worker-0/WARN] [net.minecraftforge.common.ForgeConfigSpec/CORE]: Incorrect key redstone.cog_block was corrected from null to its default, true. 
[01Sep2026 01:04:28.005] [modloading-worker-0/WARN] [net.minecraftforge.common.ForgeConfigSpec/CORE]: Incorrect key redstone.gold_door was corrected from null to its default, true. 
[01Sep2026 01:04:28.005] [modloading-worker-0/WARN] [net.minecraftforge.common.ForgeConfigSpec/CORE]: Incorrect key redstone.gold_trapdoor was corrected from null to its default, true. 
[01Sep2026 01:04:28.005] [modloading-worker-0/WARN] [net.minecraftforge.common.ForgeConfigSpec/CORE]: Incorrect key redstone.lock_block was corrected from null to its default, true. 
[01Sep2026 01:04:28.005] [modloading-worker-0/WARN] [net.minecraftforge.common.ForgeConfigSpec/CORE]: Incorrect key redstone.relayer was corrected from null to its default, true. 
[01Sep2026 01:04:28.006] [modloading-worker-0/WARN] [net.minecraftforge.common.ForgeConfigSpec/CORE]: Incorrect key functional was corrected from null to its default, SimpleCommentedConfig:{}. 
[01Sep2026 01:04:28.006] [modloading-worker-0/WARN] [net.minecraftforge.common.ForgeConfigSpec/CORE]: Incorrect key functional.rope was corrected from null to its default, SimpleCommentedConfig:{}. 
[01Sep2026 01:04:28.006] [modloading-worker-0/WARN] [net.minecraftforge.common.ForgeConfigSpec/CORE]: Incorrect key functional.rope.block_side_attachment was corrected from null to its default, true. 
[01Sep2026 01:04:28.007] [modloading-worker-0/WARN] [net.minecraftforge.common.ForgeConfigSpec/CORE]: Incorrect key functional.rope.slide_on_fall was corrected from null to its default, true. 
[01Sep2026 01:04:28.007] [modloading-worker-0/WARN] [net.minecraftforge.common.ForgeConfigSpec/CORE]: Incorrect key functional.rope.rope_override was corrected from null to its default, supplementaries:rope. 
[01Sep2026 01:04:28.007] [modloading-worker-0/WARN] [net.minecraftforge.common.ForgeConfigSpec/CORE]: Incorrect key functional.rope.horizontal_ropes was corrected from null to its default, true. 
[01Sep2026 01:04:28.007] [modloading-worker-0/WARN] [net.minecraftforge.common.ForgeConfigSpec/CORE]: Incorrect key functional.rope.replace_in_loot_tables was corrected from null to its default, NONE. 
[01Sep2026 01:04:28.007] [modloading-worker-0/WARN] [net.minecraftforge.common.ForgeConfigSpec/CORE]: Incorrect key functional.jar was corrected from null to its default, SimpleCommentedConfig:{}. 
[01Sep2026 01:04:28.007] [modloading-worker-0/WARN] [net.minecraftforge.common.ForgeConfigSpec/CORE]: Incorrect key functional.jar.enabled was corrected from null to its default, true. 
[01Sep2026 01:04:28.007] [modloading-worker-0/WARN] [net.minecraftforge.common.ForgeConfigSpec/CORE]: Incorrect key functional.jar.capacity was corrected from null to its default, 12. 
[01Sep2026 01:04:28.007] [modloading-worker-0/WARN] [net.minecraftforge.common.ForgeConfigSpec/CORE]: Incorrect key functional.jar.drink_from_jar was corrected from null to its default, false. 
[01Sep2026 01:04:28.007] [modloading-worker-0/WARN] [net.minecraftforge.common.ForgeConfigSpec/CORE]: Incorrect key functional.jar.drink_from_jar_item was corrected from null to its default, false. 
[01Sep2026 01:04:28.007] [modloading-worker-0/WARN] [net.minecraftforge.common.ForgeConfigSpec/CORE]: Incorrect key functional.jar.jar_auto_detect was corrected from null to its default, false. 
[01Sep2026 01:04:28.007] [modloading-worker-0/WARN] [net.minecraftforge.common.ForgeConfigSpec/CORE]: Incorrect key functional.jar.jar_capture was corrected from null to its default, true. 
[01Sep2026 01:04:28.007] [modloading-worker-0/WARN] [net.minecraftforge.common.ForgeConfigSpec/CORE]: Incorrect key functional.jar.jar_cookies was corrected from null to its default, true. 
[01Sep2026 01:04:28.008] [modloading-worker-0/WARN] [net.minecraftforge.common.ForgeConfigSpec/CORE]: Incorrect key functional.jar.jar_liquids was corrected from null to its default, true. 
[01Sep2026 01:04:28.008] [modloading-worker-0/WARN] [net.minecraftforge.common.ForgeConfigSpec/CORE]: Incorrect key functional.cage was corrected from null to its default, SimpleCommentedConfig:{}. 
[01Sep2026 01:04:28.008] [modloading-worker-0/WARN] [net.minecraftforge.common.ForgeConfigSpec/CORE]: Incorrect key functional.cage.enabled was corrected from null to its default, true. 
[01Sep2026 01:04:28.008] [modloading-worker-0/WARN] [net.minecraftforge.common.ForgeConfigSpec/CORE]: Incorrect key functional.cage.allow_all_mobs was corrected from null to its default, false. 
[01Sep2026 01:04:28.008] [modloading-worker-0/WARN] [net.minecraftforge.common.ForgeConfigSpec/CORE]: Incorrect key functional.cage.cage_allow_all_babies was corrected from null to its default, false. 
[01Sep2026 01:04:28.008] [modloading-worker-0/WARN] [net.minecraftforge.common.ForgeConfigSpec/CORE]: Incorrect key functional.cage.cage_auto_detect was corrected from null to its default, false. 
[01Sep2026 01:04:28.008] [modloading-worker-0/WARN] [net.minecraftforge.common.ForgeConfigSpec/CORE]: Incorrect key functional.cage.persistent_mobs was corrected from null to its default, false. 
[01Sep2026 01:04:28.008] [modloading-worker-0/WARN] [net.minecraftforge.common.ForgeConfigSpec/CORE]: Incorrect key functional.cage.health_threshold was corrected from null to its default, 100. 
[01Sep2026 01:04:28.008] [modloading-worker-0/WARN] [net.minecraftforge.common.ForgeConfigSpec/CORE]: Incorrect key functional.cage.require_taming was corrected from null to its default, true. 
[01Sep2026 01:04:28.008] [modloading-worker-0/WARN] [net.minecraftforge.common.ForgeConfigSpec/CORE]: Incorrect key functional.safe was corrected from null to its default, SimpleCommentedConfig:{}. 
[01Sep2026 01:04:28.008] [modloading-worker-0/WARN] [net.minecraftforge.common.ForgeConfigSpec/CORE]: Incorrect key functional.safe.enabled was corrected from null to its default, true. 
[01Sep2026 01:04:28.009] [modloading-worker-0/WARN] [net.minecraftforge.common.ForgeConfigSpec/CORE]: Incorrect key functional.safe.prevent_breaking was corrected from null to its default, false. 
[01Sep2026 01:04:28.009] [modloading-worker-0/WARN] [net.minecraftforge.common.ForgeConfigSpec/CORE]: Incorrect key functional.safe.simple_safes was corrected from null to its default, false. 
[01Sep2026 01:04:28.009] [modloading-worker-0/WARN] [net.minecraftforge.common.ForgeConfigSpec/CORE]: Incorrect key functional.sack was corrected from null to its default, SimpleCommentedConfig:{}. 
[01Sep2026 01:04:28.009] [modloading-worker-0/WARN] [net.minecraftforge.common.ForgeConfigSpec/CORE]: Incorrect key functional.sack.enabled was corrected from null to its default, true. 
[01Sep2026 01:04:28.009] [modloading-worker-0/WARN] [net.minecraftforge.common.ForgeConfigSpec/CORE]: Incorrect key functional.sack.sack_penalty was corrected from null to its default, true. 
[01Sep2026 01:04:28.009] [modloading-worker-0/WARN] [net.minecraftforge.common.ForgeConfigSpec/CORE]: Incorrect key functional.sack.sack_increment was corrected from null to its default, 2. 
[01Sep2026 01:04:28.009] [modloading-worker-0/WARN] [net.minecraftforge.common.ForgeConfigSpec/CORE]: Incorrect key functional.sack.slots was corrected from null to its default, 9. 
[01Sep2026 01:04:28.009] [modloading-worker-0/WARN] [net.minecraftforge.common.ForgeConfigSpec/CORE]: Incorrect key functional.bamboo_spikes was corrected from null to its default, SimpleCommentedConfig:{}. 
[01Sep2026 01:04:28.009] [modloading-worker-0/WARN] [net.minecraftforge.common.ForgeConfigSpec/CORE]: Incorrect key functional.bamboo_spikes.enabled was corrected from null to its default, true. 
[01Sep2026 01:04:28.009] [modloading-worker-0/WARN] [net.minecraftforge.common.ForgeConfigSpec/CORE]: Incorrect key functional.bamboo_spikes.tipped_spikes was corrected from null to its default, true. 
[01Sep2026 01:04:28.009] [modloading-worker-0/WARN] [net.minecraftforge.common.ForgeConfigSpec/CORE]: Incorrect key functional.bamboo_spikes.player_loot was corrected from null to its default, false. 
[01Sep2026 01:04:28.009] [modloading-worker-0/WARN] [net.minecraftforge.common.ForgeConfigSpec/CORE]: Incorrect key functional.bamboo_spikes.only_allow_harmful_effects was corrected from null to its default, true. 
[01Sep2026 01:04:28.009] [modloading-worker-0/WARN] [net.minecraftforge.common.ForgeConfigSpec/CORE]: Incorrect key functional.bamboo_spikes.populate_creative_tab was corrected from null to its default, true. 
[01Sep2026 01:04:28.009] [modloading-worker-0/WARN] [net.minecraftforge.common.ForgeConfigSpec/CORE]: Incorrect key functional.urn was corrected from null to its default, SimpleCommentedConfig:{}. 
[01Sep2026 01:04:28.009] [modloading-worker-0/WARN] [net.minecraftforge.common.ForgeConfigSpec/CORE]: Incorrect key functional.urn.enabled was corrected from null to its default, true. 
[01Sep2026 01:04:28.010] [modloading-worker-0/WARN] [net.minecraftforge.common.ForgeConfigSpec/CORE]: Incorrect key functional.urn.critter_spawn_chance was corrected from null to its default, 0.01. 
[01Sep2026 01:04:28.010] [modloading-worker-0/WARN] [net.minecraftforge.common.ForgeConfigSpec/CORE]: Incorrect key functional.urn.cave_urns was corrected from null to its default, true. 
[01Sep2026 01:04:28.010] [modloading-worker-0/WARN] [net.minecraftforge.common.ForgeConfigSpec/CORE]: Incorrect key functional.soap was corrected from null to its default, SimpleCommentedConfig:{}. 
[01Sep2026 01:04:28.010] [modloading-worker-0/WARN] [net.minecraftforge.common.ForgeConfigSpec/CORE]: Incorrect key functional.soap.enabled was corrected from null to its default, true. 
[01Sep2026 01:04:28.010] [modloading-worker-0/WARN] [net.minecraftforge.common.ForgeConfigSpec/CORE]: Incorrect key functional.soap.block_cleaning_enabled was corrected from null to its default, true. 
[01Sep2026 01:04:28.010] [modloading-worker-0/WARN] [net.minecraftforge.common.ForgeConfigSpec/CORE]: Incorrect key functional.soap.clean_blacklist was corrected from null to its default, [minecraft:glazed_terracotta, botania:mystical_flower, mna:chimerite_crystal, botania:floating_flower, ,minecraft:mushroom, botania:mushroom, botania:tall_mystical_flower, botania:petal_block, morered:network_cable, xycraft_world:glowing_shiny_aurey_block, xycraft_world:shiny_aurey_block, xycraft_world:rgb_lamp, xycraft_world:glowing_rgb_viewer, xycraft_world:glowing_matte_rgb_block, xycraft_world:rgb_lamp_pole]. 
[01Sep2026 01:04:28.012] [modloading-worker-0/WARN] [net.minecraftforge.common.ForgeConfigSpec/CORE]: Incorrect key cauldron.inverse_potions was corrected from null to its default, SimpleCommentedConfig:{minecraft:mining_fatigue=minecraft:haste, minecraft:instant_health=minecraft:instant_damage, minecraft:unluck=minecraft:luck, minecraft:instant_damage=minecraft:instant_health, minecraft:weakness=minecraft:strength, minecraft:slowness=minecraft:speed, minecraft:haste=minecraft:mining_fatigue, minecraft:strength=minecraft:weakness, minecraft:speed=minecraft:slowness, minecraft:luck=minecraft:unluck}. 
[01Sep2026 01:04:28.012] [modloading-worker-0/WARN] [net.minecraftforge.common.ForgeConfigSpec/CORE]: Incorrect key cauldron.connect_to_fences was corrected from null to its default, true. 
[01Sep2026 01:04:28.012] [modloading-worker-0/WARN] [net.minecraftforge.common.ForgeConfigSpec/CORE]: Incorrect key cauldron.consistent_lava_layers was corrected from null to its default, false. 
[01Sep2026 01:04:28.012] [modloading-worker-0/WARN] [net.minecraftforge.common.ForgeConfigSpec/CORE]: Incorrect key tripwire_hook was corrected from null to its default, SimpleCommentedConfig:{}. 
[01Sep2026 01:04:28.012] [modloading-worker-0/WARN] [net.minecraftforge.common.ForgeConfigSpec/CORE]: Incorrect key tripwire_hook.tool_hook was corrected from null to its default, true. 
[01Sep2026 01:04:28.012] [modloading-worker-0/WARN] [net.minecraftforge.common.ForgeConfigSpec/CORE]: Incorrect key carpets was corrected from null to its default, SimpleCommentedConfig:{}. 
[01Sep2026 01:04:28.013] [modloading-worker-0/WARN] [net.minecraftforge.common.ForgeConfigSpec/CORE]: Incorrect key carpets.carpeted_stairs was corrected from null to its default, true. 
[01Sep2026 01:04:28.013] [modloading-worker-0/WARN] [net.minecraftforge.common.ForgeConfigSpec/CORE]: Incorrect key carpets.carpeted_slabs was corrected from null to its default, true. 
[01Sep2026 01:04:28.013] [modloading-worker-0/WARN] [net.minecraftforge.common.ForgeConfigSpec/CORE]: Incorrect key functional.soap.special_blocks was corrected from null to its default, SimpleCommentedConfig:{quark:dirty_glass_pane=minecraft:glass_pane, quark:dirty_glass=minecraft:glass, #alexscaves:cave_paintings=alexscaves:smooth_limestone}. 
[01Sep2026 01:04:28.013] [modloading-worker-0/WARN] [net.minecraftforge.common.ForgeConfigSpec/CORE]: Incorrect key functional.cannon was corrected from null to its default, SimpleCommentedConfig:{}. 
[01Sep2026 01:04:28.013] [modloading-worker-0/WARN] [net.minecraftforge.common.ForgeConfigSpec/CORE]: Incorrect key functional.cannon.enabled was corrected from null to its default, true. 
[01Sep2026 01:04:28.013] [modloading-worker-0/WARN] [net.minecraftforge.common.ForgeConfigSpec/CORE]: Incorrect key functional.cannon.explode_tnt was corrected from null to its default, IGNITE. 
[01Sep2026 01:04:28.013] [modloading-worker-0/WARN] [net.minecraftforge.common.ForgeConfigSpec/CORE]: Incorrect key cake was corrected from null to its default, SimpleCommentedConfig:{}. 
[01Sep2026 01:04:28.013] [modloading-worker-0/WARN] [net.minecraftforge.common.ForgeConfigSpec/CORE]: Incorrect key functional.cannon.fire_power was corrected from null to its default, 0.6. 
[01Sep2026 01:04:28.014] [modloading-worker-0/WARN] [net.minecraftforge.common.ForgeConfigSpec/CORE]: Incorrect key cake.double_cake was corrected from null to its default, true. 
[01Sep2026 01:04:28.014] [modloading-worker-0/WARN] [net.minecraftforge.common.ForgeConfigSpec/CORE]: Incorrect key functional.cannon.fuse_time was corrected from null to its default, 40. 
[01Sep2026 01:04:28.014] [modloading-worker-0/WARN] [net.minecraftforge.common.ForgeConfigSpec/CORE]: Incorrect key functional.cannon.cooldown was corrected from null to its default, 60. 
[01Sep2026 01:04:28.014] [modloading-worker-0/WARN] [net.minecraftforge.common.ForgeConfigSpec/CORE]: Incorrect key functional.cannon.cannonball was corrected from null to its default, SimpleCommentedConfig:{}. 
[01Sep2026 01:04:28.014] [modloading-worker-0/WARN] [net.minecraftforge.common.ForgeConfigSpec/CORE]: Incorrect key functional.cannon.cannonball.enabled was corrected from null to its default, true. 
[01Sep2026 01:04:28.014] [modloading-worker-0/WARN] [net.minecraftforge.common.ForgeConfigSpec/CORE]: Incorrect key cake.directional_cake was corrected from null to its default, true. 
[01Sep2026 01:04:28.014] [modloading-worker-0/WARN] [net.minecraftforge.common.ForgeConfigSpec/CORE]: Incorrect key functional.cannon.cannonball.power_scaling was corrected from null to its default, 3.5. 
[01Sep2026 01:04:28.014] [modloading-worker-0/WARN] [net.minecraftforge.common.ForgeConfigSpec/CORE]: Incorrect key mob_head was corrected from null to its default, SimpleCommentedConfig:{}. 
[01Sep2026 01:04:28.014] [modloading-worker-0/WARN] [net.minecraftforge.common.ForgeConfigSpec/CORE]: Incorrect key functional.cannon.cannonball.break_radius was corrected from null to its default, 1.1. 
[01Sep2026 01:04:28.018] [modloading-worker-0/WARN] [net.minecraftforge.common.ForgeConfigSpec/CORE]: Incorrect key mob_head.skull_piles was corrected from null to its default, true. 
[01Sep2026 01:04:28.018] [modloading-worker-0/WARN] [net.minecraftforge.common.ForgeConfigSpec/CORE]: Incorrect key mob_head.skull_candles was corrected from null to its default, true. 
[01Sep2026 01:04:28.018] [modloading-worker-0/WARN] [net.minecraftforge.common.ForgeConfigSpec/CORE]: Incorrect key mob_head.multiple_candles was corrected from null to its default, true. 
[01Sep2026 01:04:28.018] [modloading-worker-0/WARN] [net.minecraftforge.common.ForgeConfigSpec/CORE]: Incorrect key functional.cannon.music_disc_heave_ho was corrected from null to its default, true. 
[01Sep2026 01:04:28.018] [modloading-worker-0/WARN] [net.minecraftforge.common.ForgeConfigSpec/CORE]: Incorrect key functional.present was corrected from null to its default, SimpleCommentedConfig:{}. 
[01Sep2026 01:04:28.018] [modloading-worker-0/WARN] [net.minecraftforge.common.ForgeConfigSpec/CORE]: Incorrect key functional.present.enabled was corrected from null to its default, true. 
[01Sep2026 01:04:28.018] [modloading-worker-0/WARN] [net.minecraftforge.common.ForgeConfigSpec/CORE]: Incorrect key flower_pot was corrected from null to its default, SimpleCommentedConfig:{}. 
[01Sep2026 01:04:28.018] [modloading-worker-0/WARN] [net.minecraftforge.common.ForgeConfigSpec/CORE]: Incorrect key functional.present.trapped_present was corrected from null to its default, true. 
[01Sep2026 01:04:28.018] [modloading-worker-0/WARN] [net.minecraftforge.common.ForgeConfigSpec/CORE]: Incorrect key flower_pot.hanging_pot was corrected from null to its default, true. 
[01Sep2026 01:04:28.018] [modloading-worker-0/WARN] [net.minecraftforge.common.ForgeConfigSpec/CORE]: Incorrect key functional.flax was corrected from null to its default, SimpleCommentedConfig:{}. 
[01Sep2026 01:04:28.018] [modloading-worker-0/WARN] [net.minecraftforge.common.ForgeConfigSpec/CORE]: Incorrect key functional.flax.enabled was corrected from null to its default, true. 
[01Sep2026 01:04:28.018] [modloading-worker-0/WARN] [net.minecraftforge.common.ForgeConfigSpec/CORE]: Incorrect key functional.flax.wild_flax was corrected from null to its default, true. 
[01Sep2026 01:04:28.018] [modloading-worker-0/WARN] [net.minecraftforge.common.ForgeConfigSpec/CORE]: Incorrect key functional.lumisene was corrected from null to its default, SimpleCommentedConfig:{}. 
[01Sep2026 01:04:28.018] [modloading-worker-0/WARN] [net.minecraftforge.common.ForgeConfigSpec/CORE]: Incorrect key lantern was corrected from null to its default, SimpleCommentedConfig:{}. 
[01Sep2026 01:04:28.019] [modloading-worker-0/WARN] [net.minecraftforge.common.ForgeConfigSpec/CORE]: Incorrect key lantern.wall_lanterns was corrected from null to its default, true. 
[01Sep2026 01:04:28.019] [modloading-worker-0/WARN] [net.minecraftforge.common.ForgeConfigSpec/CORE]: Incorrect key lantern.high_priority was corrected from null to its default, true. 
[01Sep2026 01:04:28.018] [modloading-worker-0/WARN] [net.minecraftforge.common.ForgeConfigSpec/CORE]: Incorrect key functional.lumisene.enabled was corrected from null to its default, true. 
[01Sep2026 01:04:28.019] [modloading-worker-0/WARN] [net.minecraftforge.common.ForgeConfigSpec/CORE]: Incorrect key functional.lumisene.lumisene_bottle was corrected from null to its default, SimpleCommentedConfig:{}. 
[01Sep2026 01:04:28.019] [modloading-worker-0/WARN] [net.minecraftforge.common.ForgeConfigSpec/CORE]: Incorrect key lantern.mod_blacklist was corrected from null to its default, [bbb, extlights, betterendforge, spelunkery, galosphere, tconstruct, enigmaticlegacy, beautify, candlelight]. 
[01Sep2026 01:04:28.019] [modloading-worker-0/WARN] [net.minecraftforge.common.ForgeConfigSpec/CORE]: Incorrect key functional.lumisene.lumisene_bottle.enabled was corrected from null to its default, true. 
[01Sep2026 01:04:28.019] [modloading-worker-0/WARN] [net.minecraftforge.common.ForgeConfigSpec/CORE]: Incorrect key lantern.id_whitelist was corrected from null to its default, [enlightened_end:xenon_lantern]. 
[01Sep2026 01:04:28.019] [modloading-worker-0/WARN] [net.minecraftforge.common.ForgeConfigSpec/CORE]: Incorrect key functional.lumisene.lumisene_bottle.flammable_duration was corrected from null to its default, 300. 
[01Sep2026 01:04:28.019] [modloading-worker-0/WARN] [net.minecraftforge.common.ForgeConfigSpec/CORE]: Incorrect key lantern.falling_lanterns was corrected from null to its default, ON. 
[01Sep2026 01:04:28.019] [modloading-worker-0/WARN] [net.minecraftforge.common.ForgeConfigSpec/CORE]: Incorrect key functional.lumisene.lumisene_bottle.glowing_duration was corrected from null to its default, 200. 
[01Sep2026 01:04:28.019] [modloading-worker-0/WARN] [net.minecraftforge.common.ForgeConfigSpec/CORE]: Incorrect key functional.lumisene.flammable_from_lumisene_block_duration was corrected from null to its default, 50. 
[01Sep2026 01:04:28.019] [modloading-worker-0/WARN] [net.minecraftforge.common.ForgeConfigSpec/CORE]: Incorrect key functional.fodder was corrected from null to its default, true. 
[01Sep2026 01:04:28.019] [modloading-worker-0/WARN] [net.minecraftforge.common.ForgeConfigSpec/CORE]: Incorrect key functional.hourglass was corrected from null to its default, true. 
[01Sep2026 01:04:28.019] [modloading-worker-0/WARN] [net.minecraftforge.common.ForgeConfigSpec/CORE]: Incorrect key bell was corrected from null to its default, SimpleCommentedConfig:{}. 
[01Sep2026 01:04:28.019] [modloading-worker-0/WARN] [net.minecraftforge.common.ForgeConfigSpec/CORE]: Incorrect key bell.chain_ringing was corrected from null to its default, true. 
[01Sep2026 01:04:28.020] [modloading-worker-0/WARN] [net.minecraftforge.common.ForgeConfigSpec/CORE]: Incorrect key bell.chain_length was corrected from null to its default, 16. 
[01Sep2026 01:04:28.020] [modloading-worker-0/WARN] [net.minecraftforge.common.ForgeConfigSpec/CORE]: Incorrect key banners was corrected from null to its default, SimpleCommentedConfig:{}. 
[01Sep2026 01:04:28.020] [modloading-worker-0/WARN] [net.minecraftforge.common.ForgeConfigSpec/CORE]: Incorrect key banners.ceiling_banners was corrected from null to its default, true. 
[01Sep2026 01:04:28.020] [modloading-worker-0/WARN] [net.minecraftforge.common.ForgeConfigSpec/CORE]: Incorrect key misc was corrected from null to its default, SimpleCommentedConfig:{}. 
[01Sep2026 01:04:28.020] [modloading-worker-0/WARN] [net.minecraftforge.common.ForgeConfigSpec/CORE]: Incorrect key misc.dye_blocks was corrected from null to its default, false. 
[01Sep2026 01:04:28.021] [modloading-worker-0/WARN] [net.minecraftforge.common.ForgeConfigSpec/CORE]: Incorrect key building was corrected from null to its default, SimpleCommentedConfig:{}. 
[01Sep2026 01:04:28.021] [modloading-worker-0/WARN] [net.minecraftforge.common.ForgeConfigSpec/CORE]: Incorrect key building.blackboard was corrected from null to its default, SimpleCommentedConfig:{}. 
[01Sep2026 01:04:28.021] [modloading-worker-0/WARN] [net.minecraftforge.common.ForgeConfigSpec/CORE]: Incorrect key building.blackboard.enabled was corrected from null to its default, true. 
[01Sep2026 01:04:28.021] [modloading-worker-0/WARN] [net.minecraftforge.common.ForgeConfigSpec/CORE]: Incorrect key building.blackboard.colored_blackboard was corrected from null to its default, false. 
[01Sep2026 01:04:28.021] [modloading-worker-0/WARN] [net.minecraftforge.common.ForgeConfigSpec/CORE]: Incorrect key building.blackboard.interaction_mode was corrected from null to its default, BOTH. 
[01Sep2026 01:04:28.021] [modloading-worker-0/WARN] [net.minecraftforge.common.ForgeConfigSpec/CORE]: Incorrect key building.gravel_bricks was corrected from null to its default, SimpleCommentedConfig:{}. 
[01Sep2026 01:04:28.022] [modloading-worker-0/WARN] [net.minecraftforge.common.ForgeConfigSpec/CORE]: Incorrect key building.gravel_bricks.enabled was corrected from null to its default, true. 
[01Sep2026 01:04:28.022] [modloading-worker-0/WARN] [net.minecraftforge.common.ForgeConfigSpec/CORE]: Incorrect key building.slidy_block was corrected from null to its default, SimpleCommentedConfig:{}. 
[01Sep2026 01:04:28.022] [modloading-worker-0/WARN] [net.minecraftforge.common.ForgeConfigSpec/CORE]: Incorrect key building.slidy_block.enabled was corrected from null to its default, true. 
[01Sep2026 01:04:28.022] [modloading-worker-0/WARN] [net.minecraftforge.common.ForgeConfigSpec/CORE]: Incorrect key building.slidy_block.speed was corrected from null to its default, 0.125. 
[01Sep2026 01:04:28.022] [modloading-worker-0/WARN] [net.minecraftforge.common.ForgeConfigSpec/CORE]: Incorrect key building.timber_frame was corrected from null to its default, SimpleCommentedConfig:{}. 
[01Sep2026 01:04:28.022] [modloading-worker-0/WARN] [net.minecraftforge.common.ForgeConfigSpec/CORE]: Incorrect key building.timber_frame.enabled was corrected from null to its default, true. 
[01Sep2026 01:04:28.022] [modloading-worker-0/WARN] [net.minecraftforge.common.ForgeConfigSpec/CORE]: Incorrect key building.timber_frame.swap_on_shift was corrected from null to its default, false. 
[01Sep2026 01:04:28.022] [modloading-worker-0/WARN] [net.minecraftforge.common.ForgeConfigSpec/CORE]: Incorrect key building.timber_frame.axes_strip was corrected from null to its default, true. 
[01Sep2026 01:04:28.022] [modloading-worker-0/WARN] [net.minecraftforge.common.ForgeConfigSpec/CORE]: Incorrect key building.timber_frame.replace_daub was corrected from null to its default, true. 
[01Sep2026 01:04:28.022] [modloading-worker-0/WARN] [net.minecraftforge.common.ForgeConfigSpec/CORE]: Incorrect key building.iron_gate was corrected from null to its default, SimpleCommentedConfig:{}. 
[01Sep2026 01:04:28.023] [modloading-worker-0/WARN] [net.minecraftforge.common.ForgeConfigSpec/CORE]: Incorrect key building.iron_gate.enabled was corrected from null to its default, true. 
[01Sep2026 01:04:28.023] [modloading-worker-0/WARN] [net.minecraftforge.common.ForgeConfigSpec/CORE]: Incorrect key building.iron_gate.double_opening was corrected from null to its default, true. 
[01Sep2026 01:04:28.023] [modloading-worker-0/WARN] [net.minecraftforge.common.ForgeConfigSpec/CORE]: Incorrect key building.iron_gate.door-like_gates was corrected from null to its default, false. 
[01Sep2026 01:04:28.023] [modloading-worker-0/WARN] [net.minecraftforge.common.ForgeConfigSpec/CORE]: Incorrect key building.item_shelf was corrected from null to its default, SimpleCommentedConfig:{}. 
[01Sep2026 01:04:28.023] [modloading-worker-0/WARN] [net.minecraftforge.common.ForgeConfigSpec/CORE]: Incorrect key building.item_shelf.enabled was corrected from null to its default, true. 
[01Sep2026 01:04:28.023] [modloading-worker-0/WARN] [net.minecraftforge.common.ForgeConfigSpec/CORE]: Incorrect key building.item_shelf.climbable_shelves was corrected from null to its default, false. 
[01Sep2026 01:04:28.023] [modloading-worker-0/WARN] [net.minecraftforge.common.ForgeConfigSpec/CORE]: Incorrect key building.sugar_cube was corrected from null to its default, SimpleCommentedConfig:{}. 
[01Sep2026 01:04:28.023] [modloading-worker-0/WARN] [net.minecraftforge.common.ForgeConfigSpec/CORE]: Incorrect key building.sugar_cube.enabled was corrected from null to its default, true. 
[01Sep2026 01:04:28.023] [modloading-worker-0/WARN] [net.minecraftforge.common.ForgeConfigSpec/CORE]: Incorrect key building.sugar_cube.dissolve_in_rain was corrected from null to its default, true. 
[01Sep2026 01:04:28.023] [modloading-worker-0/WARN] [net.minecraftforge.common.ForgeConfigSpec/CORE]: Incorrect key torch was corrected from null to its default, SimpleCommentedConfig:{}. 
[01Sep2026 01:04:28.023] [modloading-worker-0/WARN] [net.minecraftforge.common.ForgeConfigSpec/CORE]: Incorrect key building.sugar_cube.horse_speed_duration was corrected from null to its default, 10. 
[01Sep2026 01:04:28.023] [modloading-worker-0/WARN] [net.minecraftforge.common.ForgeConfigSpec/CORE]: Incorrect key torch.torch_fire was corrected from null to its default, true. 
[01Sep2026 01:04:28.023] [modloading-worker-0/WARN] [net.minecraftforge.common.ForgeConfigSpec/CORE]: Incorrect key torch.torch_fire_offhand was corrected from null to its default, false. 
[01Sep2026 01:04:28.023] [modloading-worker-0/WARN] [net.minecraftforge.common.ForgeConfigSpec/CORE]: Incorrect key building.planter was corrected from null to its default, SimpleCommentedConfig:{}. 
[01Sep2026 01:04:28.023] [modloading-worker-0/WARN] [net.minecraftforge.common.ForgeConfigSpec/CORE]: Incorrect key torch.torch_fire_duration was corrected from null to its default, 2. 
[01Sep2026 01:04:28.023] [modloading-worker-0/WARN] [net.minecraftforge.common.ForgeConfigSpec/CORE]: Incorrect key building.planter.enabled was corrected from null to its default, true. 
[01Sep2026 01:04:28.023] [modloading-worker-0/WARN] [net.minecraftforge.common.ForgeConfigSpec/CORE]: Incorrect key building.planter.broken_by_sapling was corrected from null to its default, false. 
[01Sep2026 01:04:28.023] [modloading-worker-0/WARN] [net.minecraftforge.common.ForgeConfigSpec/CORE]: Incorrect key building.planter.rich_soil_planter was corrected from null to its default, true. 
[01Sep2026 01:04:28.023] [modloading-worker-0/WARN] [net.minecraftforge.common.ForgeConfigSpec/CORE]: Incorrect key lily_pad was corrected from null to its default, SimpleCommentedConfig:{}. 
[01Sep2026 01:04:28.024] [modloading-worker-0/WARN] [net.minecraftforge.common.ForgeConfigSpec/CORE]: Incorrect key lily_pad.better_lilypads was corrected from null to its default, true. 
[01Sep2026 01:04:28.024] [modloading-worker-0/WARN] [net.minecraftforge.common.ForgeConfigSpec/CORE]: Incorrect key building.notice_board was corrected from null to its default, SimpleCommentedConfig:{}. 
[01Sep2026 01:04:28.024] [modloading-worker-0/WARN] [net.minecraftforge.common.ForgeConfigSpec/CORE]: Incorrect key building.notice_board.enabled was corrected from null to its default, true. 
[01Sep2026 01:04:28.024] [modloading-worker-0/WARN] [net.minecraftforge.common.ForgeConfigSpec/CORE]: Incorrect key building.notice_board.allow_any_item was corrected from null to its default, false. 
[01Sep2026 01:04:28.024] [modloading-worker-0/WARN] [net.minecraftforge.common.ForgeConfigSpec/CORE]: Incorrect key building.notice_board.gui was corrected from null to its default, true. 
[01Sep2026 01:04:28.024] [modloading-worker-0/WARN] [net.minecraftforge.common.ForgeConfigSpec/CORE]: Incorrect key building.pedestal was corrected from null to its default, SimpleCommentedConfig:{}. 
[01Sep2026 01:04:28.024] [modloading-worker-0/WARN] [net.minecraftforge.common.ForgeConfigSpec/CORE]: Incorrect key building.pedestal.enabled was corrected from null to its default, true. 
[01Sep2026 01:04:28.024] [modloading-worker-0/WARN] [net.minecraftforge.common.ForgeConfigSpec/CORE]: Incorrect key building.pedestal.crystal_enchanting was corrected from null to its default, 3.0. 
[01Sep2026 01:04:28.024] [modloading-worker-0/WARN] [net.minecraftforge.common.ForgeConfigSpec/CORE]: Incorrect key building.ash was corrected from null to its default, SimpleCommentedConfig:{}. 
[01Sep2026 01:04:28.024] [modloading-worker-0/WARN] [net.minecraftforge.common.ForgeConfigSpec/CORE]: Incorrect key building.ash.enabled was corrected from null to its default, true. 
[01Sep2026 01:04:28.024] [modloading-worker-0/WARN] [net.minecraftforge.common.ForgeConfigSpec/CORE]: Incorrect key building.ash.ash_from_fire_chance was corrected from null to its default, 1.0. 
[01Sep2026 01:04:28.025] [modloading-worker-0/WARN] [net.minecraftforge.common.ForgeConfigSpec/CORE]: Incorrect key building.ash.ash_from_burning_mobs was corrected from null to its default, true. 
[01Sep2026 01:04:28.025] [modloading-worker-0/WARN] [net.minecraftforge.common.ForgeConfigSpec/CORE]: Incorrect key building.ash.rain_wash_ash was corrected from null to its default, true. 
[01Sep2026 01:04:28.025] [modloading-worker-0/WARN] [net.minecraftforge.common.ForgeConfigSpec/CORE]: Incorrect key building.ash.basalt_ash was corrected from null to its default, true. 
[01Sep2026 01:04:28.025] [modloading-worker-0/WARN] [net.minecraftforge.common.ForgeConfigSpec/CORE]: Incorrect key building.flag was corrected from null to its default, SimpleCommentedConfig:{}. 
[01Sep2026 01:04:28.025] [modloading-worker-0/WARN] [net.minecraftforge.common.ForgeConfigSpec/CORE]: Incorrect key building.flag.enabled was corrected from null to its default, true. 
[01Sep2026 01:04:28.025] [modloading-worker-0/WARN] [net.minecraftforge.common.ForgeConfigSpec/CORE]: Incorrect key building.flag.stick_pole was corrected from null to its default, true. 
[01Sep2026 01:04:28.025] [modloading-worker-0/WARN] [net.minecraftforge.common.ForgeConfigSpec/CORE]: Incorrect key building.flag.pole_length was corrected from null to its default, 16. 
[01Sep2026 01:04:28.025] [modloading-worker-0/WARN] [net.minecraftforge.common.ForgeConfigSpec/CORE]: Incorrect key building.goblet was corrected from null to its default, SimpleCommentedConfig:{}. 
[01Sep2026 01:04:28.025] [modloading-worker-0/WARN] [net.minecraftforge.common.ForgeConfigSpec/CORE]: Incorrect key building.goblet.enabled was corrected from null to its default, true. 
[01Sep2026 01:04:28.025] [modloading-worker-0/WARN] [net.minecraftforge.common.ForgeConfigSpec/CORE]: Incorrect key building.goblet.allow_drinking was corrected from null to its default, true. 
[01Sep2026 01:04:28.025] [modloading-worker-0/WARN] [net.minecraftforge.common.ForgeConfigSpec/CORE]: Incorrect key building.globe was corrected from null to its default, SimpleCommentedConfig:{}. 
[01Sep2026 01:04:28.025] [modloading-worker-0/WARN] [net.minecraftforge.common.ForgeConfigSpec/CORE]: Incorrect key building.globe.enabled was corrected from null to its default, true. 
[01Sep2026 01:04:28.025] [modloading-worker-0/WARN] [net.minecraftforge.common.ForgeConfigSpec/CORE]: Incorrect key building.globe.sepia_globe was corrected from null to its default, true. 
[01Sep2026 01:04:28.025] [modloading-worker-0/WARN] [net.minecraftforge.common.ForgeConfigSpec/CORE]: Incorrect key building.sign_post was corrected from null to its default, SimpleCommentedConfig:{}. 
[01Sep2026 01:04:28.026] [modloading-worker-0/WARN] [net.minecraftforge.common.ForgeConfigSpec/CORE]: Incorrect key building.sign_post.enabled was corrected from null to its default, true. 
[01Sep2026 01:04:28.026] [modloading-worker-0/WARN] [net.minecraftforge.common.ForgeConfigSpec/CORE]: Incorrect key building.sign_post.way_sign was corrected from null to its default, SimpleCommentedConfig:{}. 
[01Sep2026 01:04:28.026] [modloading-worker-0/WARN] [net.minecraftforge.common.ForgeConfigSpec/CORE]: Incorrect key building.sign_post.way_sign.enabled was corrected from null to its default, true. 
[01Sep2026 01:04:28.026] [modloading-worker-0/WARN] [net.minecraftforge.common.ForgeConfigSpec/CORE]: Incorrect key building.sign_post.way_sign.show_distance_text was corrected from null to its default, true. 
[01Sep2026 01:04:28.026] [modloading-worker-0/WARN] [net.minecraftforge.common.ForgeConfigSpec/CORE]: Incorrect key building.daub was corrected from null to its default, SimpleCommentedConfig:{}. 
[01Sep2026 01:04:28.026] [modloading-worker-0/WARN] [net.minecraftforge.common.ForgeConfigSpec/CORE]: Incorrect key building.daub.enabled was corrected from null to its default, true. 
[01Sep2026 01:04:28.026] [modloading-worker-0/WARN] [net.minecraftforge.common.ForgeConfigSpec/CORE]: Incorrect key building.daub.wattle_and_daub was corrected from null to its default, true. 
[01Sep2026 01:04:28.026] [modloading-worker-0/WARN] [net.minecraftforge.common.ForgeConfigSpec/CORE]: Incorrect key building.ash_bricks was corrected from null to its default, SimpleCommentedConfig:{}. 
[01Sep2026 01:04:28.026] [modloading-worker-0/WARN] [net.minecraftforge.common.ForgeConfigSpec/CORE]: Incorrect key building.ash_bricks.enabled was corrected from null to its default, true. 
[01Sep2026 01:04:28.027] [modloading-worker-0/WARN] [net.minecraftforge.common.ForgeConfigSpec/CORE]: Incorrect key building.hat_stand was corrected from null to its default, SimpleCommentedConfig:{}. 
[01Sep2026 01:04:28.027] [modloading-worker-0/WARN] [net.minecraftforge.common.ForgeConfigSpec/CORE]: Incorrect key building.hat_stand.enabled was corrected from null to its default, true. 
[01Sep2026 01:04:28.027] [modloading-worker-0/WARN] [net.minecraftforge.common.ForgeConfigSpec/CORE]: Incorrect key building.hat_stand.unrestricted was corrected from null to its default, false. 
[01Sep2026 01:04:28.027] [modloading-worker-0/WARN] [net.minecraftforge.common.ForgeConfigSpec/CORE]: Incorrect key building.awning was corrected from null to its default, SimpleCommentedConfig:{}. 
[01Sep2026 01:04:28.027] [modloading-worker-0/WARN] [net.minecraftforge.common.ForgeConfigSpec/CORE]: Incorrect key building.awning.enabled was corrected from null to its default, true. 
[01Sep2026 01:04:28.027] [modloading-worker-0/WARN] [net.minecraftforge.common.ForgeConfigSpec/CORE]: Incorrect key building.awning.slant was corrected from null to its default, true. 
[01Sep2026 01:04:28.027] [modloading-worker-0/WARN] [net.minecraftforge.common.ForgeConfigSpec/CORE]: Incorrect key building.awning.shift_through was corrected from null to its default, true. 
[01Sep2026 01:04:28.027] [modloading-worker-0/WARN] [net.minecraftforge.common.ForgeConfigSpec/CORE]: Incorrect key building.awning.angle was corrected from null to its default, 69.44395478041653. 
[01Sep2026 01:04:28.027] [modloading-worker-0/WARN] [net.minecraftforge.common.ForgeConfigSpec/CORE]: Incorrect key building.flower_box was corrected from null to its default, SimpleCommentedConfig:{}. 
[01Sep2026 01:04:28.027] [modloading-worker-0/WARN] [net.minecraftforge.common.ForgeConfigSpec/CORE]: Incorrect key building.flower_box.enabled was corrected from null to its default, true. 
[01Sep2026 01:04:28.027] [modloading-worker-0/WARN] [net.minecraftforge.common.ForgeConfigSpec/CORE]: Incorrect key building.flower_box.simple_mode was corrected from null to its default, true. 
[01Sep2026 01:04:28.027] [modloading-worker-0/WARN] [net.minecraftforge.common.ForgeConfigSpec/CORE]: Incorrect key building.netherite_doors was corrected from null to its default, SimpleCommentedConfig:{}. 
[01Sep2026 01:04:28.027] [modloading-worker-0/WARN] [net.minecraftforge.common.ForgeConfigSpec/CORE]: Incorrect key building.netherite_doors.door was corrected from null to its default, true. 
[01Sep2026 01:04:28.027] [modloading-worker-0/WARN] [net.minecraftforge.common.ForgeConfigSpec/CORE]: Incorrect key building.netherite_doors.trapdoor was corrected from null to its default, true. 
[01Sep2026 01:04:28.027] [modloading-worker-0/WARN] [net.minecraftforge.common.ForgeConfigSpec/CORE]: Incorrect key building.lapis_bricks was corrected from null to its default, true. 
[01Sep2026 01:04:28.028] [modloading-worker-0/WARN] [net.minecraftforge.common.ForgeConfigSpec/CORE]: Incorrect key building.deepslate_lamp was corrected from null to its default, true. 
[01Sep2026 01:04:28.028] [modloading-worker-0/WARN] [net.minecraftforge.common.ForgeConfigSpec/CORE]: Incorrect key building.end_stone_lamp was corrected from null to its default, true. 
[01Sep2026 01:04:28.028] [modloading-worker-0/WARN] [net.minecraftforge.common.ForgeConfigSpec/CORE]: Incorrect key building.blackstone_lamp was corrected from null to its default, true. 
[01Sep2026 01:04:28.028] [modloading-worker-0/WARN] [net.minecraftforge.common.ForgeConfigSpec/CORE]: Incorrect key building.stone_lamp was corrected from null to its default, true. 
[01Sep2026 01:04:28.028] [modloading-worker-0/WARN] [net.minecraftforge.common.ForgeConfigSpec/CORE]: Incorrect key building.stone_tile was corrected from null to its default, true. 
[01Sep2026 01:04:28.028] [modloading-worker-0/WARN] [net.minecraftforge.common.ForgeConfigSpec/CORE]: Incorrect key building.blackstone_tile was corrected from null to its default, true. 
[01Sep2026 01:04:28.028] [modloading-worker-0/WARN] [net.minecraftforge.common.ForgeConfigSpec/CORE]: Incorrect key building.bunting was corrected from null to its default, true. 
[01Sep2026 01:04:28.028] [modloading-worker-0/WARN] [net.minecraftforge.common.ForgeConfigSpec/CORE]: Incorrect key building.sconce was corrected from null to its default, true. 
[01Sep2026 01:04:28.028] [modloading-worker-0/WARN] [net.minecraftforge.common.ForgeConfigSpec/CORE]: Incorrect key building.sconce_lever was corrected from null to its default, true. 
[01Sep2026 01:04:28.028] [modloading-worker-0/WARN] [net.minecraftforge.common.ForgeConfigSpec/CORE]: Incorrect key building.pancake was corrected from null to its default, true. 
[01Sep2026 01:04:28.028] [modloading-worker-0/WARN] [net.minecraftforge.common.ForgeConfigSpec/CORE]: Incorrect key building.checker_block was corrected from null to its default, true. 
[01Sep2026 01:04:28.028] [modloading-worker-0/WARN] [net.minecraftforge.common.ForgeConfigSpec/CORE]: Incorrect key building.raked_gravel was corrected from null to its default, true. 
[01Sep2026 01:04:28.028] [modloading-worker-0/WARN] [net.minecraftforge.common.ForgeConfigSpec/CORE]: Incorrect key building.feather_block was corrected from null to its default, true. 
[01Sep2026 01:04:28.028] [modloading-worker-0/WARN] [net.minecraftforge.common.ForgeConfigSpec/CORE]: Incorrect key building.statue was corrected from null to its default, true. 
[01Sep2026 01:04:28.028] [modloading-worker-0/WARN] [net.minecraftforge.common.ForgeConfigSpec/CORE]: Incorrect key building.doormat was corrected from null to its default, true. 
[01Sep2026 01:04:28.028] [modloading-worker-0/WARN] [net.minecraftforge.common.ForgeConfigSpec/CORE]: Incorrect key building.flint_block was corrected from null to its default, true. 
[01Sep2026 01:04:28.028] [modloading-worker-0/WARN] [net.minecraftforge.common.ForgeConfigSpec/CORE]: Incorrect key building.fine_wood was corrected from null to its default, true. 
[01Sep2026 01:04:28.029] [modloading-worker-0/WARN] [net.minecraftforge.common.ForgeConfigSpec/CORE]: Incorrect key building.candle_holder was corrected from null to its default, true. 
[01Sep2026 01:04:28.029] [modloading-worker-0/WARN] [net.minecraftforge.common.ForgeConfigSpec/CORE]: Incorrect key building.fire_pit was corrected from null to its default, true. 
[01Sep2026 01:04:28.029] [modloading-worker-0/WARN] [net.minecraftforge.common.ForgeConfigSpec/CORE]: Incorrect key building.wicker_fence was corrected from null to its default, true. 
[01Sep2026 01:04:28.031] [modloading-worker-0/WARN] [net.minecraftforge.common.ForgeConfigSpec/CORE]: Incorrect key tools was corrected from null to its default, SimpleCommentedConfig:{}. 
[01Sep2026 01:04:28.032] [modloading-worker-0/WARN] [net.minecraftforge.common.ForgeConfigSpec/CORE]: Incorrect key tools.quiver was corrected from null to its default, SimpleCommentedConfig:{}. 
[01Sep2026 01:04:28.032] [modloading-worker-0/WARN] [net.minecraftforge.common.ForgeConfigSpec/CORE]: Incorrect key tools.quiver.enabled was corrected from null to its default, true. 
[01Sep2026 01:04:28.032] [modloading-worker-0/WARN] [net.minecraftforge.common.ForgeConfigSpec/CORE]: Incorrect key tools.quiver.use_without_slow was corrected from null to its default, true. 
[01Sep2026 01:04:28.032] [modloading-worker-0/WARN] [net.minecraftforge.common.ForgeConfigSpec/CORE]: Incorrect key tools.quiver.slots was corrected from null to its default, 6. 
[01Sep2026 01:04:28.033] [modloading-worker-0/WARN] [net.minecraftforge.common.ForgeConfigSpec/CORE]: Incorrect key tools.quiver.quiver_skeleton_spawn_chance was corrected from null to its default, 0.025. 
[01Sep2026 01:04:28.033] [modloading-worker-0/WARN] [net.minecraftforge.common.ForgeConfigSpec/CORE]: Incorrect key tools.quiver.quiver_skeleton_spawn_affected_by_local_difficulty was corrected from null to its default, true. 
[01Sep2026 01:04:28.033] [modloading-worker-0/WARN] [net.minecraftforge.common.ForgeConfigSpec/CORE]: Incorrect key tools.quiver.only_works_in_curio was corrected from null to its default, false. 
[01Sep2026 01:04:28.033] [modloading-worker-0/WARN] [net.minecraftforge.common.ForgeConfigSpec/CORE]: Incorrect key tools.quiver.quiver_pickup was corrected from null to its default, true. 
[01Sep2026 01:04:28.033] [modloading-worker-0/WARN] [net.minecraftforge.common.ForgeConfigSpec/CORE]: Incorrect key tools.lunch_basket was corrected from null to its default, SimpleCommentedConfig:{}. 
[01Sep2026 01:04:28.033] [modloading-worker-0/WARN] [net.minecraftforge.common.ForgeConfigSpec/CORE]: Incorrect key tools.lunch_basket.enabled was corrected from null to its default, true. 
[01Sep2026 01:04:28.033] [modloading-worker-0/WARN] [net.minecraftforge.common.ForgeConfigSpec/CORE]: Incorrect key tools.lunch_basket.placeable was corrected from null to its default, true. 
[01Sep2026 01:04:28.033] [modloading-worker-0/WARN] [net.minecraftforge.common.ForgeConfigSpec/CORE]: Incorrect key tools.lunch_basket.slots was corrected from null to its default, 6. 
[01Sep2026 01:04:28.033] [modloading-worker-0/WARN] [net.minecraftforge.common.ForgeConfigSpec/CORE]: Incorrect key tools.slice_map was corrected from null to its default, SimpleCommentedConfig:{}. 
[01Sep2026 01:04:28.033] [modloading-worker-0/WARN] [net.minecraftforge.common.ForgeConfigSpec/CORE]: Incorrect key tools.slice_map.enabled was corrected from null to its default, true. 
[01Sep2026 01:04:28.033] [modloading-worker-0/WARN] [net.minecraftforge.common.ForgeConfigSpec/CORE]: Incorrect key tools.slice_map.range_multiplier was corrected from null to its default, 0.25. 
[01Sep2026 01:04:28.033] [modloading-worker-0/WARN] [net.minecraftforge.common.ForgeConfigSpec/CORE]: Incorrect key tools.bubble_blower was corrected from null to its default, SimpleCommentedConfig:{}. 
[01Sep2026 01:04:28.033] [modloading-worker-0/WARN] [net.minecraftforge.common.ForgeConfigSpec/CORE]: Incorrect key tools.bubble_blower.enabled was corrected from null to its default, true. 
[01Sep2026 01:04:28.034] [modloading-worker-0/WARN] [net.minecraftforge.common.ForgeConfigSpec/CORE]: Incorrect key tools.bubble_blower.stasis_cost was corrected from null to its default, 5. 
[01Sep2026 01:04:28.034] [modloading-worker-0/WARN] [net.minecraftforge.common.ForgeConfigSpec/CORE]: Incorrect key tools.bubble_blower.bubble_block was corrected from null to its default, SimpleCommentedConfig:{}. 
[01Sep2026 01:04:28.034] [modloading-worker-0/WARN] [net.minecraftforge.common.ForgeConfigSpec/CORE]: Incorrect key tools.bubble_blower.bubble_block.lifetime was corrected from null to its default, 1200. 
[01Sep2026 01:04:28.034] [modloading-worker-0/WARN] [net.minecraftforge.common.ForgeConfigSpec/CORE]: Incorrect key tools.bubble_blower.bubble_block.break_when_touched was corrected from null to its default, true. 
[01Sep2026 01:04:28.034] [modloading-worker-0/WARN] [net.minecraftforge.common.ForgeConfigSpec/CORE]: Incorrect key tools.bubble_blower.bubble_block.feather_falling_prevents_breaking was corrected from null to its default, true. 
[01Sep2026 01:04:28.034] [modloading-worker-0/WARN] [net.minecraftforge.common.ForgeConfigSpec/CORE]: Incorrect key tools.wrench was corrected from null to its default, SimpleCommentedConfig:{}. 
[01Sep2026 01:04:28.034] [modloading-worker-0/WARN] [net.minecraftforge.common.ForgeConfigSpec/CORE]: Incorrect key tools.wrench.enabled was corrected from null to its default, true. 
[01Sep2026 01:04:28.034] [modloading-worker-0/WARN] [net.minecraftforge.common.ForgeConfigSpec/CORE]: Incorrect key tools.wrench.bypass_when_on was corrected from null to its default, MAIN_HAND. 
[01Sep2026 01:04:28.034] [modloading-worker-0/WARN] [net.minecraftforge.common.ForgeConfigSpec/CORE]: Incorrect key tools.rope_arrow was corrected from null to its default, SimpleCommentedConfig:{}. 
[01Sep2026 01:04:28.034] [modloading-worker-0/WARN] [net.minecraftforge.common.ForgeConfigSpec/CORE]: Incorrect key tools.rope_arrow.enabled was corrected from null to its default, true. 
[01Sep2026 01:04:28.034] [modloading-worker-0/WARN] [net.minecraftforge.common.ForgeConfigSpec/CORE]: Incorrect key tools.rope_arrow.capacity was corrected from null to its default, 32. 
[01Sep2026 01:04:28.035] [modloading-worker-0/WARN] [net.minecraftforge.common.ForgeConfigSpec/CORE]: Incorrect key tools.rope_arrow.exclusive_to_crossbows was corrected from null to its default, false. 
[01Sep2026 01:04:28.035] [modloading-worker-0/WARN] [net.minecraftforge.common.ForgeConfigSpec/CORE]: Incorrect key tools.flute was corrected from null to its default, SimpleCommentedConfig:{}. 
[01Sep2026 01:04:28.035] [modloading-worker-0/WARN] [net.minecraftforge.common.ForgeConfigSpec/CORE]: Incorrect key tools.flute.enabled was corrected from null to its default, true. 
[01Sep2026 01:04:28.035] [modloading-worker-0/WARN] [net.minecraftforge.common.ForgeConfigSpec/CORE]: Incorrect key tools.flute.unbound_radius was corrected from null to its default, 64. 
[01Sep2026 01:04:28.035] [modloading-worker-0/WARN] [net.minecraftforge.common.ForgeConfigSpec/CORE]: Incorrect key tools.flute.bound_distance was corrected from null to its default, 64. 
[01Sep2026 01:04:28.035] [modloading-worker-0/WARN] [net.minecraftforge.common.ForgeConfigSpec/CORE]: Incorrect key tools.bomb was corrected from null to its default, SimpleCommentedConfig:{}. 
[01Sep2026 01:04:28.035] [modloading-worker-0/WARN] [net.minecraftforge.common.ForgeConfigSpec/CORE]: Incorrect key tools.bomb.enabled was corrected from null to its default, true. 
[01Sep2026 01:04:28.035] [modloading-worker-0/WARN] [net.minecraftforge.common.ForgeConfigSpec/CORE]: Incorrect key tools.bomb.explosion_radius was corrected from null to its default, 2.0. 
[01Sep2026 01:04:28.035] [modloading-worker-0/WARN] [net.minecraftforge.common.ForgeConfigSpec/CORE]: Incorrect key tools.bomb.break_blocks was corrected from null to its default, WEAK. 
[01Sep2026 01:04:28.035] [modloading-worker-0/WARN] [net.minecraftforge.common.ForgeConfigSpec/CORE]: Incorrect key tools.bomb.bomb_fuse was corrected from null to its default, 0. 
[01Sep2026 01:04:28.035] [modloading-worker-0/WARN] [net.minecraftforge.common.ForgeConfigSpec/CORE]: Incorrect key tools.bomb.cooldown was corrected from null to its default, true. 
[01Sep2026 01:04:28.035] [modloading-worker-0/WARN] [net.minecraftforge.common.ForgeConfigSpec/CORE]: Incorrect key tools.bomb.blue_bomb was corrected from null to its default, SimpleCommentedConfig:{}. 
[01Sep2026 01:04:28.035] [modloading-worker-0/WARN] [net.minecraftforge.common.ForgeConfigSpec/CORE]: Incorrect key tools.bomb.blue_bomb.explosion_radius was corrected from null to its default, 5.15. 
[01Sep2026 01:04:28.036] [modloading-worker-0/WARN] [net.minecraftforge.common.ForgeConfigSpec/CORE]: Incorrect key tools.bomb.blue_bomb.break_blocks was corrected from null to its default, WEAK. 
[01Sep2026 01:04:28.036] [modloading-worker-0/WARN] [net.minecraftforge.common.ForgeConfigSpec/CORE]: Incorrect key tools.slingshot was corrected from null to its default, SimpleCommentedConfig:{}. 
[01Sep2026 01:04:28.036] [modloading-worker-0/WARN] [net.minecraftforge.common.ForgeConfigSpec/CORE]: Incorrect key tools.slingshot.enabled was corrected from null to its default, true. 
[01Sep2026 01:04:28.036] [modloading-worker-0/WARN] [net.minecraftforge.common.ForgeConfigSpec/CORE]: Incorrect key tools.slingshot.range_multiplier was corrected from null to its default, 1.0. 
[01Sep2026 01:04:28.036] [modloading-worker-0/WARN] [net.minecraftforge.common.ForgeConfigSpec/CORE]: Incorrect key tools.slingshot.charge_time was corrected from null to its default, 20. 
[01Sep2026 01:04:28.036] [modloading-worker-0/WARN] [net.minecraftforge.common.ForgeConfigSpec/CORE]: Incorrect key tools.slingshot.stasis_deceleration was corrected from null to its default, 0.9625. 
[01Sep2026 01:04:28.036] [modloading-worker-0/WARN] [net.minecraftforge.common.ForgeConfigSpec/CORE]: Incorrect key tools.slingshot.unrestricted_enderman_intercept was corrected from null to its default, true. 
[01Sep2026 01:04:28.036] [modloading-worker-0/WARN] [net.minecraftforge.common.ForgeConfigSpec/CORE]: Incorrect key tools.slingshot.allow_buckets was corrected from null to its default, true. 
[01Sep2026 01:04:28.036] [modloading-worker-0/WARN] [net.minecraftforge.common.ForgeConfigSpec/CORE]: Incorrect key tools.slingshot.damageable_damage was corrected from null to its default, 0.5. 
[01Sep2026 01:04:28.036] [modloading-worker-0/WARN] [net.minecraftforge.common.ForgeConfigSpec/CORE]: Incorrect key tools.slingshot.allow_splash_potions was corrected from null to its default, false. 
[01Sep2026 01:04:28.036] [modloading-worker-0/WARN] [net.minecraftforge.common.ForgeConfigSpec/CORE]: Incorrect key tools.slingshot.allow_bombs was corrected from null to its default, false. 
[01Sep2026 01:04:28.036] [modloading-worker-0/WARN] [net.minecraftforge.common.ForgeConfigSpec/CORE]: Incorrect key tools.slingshot.allow_fire_charges was corrected from null to its default, false. 
[01Sep2026 01:04:28.036] [modloading-worker-0/WARN] [net.minecraftforge.common.ForgeConfigSpec/CORE]: Incorrect key tools.slingshot.allow_snowballs was corrected from null to its default, false. 
[01Sep2026 01:04:28.036] [modloading-worker-0/WARN] [net.minecraftforge.common.ForgeConfigSpec/CORE]: Incorrect key tools.slingshot.allow_enderpearls was corrected from null to its default, false. 
[01Sep2026 01:04:28.036] [modloading-worker-0/WARN] [net.minecraftforge.common.ForgeConfigSpec/CORE]: Incorrect key tools.antique_ink was corrected from null to its default, SimpleCommentedConfig:{}. 
[01Sep2026 01:04:28.036] [modloading-worker-0/WARN] [net.minecraftforge.common.ForgeConfigSpec/CORE]: Incorrect key tools.antique_ink.enabled was corrected from null to its default, true. 
[01Sep2026 01:04:28.036] [modloading-worker-0/WARN] [net.minecraftforge.common.ForgeConfigSpec/CORE]: Incorrect key tools.candy was corrected from null to its default, true. 
[01Sep2026 01:04:28.036] [modloading-worker-0/WARN] [net.minecraftforge.common.ForgeConfigSpec/CORE]: Incorrect key tools.stasis was corrected from null to its default, true. 
[01Sep2026 01:04:28.036] [modloading-worker-0/WARN] [net.minecraftforge.common.ForgeConfigSpec/CORE]: Incorrect key tools.altimeter was corrected from null to its default, true. 
[01Sep2026 01:04:28.037] [modloading-worker-0/WARN] [net.minecraftforge.common.ForgeConfigSpec/CORE]: Incorrect key tools.confetti_popper was corrected from null to its default, true. 
[01Sep2026 01:04:28.039] [modloading-worker-0/WARN] [net.minecraftforge.common.ForgeConfigSpec/CORE]: Incorrect key general was corrected from null to its default, SimpleCommentedConfig:{}. 
[01Sep2026 01:04:28.039] [modloading-worker-0/WARN] [net.minecraftforge.common.ForgeConfigSpec/CORE]: Incorrect key general.creative_tab was corrected from null to its default, false. 
[01Sep2026 01:04:28.039] [modloading-worker-0/WARN] [net.minecraftforge.common.ForgeConfigSpec/CORE]: Incorrect key general.dispensers was corrected from null to its default, true. 
[01Sep2026 01:04:28.039] [modloading-worker-0/WARN] [net.minecraftforge.common.ForgeConfigSpec/CORE]: Incorrect key general.jar_tab was corrected from null to its default, false. 
[01Sep2026 01:04:28.039] [modloading-worker-0/WARN] [net.minecraftforge.common.ForgeConfigSpec/CORE]: Incorrect key general.debug_save_dynamic_pack was corrected from null to its default, false. 
[01Sep2026 01:04:28.039] [modloading-worker-0/WARN] [net.minecraftforge.common.ForgeConfigSpec/CORE]: Incorrect key general.server_protection was corrected from null to its default, false. 
[01Sep2026 01:04:28.039] [modloading-worker-0/WARN] [net.minecraftforge.common.ForgeConfigSpec/CORE]: Incorrect key general.sanity_checks_messages was corrected from null to its default, true. 
[01Sep2026 01:04:28.040] [modloading-worker-0/WARN] [net.minecraftforge.common.ForgeConfigSpec/CORE]: Incorrect key general.red_merchant_spawn_multiplier was corrected from null to its default, 1.0. 
[01Sep2026 01:04:28.043] [modloading-worker-0/WARN] [net.minecraftforge.common.ForgeConfigSpec/CORE]: Incorrect key tweaks was corrected from null to its default, SimpleCommentedConfig:{}. 
[01Sep2026 01:04:28.044] [modloading-worker-0/WARN] [net.minecraftforge.common.ForgeConfigSpec/CORE]: Incorrect key tweaks.dragon_banner_pattern was corrected from null to its default, SimpleCommentedConfig:{}. 
[01Sep2026 01:04:28.044] [modloading-worker-0/WARN] [net.minecraftforge.common.ForgeConfigSpec/CORE]: Incorrect key tweaks.dragon_banner_pattern.enabled was corrected from null to its default, true. 
[01Sep2026 01:04:28.044] [modloading-worker-0/WARN] [net.minecraftforge.common.ForgeConfigSpec/CORE]: Incorrect key tweaks.shulker_helmet was corrected from null to its default, SimpleCommentedConfig:{}. 
[01Sep2026 01:04:28.044] [modloading-worker-0/WARN] [net.minecraftforge.common.ForgeConfigSpec/CORE]: Incorrect key tweaks.shulker_helmet.enabled was corrected from null to its default, true. 
[01Sep2026 01:04:28.044] [modloading-worker-0/WARN] [net.minecraftforge.common.ForgeConfigSpec/CORE]: Incorrect key tweaks.golden_apple_disenchant was corrected from null to its default, SimpleCommentedConfig:{}. 
[01Sep2026 01:04:28.044] [modloading-worker-0/WARN] [net.minecraftforge.common.ForgeConfigSpec/CORE]: Incorrect key tweaks.golden_apple_disenchant.enabled was corrected from null to its default, true. 
[01Sep2026 01:04:28.044] [modloading-worker-0/WARN] [net.minecraftforge.common.ForgeConfigSpec/CORE]: Incorrect key tweaks.traders_open_doors was corrected from null to its default, SimpleCommentedConfig:{}. 
[01Sep2026 01:04:28.044] [modloading-worker-0/WARN] [net.minecraftforge.common.ForgeConfigSpec/CORE]: Incorrect key tweaks.traders_open_doors.enabled was corrected from null to its default, true. 
[01Sep2026 01:04:28.044] [modloading-worker-0/WARN] [net.minecraftforge.common.ForgeConfigSpec/CORE]: Incorrect key tweaks.dispenser_tweaks was corrected from null to its default, SimpleCommentedConfig:{}. 
[01Sep2026 01:04:28.044] [modloading-worker-0/WARN] [net.minecraftforge.common.ForgeConfigSpec/CORE]: Incorrect key tweaks.dispenser_tweaks.axe_strip was corrected from null to its default, true. 
[01Sep2026 01:04:28.044] [modloading-worker-0/WARN] [net.minecraftforge.common.ForgeConfigSpec/CORE]: Incorrect key tweaks.dispenser_tweaks.shoot_ender_pearls was corrected from null to its default, true. 
[01Sep2026 01:04:28.044] [modloading-worker-0/WARN] [net.minecraftforge.common.ForgeConfigSpec/CORE]: Incorrect key tweaks.dispenser_tweaks.extract_from_bundles was corrected from null to its default, true. 
[01Sep2026 01:04:28.044] [modloading-worker-0/WARN] [net.minecraftforge.common.ForgeConfigSpec/CORE]: Incorrect key tweaks.throwable_bricks was corrected from null to its default, SimpleCommentedConfig:{}. 
[01Sep2026 01:04:28.044] [modloading-worker-0/WARN] [net.minecraftforge.common.ForgeConfigSpec/CORE]: Incorrect key tweaks.throwable_bricks.enabled was corrected from null to its default, true. 
[01Sep2026 01:04:28.044] [modloading-worker-0/WARN] [net.minecraftforge.common.ForgeConfigSpec/CORE]: Incorrect key tweaks.placeable_sticks was corrected from null to its default, SimpleCommentedConfig:{}. 
[01Sep2026 01:04:28.044] [modloading-worker-0/WARN] [net.minecraftforge.common.ForgeConfigSpec/CORE]: Incorrect key tweaks.placeable_sticks.sticks was corrected from null to its default, true. 
[01Sep2026 01:04:28.044] [modloading-worker-0/WARN] [net.minecraftforge.common.ForgeConfigSpec/CORE]: Incorrect key tweaks.placeable_sticks.blaze_rods was corrected from null to its default, true. 
[01Sep2026 01:04:28.044] [modloading-worker-0/WARN] [net.minecraftforge.common.ForgeConfigSpec/CORE]: Incorrect key tweaks.placeable_gunpowder was corrected from null to its default, SimpleCommentedConfig:{}. 
[01Sep2026 01:04:28.046] [modloading-worker-0/WARN] [net.minecraftforge.common.ForgeConfigSpec/CORE]: Incorrect key tweaks.placeable_gunpowder.enabled was corrected from null to its default, true. 
[01Sep2026 01:04:28.046] [modloading-worker-0/WARN] [net.minecraftforge.common.ForgeConfigSpec/CORE]: Incorrect key tweaks.placeable_gunpowder.speed was corrected from null to its default, 2. 
[01Sep2026 01:04:28.046] [modloading-worker-0/WARN] [net.minecraftforge.common.ForgeConfigSpec/CORE]: Incorrect key tweaks.placeable_gunpowder.spread_age was corrected from null to its default, 2. 
[01Sep2026 01:04:28.046] [modloading-worker-0/WARN] [net.minecraftforge.common.ForgeConfigSpec/CORE]: Incorrect key tweaks.raked_gravel was corrected from null to its default, SimpleCommentedConfig:{}. 
[01Sep2026 01:04:28.046] [modloading-worker-0/WARN] [net.minecraftforge.common.ForgeConfigSpec/CORE]: Incorrect key tweaks.raked_gravel.enabled was corrected from null to its default, true. 
[01Sep2026 01:04:28.046] [modloading-worker-0/WARN] [net.minecraftforge.common.ForgeConfigSpec/CORE]: Incorrect key tweaks.bottle_xp was corrected from null to its default, SimpleCommentedConfig:{}. 
[01Sep2026 01:04:28.046] [modloading-worker-0/WARN] [net.minecraftforge.common.ForgeConfigSpec/CORE]: Incorrect key tweaks.bottle_xp.enabled was corrected from null to its default, false. 
[01Sep2026 01:04:28.046] [modloading-worker-0/WARN] [net.minecraftforge.common.ForgeConfigSpec/CORE]: Incorrect key tweaks.bottle_xp.cost was corrected from null to its default, 2. 
[01Sep2026 01:04:28.046] [modloading-worker-0/WARN] [net.minecraftforge.common.ForgeConfigSpec/CORE]: Incorrect key tweaks.bottle_xp.target_block was corrected from null to its default, . 
[01Sep2026 01:04:28.046] [modloading-worker-0/WARN] [net.minecraftforge.common.ForgeConfigSpec/CORE]: Incorrect key tweaks.map_tweaks was corrected from null to its default, SimpleCommentedConfig:{}. 
[01Sep2026 01:04:28.046] [modloading-worker-0/WARN] [net.minecraftforge.common.ForgeConfigSpec/CORE]: Incorrect key tweaks.map_tweaks.random_adventurer_maps was corrected from null to its default, true. 
[01Sep2026 01:04:28.046] [modloading-worker-0/WARN] [net.minecraftforge.common.ForgeConfigSpec/CORE]: Incorrect key tweaks.map_tweaks.random_adventurer_maps_select_random_structure was corrected from null to its default, true. 
[01Sep2026 01:04:28.046] [modloading-worker-0/WARN] [net.minecraftforge.common.ForgeConfigSpec/CORE]: Incorrect key tweaks.map_tweaks.block_map_markers was corrected from null to its default, true. 
[01Sep2026 01:04:28.046] [modloading-worker-0/WARN] [net.minecraftforge.common.ForgeConfigSpec/CORE]: Incorrect key tweaks.map_tweaks.death_marker was corrected from null to its default, WITH_COMPASS. 
[01Sep2026 01:04:28.046] [modloading-worker-0/WARN] [net.minecraftforge.common.ForgeConfigSpec/CORE]: Incorrect key tweaks.map_tweaks.quill_adventurer_maps was corrected from null to its default, true. 
[01Sep2026 01:04:28.046] [modloading-worker-0/WARN] [net.minecraftforge.common.ForgeConfigSpec/CORE]: Incorrect key tweaks.map_tweaks.quill_vanilla_maps was corrected from null to its default, true. 
[01Sep2026 01:04:28.046] [modloading-worker-0/WARN] [net.minecraftforge.common.ForgeConfigSpec/CORE]: Incorrect key tweaks.map_tweaks.min_search_radius was corrected from null to its default, 75. 
[01Sep2026 01:04:28.046] [modloading-worker-0/WARN] [net.minecraftforge.common.ForgeConfigSpec/CORE]: Incorrect key tweaks.map_tweaks.tinted_blocks_on_maps was corrected from null to its default, true. 
[01Sep2026 01:04:28.046] [modloading-worker-0/WARN] [net.minecraftforge.common.ForgeConfigSpec/CORE]: Incorrect key tweaks.placeable_books was corrected from null to its default, SimpleCommentedConfig:{}. 
[01Sep2026 01:04:28.046] [modloading-worker-0/WARN] [net.minecraftforge.common.ForgeConfigSpec/CORE]: Incorrect key tweaks.placeable_books.written_books was corrected from null to its default, true. 
[01Sep2026 01:04:28.046] [modloading-worker-0/WARN] [net.minecraftforge.common.ForgeConfigSpec/CORE]: Incorrect key tweaks.placeable_books.enabled was corrected from null to its default, true. 
[01Sep2026 01:04:28.046] [modloading-worker-0/WARN] [net.minecraftforge.common.ForgeConfigSpec/CORE]: Incorrect key tweaks.placeable_books.book_power was corrected from null to its default, 1.0. 
[01Sep2026 01:04:28.046] [modloading-worker-0/WARN] [net.minecraftforge.common.ForgeConfigSpec/CORE]: Incorrect key tweaks.placeable_books.enchanted_book_power was corrected from null to its default, 1.334. 
[01Sep2026 01:04:28.046] [modloading-worker-0/WARN] [net.minecraftforge.common.ForgeConfigSpec/CORE]: Incorrect key tweaks.placeable_books.mixed_books was corrected from null to its default, false. 
[01Sep2026 01:04:28.046] [modloading-worker-0/WARN] [net.minecraftforge.common.ForgeConfigSpec/CORE]: Incorrect key tweaks.zombie_horse was corrected from null to its default, SimpleCommentedConfig:{}. 
[01Sep2026 01:04:28.046] [modloading-worker-0/WARN] [net.minecraftforge.common.ForgeConfigSpec/CORE]: Incorrect key tweaks.zombie_horse.zombie_horse_conversion was corrected from null to its default, true. 
[01Sep2026 01:04:28.046] [modloading-worker-0/WARN] [net.minecraftforge.common.ForgeConfigSpec/CORE]: Incorrect key tweaks.zombie_horse.rotten_flesh was corrected from null to its default, 64. 
[01Sep2026 01:04:28.046] [modloading-worker-0/WARN] [net.minecraftforge.common.ForgeConfigSpec/CORE]: Incorrect key tweaks.zombie_horse.rideable_underwater was corrected from null to its default, true. 
[01Sep2026 01:04:28.046] [modloading-worker-0/WARN] [net.minecraftforge.common.ForgeConfigSpec/CORE]: Incorrect key tweaks.zombie_horse.zombie_horse_inverse_conversion was corrected from null to its default, true. 
[01Sep2026 01:04:28.046] [modloading-worker-0/WARN] [net.minecraftforge.common.ForgeConfigSpec/CORE]: Incorrect key tweaks.noteblocks_scare was corrected from null to its default, SimpleCommentedConfig:{}. 
[01Sep2026 01:04:28.046] [modloading-worker-0/WARN] [net.minecraftforge.common.ForgeConfigSpec/CORE]: Incorrect key tweaks.noteblocks_scare.enabled was corrected from null to its default, true. 
[01Sep2026 01:04:28.046] [modloading-worker-0/WARN] [net.minecraftforge.common.ForgeConfigSpec/CORE]: Incorrect key tweaks.bad_luck_tweaks was corrected from null to its default, SimpleCommentedConfig:{}. 
[01Sep2026 01:04:28.046] [modloading-worker-0/WARN] [net.minecraftforge.common.ForgeConfigSpec/CORE]: Incorrect key tweaks.bad_luck_tweaks.cat_unluck was corrected from null to its default, true. 
[01Sep2026 01:04:28.046] [modloading-worker-0/WARN] [net.minecraftforge.common.ForgeConfigSpec/CORE]: Incorrect key tweaks.bad_luck_tweaks.lightning_unluck was corrected from null to its default, true. 
[01Sep2026 01:04:28.046] [modloading-worker-0/WARN] [net.minecraftforge.common.ForgeConfigSpec/CORE]: Incorrect key tweaks.item_lore was corrected from null to its default, SimpleCommentedConfig:{}. 
[01Sep2026 01:04:28.046] [modloading-worker-0/WARN] [net.minecraftforge.common.ForgeConfigSpec/CORE]: Incorrect key tweaks.item_lore.enabled was corrected from null to its default, true. 
[01Sep2026 01:04:28.046] [modloading-worker-0/WARN] [net.minecraftforge.common.ForgeConfigSpec/CORE]: Incorrect key tweaks.sus_recipes was corrected from null to its default, SimpleCommentedConfig:{}. 
[01Sep2026 01:04:28.046] [modloading-worker-0/WARN] [net.minecraftforge.common.ForgeConfigSpec/CORE]: Incorrect key tweaks.sus_recipes.enabled was corrected from null to its default, true. 
[01Sep2026 01:04:28.046] [modloading-worker-0/WARN] [net.minecraftforge.common.ForgeConfigSpec/CORE]: Incorrect key tweaks.slimed_effect was corrected from null to its default, SimpleCommentedConfig:{}. 
[01Sep2026 01:04:28.046] [modloading-worker-0/WARN] [net.minecraftforge.common.ForgeConfigSpec/CORE]: Incorrect key tweaks.slimed_effect.enabled was corrected from null to its default, true. 
[01Sep2026 01:04:28.046] [modloading-worker-0/WARN] [net.minecraftforge.common.ForgeConfigSpec/CORE]: Incorrect key tweaks.slimed_effect.throwable_slimeballs was corrected from null to its default, true. 
[01Sep2026 01:04:28.046] [modloading-worker-0/WARN] [net.minecraftforge.common.ForgeConfigSpec/CORE]: Incorrect key tweaks.slimed_effect.hinders_jump was corrected from null to its default, NORMAL_DIFFICULTY. 
[01Sep2026 01:04:28.046] [modloading-worker-0/WARN] [net.minecraftforge.common.ForgeConfigSpec/CORE]: Incorrect key tweaks.slimed_effect.duration was corrected from null to its default, 300. 
[01Sep2026 01:04:28.046] [modloading-worker-0/WARN] [net.minecraftforge.common.ForgeConfigSpec/CORE]: Incorrect key tweaks.slimed_effect.chance_per_slime_size was corrected from null to its default, 0.15. 
[01Sep2026 01:04:28.299] [modloading-worker-0/WARN] [net.minecraftforge.common.ForgeConfigSpec/CORE]: Configuration file /tmp/rallous-smoke-039/config/moonlight-common.toml is not correct. Correcting
[01Sep2026 01:04:28.299] [modloading-worker-0/WARN] [net.minecraftforge.common.ForgeConfigSpec/CORE]: Incorrect key general was corrected from null to its default, SimpleCommentedConfig:{}. 
[01Sep2026 01:04:28.299] [modloading-worker-0/WARN] [net.minecraftforge.common.ForgeConfigSpec/CORE]: Incorrect key general.clear_dynamic_resources was corrected from null to its default, false. 
[01Sep2026 01:04:28.299] [modloading-worker-0/WARN] [net.minecraftforge.common.ForgeConfigSpec/CORE]: Incorrect key general.multi_threaded_generation was corrected from null to its default, true. 
[01Sep2026 01:04:28.299] [modloading-worker-0/WARN] [net.minecraftforge.common.ForgeConfigSpec/CORE]: Incorrect key general.extra_debug was corrected from null to its default, false. 
[01Sep2026 01:04:28.299] [modloading-worker-0/WARN] [net.minecraftforge.common.ForgeConfigSpec/CORE]: Incorrect key general.extra_children_debug was corrected from null to its default, false. 
[01Sep2026 01:04:28.299] [modloading-worker-0/WARN] [net.minecraftforge.common.ForgeConfigSpec/CORE]: Incorrect key general.global_datapacks_folder was corrected from null to its default, moonlight-global-datapacks. 
[01Sep2026 01:04:28.550] [modloading-worker-0/INFO] [xaero.common.HudMod/]: Registering common data for channel xaerominimap:main!
[01Sep2026 01:04:28.572] [modloading-worker-0/INFO] [xaero.common.HudMod/]: Loading primary common config for channel xaerominimap:main!
[01Sep2026 01:04:28.573] [modloading-worker-0/INFO] [xaero.common.HudMod/]: Loading server config profiles for channel xaerominimap:main!
[01Sep2026 01:04:28.727] [modloading-worker-0/INFO] [thedarkcolour.kotlinforforge.test.KotlinForForge/]: Kotlin For Forge Enabled!
[01Sep2026 01:04:28.743] [modloading-worker-0/INFO] [betterstrongholds/]: Creating directory for additional Better Strongholds configuration at /tmp/rallous-smoke-039/config/betterstrongholds/forge-1_20
[01Sep2026 01:04:28.975] [modloading-worker-0/INFO] [dev.architectury.networking.forge.NetworkManagerImpl/]: Registering C2S receiver with id architectury:sync_ids
[01Sep2026 01:04:28.976] [modloading-worker-0/INFO] [dev.architectury.networking.forge.NetworkManagerImpl/]: Registering C2S receiver with id ftblibrary:edit_nbt_response
[01Sep2026 01:04:28.995] [modloading-worker-0/INFO] [dev.architectury.networking.forge.NetworkManagerImpl/]: Registering C2S receiver with id itemfilters:main/14e7fa1454283aec8ae811ef844ada28
[01Sep2026 01:04:28.995] [modloading-worker-0/INFO] [dev.architectury.networking.forge.NetworkManagerImpl/]: Registering C2S receiver with id itemfilters:main/8f6a899247753217b9d86ab427a2b279
[01Sep2026 01:04:29.011] [modloading-worker-0/INFO] [dev.architectury.networking.forge.NetworkManagerImpl/]: Registering C2S receiver with id ftbteams:open_gui
[01Sep2026 01:04:29.013] [modloading-worker-0/INFO] [dev.architectury.networking.forge.NetworkManagerImpl/]: Registering C2S receiver with id ftbteams:update_settings
[01Sep2026 01:04:29.015] [modloading-worker-0/INFO] [dev.architectury.networking.forge.NetworkManagerImpl/]: Registering C2S receiver with id ftbteams:send_message
[01Sep2026 01:04:29.017] [modloading-worker-0/INFO] [dev.architectury.networking.forge.NetworkManagerImpl/]: Registering C2S receiver with id ftbteams:create_party
[01Sep2026 01:04:29.021] [modloading-worker-0/INFO] [dev.architectury.networking.forge.NetworkManagerImpl/]: Registering C2S receiver with id ftbteams:player_gui_operation
[01Sep2026 01:04:29.032] [modloading-worker-0/INFO] [dev.architectury.networking.forge.NetworkManagerImpl/]: Registering C2S receiver with id magistuarmory:packet_long_reach_attack
[01Sep2026 01:04:29.033] [modloading-worker-0/INFO] [dev.architectury.networking.forge.NetworkManagerImpl/]: Registering C2S receiver with id magistuarmory:packet_lance_collision
[01Sep2026 01:04:29.074] [modloading-worker-0/INFO] [STDOUT/]: [com.magistuarmory.item.armor.ArmorType:<init>:64]: magistuarmory:minicrown
[01Sep2026 01:04:29.074] [modloading-worker-0/INFO] [STDOUT/]: [com.magistuarmory.item.armor.ArmorType:<init>:64]: magistuarmory:crown
[01Sep2026 01:04:29.074] [modloading-worker-0/INFO] [STDOUT/]: [com.magistuarmory.item.armor.ArmorType:<init>:64]: magistuarmory:flowercrown
[01Sep2026 01:04:29.074] [modloading-worker-0/INFO] [STDOUT/]: [com.magistuarmory.item.armor.ArmorType:<init>:64]: minecraft:default
[01Sep2026 01:04:29.074] [modloading-worker-0/INFO] [STDOUT/]: [com.magistuarmory.item.armor.ArmorType:<init>:64]: magistuarmory:armet
[01Sep2026 01:04:29.074] [modloading-worker-0/INFO] [STDOUT/]: [com.magistuarmory.item.armor.ArmorType:<init>:64]: magistuarmory:stechhelm
[01Sep2026 01:04:29.074] [modloading-worker-0/INFO] [STDOUT/]: [com.magistuarmory.item.armor.ArmorType:<init>:64]: minecraft:default
[01Sep2026 01:04:29.074] [modloading-worker-0/INFO] [STDOUT/]: [com.magistuarmory.item.armor.ArmorType:<init>:64]: magistuarmory:sallet
[01Sep2026 01:04:29.074] [modloading-worker-0/INFO] [STDOUT/]: [com.magistuarmory.item.armor.ArmorType:<init>:64]: minecraft:default
[01Sep2026 01:04:29.074] [modloading-worker-0/INFO] [STDOUT/]: [com.magistuarmory.item.armor.ArmorType:<init>:64]: magistuarmory:maximilian_helmet
[01Sep2026 01:04:29.074] [modloading-worker-0/INFO] [STDOUT/]: [com.magistuarmory.item.armor.ArmorType:<init>:64]: minecraft:default
[01Sep2026 01:04:29.075] [modloading-worker-0/INFO] [STDOUT/]: [com.magistuarmory.item.armor.ArmorType:<init>:64]: minecraft:default
[01Sep2026 01:04:29.075] [modloading-worker-0/INFO] [STDOUT/]: [com.magistuarmory.item.armor.ArmorType:<init>:64]: magistuarmory:kettlehat
[01Sep2026 01:04:29.075] [modloading-worker-0/INFO] [STDOUT/]: [com.magistuarmory.item.armor.ArmorType:<init>:64]: minecraft:default
[01Sep2026 01:04:29.075] [modloading-worker-0/INFO] [STDOUT/]: [com.magistuarmory.item.armor.ArmorType:<init>:64]: magistuarmory:barbute
[01Sep2026 01:04:29.075] [modloading-worker-0/INFO] [STDOUT/]: [com.magistuarmory.item.armor.ArmorType:<init>:64]: minecraft:default
[01Sep2026 01:04:29.075] [modloading-worker-0/INFO] [STDOUT/]: [com.magistuarmory.item.armor.ArmorType:<init>:64]: magistuarmory:crusader
[01Sep2026 01:04:29.075] [modloading-worker-0/INFO] [STDOUT/]: [com.magistuarmory.item.armor.ArmorType:<init>:64]: minecraft:default
[01Sep2026 01:04:29.075] [modloading-worker-0/INFO] [STDOUT/]: [com.magistuarmory.item.armor.ArmorType:<init>:64]: minecraft:default
[01Sep2026 01:04:29.075] [modloading-worker-0/INFO] [STDOUT/]: [com.magistuarmory.item.armor.ArmorType:<init>:64]: minecraft:default
[01Sep2026 01:04:29.075] [modloading-worker-0/INFO] [STDOUT/]: [com.magistuarmory.item.armor.ArmorType:<init>:64]: magistuarmory:armet
[01Sep2026 01:04:29.075] [modloading-worker-0/INFO] [STDOUT/]: [com.magistuarmory.item.armor.ArmorType:<init>:64]: minecraft:default
[01Sep2026 01:04:29.075] [modloading-worker-0/INFO] [STDOUT/]: [com.magistuarmory.item.armor.ArmorType:<init>:64]: magistuarmory:conic_helmet
[01Sep2026 01:04:29.075] [modloading-worker-0/INFO] [STDOUT/]: [com.magistuarmory.item.armor.ArmorType:<init>:64]: magistuarmory:conic_helmet
[01Sep2026 01:04:29.075] [modloading-worker-0/INFO] [STDOUT/]: [com.magistuarmory.item.armor.ArmorType:<init>:64]: magistuarmory:barbute
[01Sep2026 01:04:29.075] [modloading-worker-0/INFO] [STDOUT/]: [com.magistuarmory.item.armor.ArmorType:<init>:64]: minecraft:default
[01Sep2026 01:04:29.075] [modloading-worker-0/INFO] [STDOUT/]: [com.magistuarmory.item.armor.ArmorType:<init>:64]: minecraft:default
[01Sep2026 01:04:29.075] [modloading-worker-0/INFO] [STDOUT/]: [com.magistuarmory.item.armor.ArmorType:<init>:64]: magistuarmory:kettlehat
[01Sep2026 01:04:29.075] [modloading-worker-0/INFO] [STDOUT/]: [com.magistuarmory.item.armor.ArmorType:<init>:64]: magistuarmory:conic_helmet
[01Sep2026 01:04:29.075] [modloading-worker-0/INFO] [STDOUT/]: [com.magistuarmory.item.armor.ArmorType:<init>:64]: magistuarmory:crusader
[01Sep2026 01:04:29.075] [modloading-worker-0/INFO] [STDOUT/]: [com.magistuarmory.item.armor.ArmorType:<init>:64]: minecraft:default
[01Sep2026 01:04:29.075] [modloading-worker-0/INFO] [STDOUT/]: [com.magistuarmory.item.armor.ArmorType:<init>:64]: magistuarmory:bascinet
[01Sep2026 01:04:29.075] [modloading-worker-0/INFO] [STDOUT/]: [com.magistuarmory.item.armor.ArmorType:<init>:64]: minecraft:default
[01Sep2026 01:04:29.075] [modloading-worker-0/INFO] [STDOUT/]: [com.magistuarmory.item.armor.ArmorType:<init>:64]: magistuarmory:wingedhussarchestplate
[01Sep2026 01:04:29.075] [modloading-worker-0/INFO] [STDOUT/]: [com.magistuarmory.item.armor.ArmorType:<init>:64]: minecraft:default
[01Sep2026 01:04:29.075] [modloading-worker-0/INFO] [STDOUT/]: [com.magistuarmory.item.armor.ArmorType:<init>:64]: minecraft:default
[01Sep2026 01:04:29.075] [modloading-worker-0/INFO] [STDOUT/]: [com.magistuarmory.item.armor.ArmorType:<init>:64]: magistuarmory:grand_bascinet
[01Sep2026 01:04:29.075] [modloading-worker-0/INFO] [STDOUT/]: [com.magistuarmory.item.armor.ArmorType:<init>:64]: minecraft:default
[01Sep2026 01:04:29.082] [modloading-worker-0/INFO] [fzzy_config/]: Loaded config simplyswords:general in 16ms
[01Sep2026 01:04:29.090] [modloading-worker-0/INFO] [fzzy_config/]: Loaded config simplyswords:gui in 0ms
[01Sep2026 01:04:29.172] [modloading-worker-0/INFO] [fzzy_config/]: Loaded config simplyswords:gem_powers in 0ms
[01Sep2026 01:04:29.173] [modloading-worker-0/INFO] [fzzy_config/]: Loaded config simplyswords:status_effects in 1ms
[01Sep2026 01:04:29.177] [modloading-worker-0/INFO] [fzzy_config/]: Loaded config simplytooltips:config in 2ms
[01Sep2026 01:04:29.177] [modloading-worker-0/INFO] [simplytooltips/]: SimplyTooltips config loaded: simplytooltips:config
[01Sep2026 01:04:29.211] [modloading-worker-0/INFO] [fzzy_config/]: Loaded config simplyswords:weapon_attributes in 26ms
[01Sep2026 01:04:29.257] [modloading-worker-0/INFO] [Puzzles Lib/]: Constructing common components for puzzleslib:main
[01Sep2026 01:04:29.284] [modloading-worker-0/INFO] [dev.architectury.networking.forge.NetworkManagerImpl/]: Registering C2S receiver with id ftbquests:submit_task
[01Sep2026 01:04:29.284] [modloading-worker-0/INFO] [dev.architectury.networking.forge.NetworkManagerImpl/]: Registering C2S receiver with id ftbquests:claim_reward
[01Sep2026 01:04:29.286] [modloading-worker-0/INFO] [dev.architectury.networking.forge.NetworkManagerImpl/]: Registering C2S receiver with id ftbquests:get_emergency_items
[01Sep2026 01:04:29.287] [modloading-worker-0/INFO] [dev.architectury.networking.forge.NetworkManagerImpl/]: Registering C2S receiver with id ftbquests:claim_all_rewards
[01Sep2026 01:04:29.287] [modloading-worker-0/INFO] [dev.architectury.networking.forge.NetworkManagerImpl/]: Registering C2S receiver with id ftbquests:claim_choice_reward
[01Sep2026 01:04:29.295] [modloading-worker-0/INFO] [dev.architectury.networking.forge.NetworkManagerImpl/]: Registering C2S receiver with id ftbquests:toggle_pinned
[01Sep2026 01:04:29.295] [modloading-worker-0/INFO] [dev.architectury.networking.forge.NetworkManagerImpl/]: Registering C2S receiver with id ftbquests:toggle_chapter_pinned
[01Sep2026 01:04:29.296] [modloading-worker-0/INFO] [dev.architectury.networking.forge.NetworkManagerImpl/]: Registering C2S receiver with id ftbquests:toggle_editing_mode
[01Sep2026 01:04:29.296] [modloading-worker-0/INFO] [dev.architectury.networking.forge.NetworkManagerImpl/]: Registering C2S receiver with id ftbquests:force_save
[01Sep2026 01:04:29.297] [modloading-worker-0/INFO] [dev.architectury.networking.forge.NetworkManagerImpl/]: Registering C2S receiver with id ftbquests:set_custom_image
[01Sep2026 01:04:29.300] [modloading-worker-0/INFO] [dev.architectury.networking.forge.NetworkManagerImpl/]: Registering C2S receiver with id ftbquests:task_screen_config_resp
[01Sep2026 01:04:29.300] [modloading-worker-0/INFO] [dev.architectury.networking.forge.NetworkManagerImpl/]: Registering C2S receiver with id ftbquests:give_item_to_player
[01Sep2026 01:04:29.300] [modloading-worker-0/INFO] [dev.architectury.networking.forge.NetworkManagerImpl/]: Registering C2S receiver with id ftbquests:reorder_item
[01Sep2026 01:04:29.301] [modloading-worker-0/INFO] [dev.architectury.networking.forge.NetworkManagerImpl/]: Registering C2S receiver with id ftbquests:change_progress
[01Sep2026 01:04:29.304] [modloading-worker-0/INFO] [dev.architectury.networking.forge.NetworkManagerImpl/]: Registering C2S receiver with id ftbquests:create_object
[01Sep2026 01:04:29.305] [modloading-worker-0/INFO] [dev.architectury.networking.forge.NetworkManagerImpl/]: Registering C2S receiver with id ftbquests:create_task_at
[01Sep2026 01:04:29.306] [modloading-worker-0/INFO] [dev.architectury.networking.forge.NetworkManagerImpl/]: Registering C2S receiver with id ftbquests:delete_object
[01Sep2026 01:04:29.306] [modloading-worker-0/INFO] [dev.architectury.networking.forge.NetworkManagerImpl/]: Registering C2S receiver with id ftbquests:edit_object
[01Sep2026 01:04:29.307] [modloading-worker-0/INFO] [dev.architectury.networking.forge.NetworkManagerImpl/]: Registering C2S receiver with id ftbquests:move_chapter
[01Sep2026 01:04:29.314] [modloading-worker-0/INFO] [dev.architectury.networking.forge.NetworkManagerImpl/]: Registering C2S receiver with id ftbquests:move_quest
[01Sep2026 01:04:29.315] [modloading-worker-0/INFO] [dev.architectury.networking.forge.NetworkManagerImpl/]: Registering C2S receiver with id ftbquests:change_chapter_group
[01Sep2026 01:04:29.315] [modloading-worker-0/INFO] [dev.architectury.networking.forge.NetworkManagerImpl/]: Registering C2S receiver with id ftbquests:move_chapter_group
[01Sep2026 01:04:29.316] [modloading-worker-0/INFO] [dev.architectury.networking.forge.NetworkManagerImpl/]: Registering C2S receiver with id ftbquests:copy_quest
[01Sep2026 01:04:29.318] [modloading-worker-0/INFO] [dev.architectury.networking.forge.NetworkManagerImpl/]: Registering C2S receiver with id ftbquests:copy_chapter_image
[01Sep2026 01:04:29.318] [modloading-worker-0/INFO] [dev.architectury.networking.forge.NetworkManagerImpl/]: Registering C2S receiver with id ftbquests:sync_structures_request
[01Sep2026 01:04:29.319] [modloading-worker-0/INFO] [dev.architectury.networking.forge.NetworkManagerImpl/]: Registering C2S receiver with id ftbquests:request_team_data
[01Sep2026 01:04:29.353] [modloading-worker-0/INFO] [fzzy_config/]: Loaded config simplyswords:unique_effects in 0ms
[01Sep2026 01:04:29.404] [modloading-worker-0/INFO] [fzzy_config/]: Loaded config simplyswords:compatibility in 0ms
[01Sep2026 01:04:29.418] [modloading-worker-0/WARN] [net.minecraftforge.common.ForgeConfigSpec/CORE]: Configuration file /tmp/rallous-smoke-039/config/recruits-client.toml is not correct. Correcting
[01Sep2026 01:04:29.418] [modloading-worker-0/WARN] [net.minecraftforge.common.ForgeConfigSpec/CORE]: Incorrect key RecruitsClientSide was corrected from null to its default, SimpleCommentedConfig:{}. 
[01Sep2026 01:04:29.418] [modloading-worker-0/WARN] [net.minecraftforge.common.ForgeConfigSpec/CORE]: Incorrect key RecruitsClientSide.PlayVillagerAmbientSound was corrected from null to its default, true. 
[01Sep2026 01:04:29.419] [modloading-worker-0/WARN] [net.minecraftforge.common.ForgeConfigSpec/CORE]: Incorrect key RecruitsClientSide.RecruitsLookLikeVillagers was corrected from null to its default, true. 
[01Sep2026 01:04:29.419] [modloading-worker-0/WARN] [net.minecraftforge.common.ForgeConfigSpec/CORE]: Incorrect key RecruitsClientSide.CommandScreenToggle was corrected from null to its default, false. 
[01Sep2026 01:04:29.419] [modloading-worker-0/WARN] [net.minecraftforge.common.ForgeConfigSpec/CORE]: Incorrect key RecruitsClientSide.RecruitsToasts was corrected from null to its default, true. 
[01Sep2026 01:04:29.419] [modloading-worker-0/WARN] [net.minecraftforge.common.ForgeConfigSpec/CORE]: Incorrect key RecruitsClientSide.UpdateCheckerClientside was corrected from null to its default, true. 
[01Sep2026 01:04:29.419] [modloading-worker-0/WARN] [net.minecraftforge.common.ForgeConfigSpec/CORE]: Incorrect key RecruitsClientSide.DisableClaimGUIOverlay was corrected from null to its default, false. 
[01Sep2026 01:04:29.419] [modloading-worker-0/WARN] [net.minecraftforge.common.ForgeConfigSpec/CORE]: Incorrect key RecruitsClientSide.UpdateMapTiles was corrected from null to its default, true. 
[01Sep2026 01:04:29.419] [modloading-worker-0/WARN] [net.minecraftforge.common.ForgeConfigSpec/CORE]: Incorrect key RecruitsClientSide.WorldMapUpdateAroundPlayer was corrected from null to its default, true. 
[01Sep2026 01:04:29.419] [modloading-worker-0/WARN] [net.minecraftforge.common.ForgeConfigSpec/CORE]: Incorrect key RecruitsClientSide.WorldMapNightShading was corrected from null to its default, true. 
[01Sep2026 01:04:29.419] [modloading-worker-0/WARN] [net.minecraftforge.common.ForgeConfigSpec/CORE]: Incorrect key RecruitsClientSide.WorldMapShowCoordinates was corrected from null to its default, true. 
[01Sep2026 01:04:29.419] [modloading-worker-0/WARN] [net.minecraftforge.common.ForgeConfigSpec/CORE]: Incorrect key RecruitsClientSide.WorldMapClaimFill was corrected from null to its default, true. 
[01Sep2026 01:04:29.419] [modloading-worker-0/WARN] [net.minecraftforge.common.ForgeConfigSpec/CORE]: Incorrect key RecruitsClientSide.WorldMapPlayerIconStyle was corrected from null to its default, OVERHAULED. 
[01Sep2026 01:04:29.422] [modloading-worker-0/INFO] [recruits/]: Registering POI for ResourceKey[minecraft:block / recruits:recruit_block]
[01Sep2026 01:04:29.422] [modloading-worker-0/INFO] [recruits/]: Registering POI for ResourceKey[minecraft:block / recruits:recruit_shield_block]
[01Sep2026 01:04:29.422] [modloading-worker-0/INFO] [recruits/]: Registering POI for ResourceKey[minecraft:block / recruits:bowman_block]
[01Sep2026 01:04:29.422] [modloading-worker-0/INFO] [recruits/]: Registering POI for ResourceKey[minecraft:block / recruits:crossbowman_block]
[01Sep2026 01:04:29.422] [modloading-worker-0/INFO] [recruits/]: Registering POI for ResourceKey[minecraft:block / recruits:horseman_block]
[01Sep2026 01:04:29.422] [modloading-worker-0/INFO] [recruits/]: Registering POI for ResourceKey[minecraft:block / recruits:nomad_block]
[01Sep2026 01:04:29.423] [modloading-worker-0/INFO] [recruits/]: Registering profession for recruit with POI net.minecraftforge.registries.RegistryObject@810c44e9
[01Sep2026 01:04:29.423] [modloading-worker-0/INFO] [recruits/]: Registering profession for shieldman with POI net.minecraftforge.registries.RegistryObject@73a49efc
[01Sep2026 01:04:29.423] [modloading-worker-0/INFO] [recruits/]: Registering profession for bowman with POI net.minecraftforge.registries.RegistryObject@ee1298fb
[01Sep2026 01:04:29.423] [modloading-worker-0/INFO] [recruits/]: Registering profession for crossbowman with POI net.minecraftforge.registries.RegistryObject@278013b
[01Sep2026 01:04:29.423] [modloading-worker-0/INFO] [recruits/]: Registering profession for horseman with POI net.minecraftforge.registries.RegistryObject@2cde3e08
[01Sep2026 01:04:29.423] [modloading-worker-0/INFO] [recruits/]: Registering profession for nomad with POI net.minecraftforge.registries.RegistryObject@46c5f19a
[01Sep2026 01:04:29.426] [modloading-worker-0/INFO] [com.rallous.recruitsbridge.RallousRecruitsBridge/]: rallous-recruits-bridge: will found Recruits hosts after Warp-crash assign
[01Sep2026 01:04:29.432] [modloading-worker-0/INFO] [dev.architectury.networking.forge.NetworkManagerImpl/]: Registering C2S receiver with id fossil:cap_channel/537e4f78f24b30e4bee5892e8d9314fa
[01Sep2026 01:04:29.434] [modloading-worker-0/INFO] [dev.architectury.networking.forge.NetworkManagerImpl/]: Registering C2S receiver with id fossil:sync_channel/f7d73d83d6fa3fb99fb754f57f7238af
[01Sep2026 01:04:29.436] [modloading-worker-0/INFO] [dev.architectury.networking.forge.NetworkManagerImpl/]: Registering C2S receiver with id fossil:sync_channel/5ecf814711a7357f8ebd58d771f05139
[01Sep2026 01:04:29.439] [modloading-worker-0/INFO] [dev.architectury.networking.forge.NetworkManagerImpl/]: Registering C2S receiver with id fossil:sync_channel/2ae61e410df635b2b2c2d4eaa7b7afcb
[01Sep2026 01:04:29.441] [modloading-worker-0/INFO] [dev.architectury.networking.forge.NetworkManagerImpl/]: Registering C2S receiver with id fossil:sync_channel/600dc9ad56393757ae8315ba075af416
[01Sep2026 01:04:29.442] [modloading-worker-0/INFO] [dev.architectury.networking.forge.NetworkManagerImpl/]: Registering C2S receiver with id fossil:sync_channel/f58da9d045d839f69fc6dd355effa92e
[01Sep2026 01:04:29.444] [modloading-worker-0/INFO] [dev.architectury.networking.forge.NetworkManagerImpl/]: Registering C2S receiver with id fossil:sync_channel/ec18fa987d5331379c9156102188220c
[01Sep2026 01:04:29.445] [modloading-worker-0/INFO] [dev.architectury.networking.forge.NetworkManagerImpl/]: Registering C2S receiver with id fossil:sync_channel/b0228010ee3d3689beb49186e8009925
[01Sep2026 01:04:29.447] [modloading-worker-0/INFO] [dev.architectury.networking.forge.NetworkManagerImpl/]: Registering C2S receiver with id fossil:sync_channel/ed688e568fc63151a34c0f912fce9d27
[01Sep2026 01:04:29.449] [modloading-worker-0/INFO] [dev.architectury.networking.forge.NetworkManagerImpl/]: Registering C2S receiver with id fossil:sync_channel/8aaf614d5e2d39dd9e136e8c430145a9
[01Sep2026 01:04:29.451] [modloading-worker-0/INFO] [dev.architectury.networking.forge.NetworkManagerImpl/]: Registering C2S receiver with id fossil:sync_channel/08e9f40b177134efbc5eb99e2ad6bcb5
[01Sep2026 01:04:29.455] [modloading-worker-0/INFO] [dev.architectury.networking.forge.NetworkManagerImpl/]: Registering C2S receiver with id fossil:sync_channel/531d15ea7fd13018964a31b3ccac540a
[01Sep2026 01:04:29.510] [modloading-worker-0/INFO] [dev.architectury.networking.forge.NetworkManagerImpl/]: Registering C2S receiver with id simplyswords:use_weapon_ability
[01Sep2026 01:04:29.511] [modloading-worker-0/INFO] [dev.architectury.networking.forge.NetworkManagerImpl/]: Registering C2S receiver with id simplyswords:weapon_ability_keybind_state
[01Sep2026 01:04:29.511] [modloading-worker-0/INFO] [dev.architectury.networking.forge.NetworkManagerImpl/]: Registering C2S receiver with id simplyswords:player_movement_intent
[01Sep2026 01:04:29.557] [modloading-worker-0/INFO] [STDOUT/]: [net.sweenus.simplyswords.SimplySwords:init:182]: /tmp/rallous-smoke-039/config
[01Sep2026 01:04:30.177] [main/WARN] [dev.architectury.registry.registries.forge.RegistrarManagerImpl/]: Registry entry listened Registry Entry [minecraft:block / fossil:stripped_tempskya_wood] was not realized!
[01Sep2026 01:04:30.177] [main/WARN] [dev.architectury.registry.registries.forge.RegistrarManagerImpl/]: Registry entry listened Registry Entry [minecraft:block / fossil:stripped_palm_log] was not realized!
[01Sep2026 01:04:30.177] [main/WARN] [dev.architectury.registry.registries.forge.RegistrarManagerImpl/]: Registry entry listened Registry Entry [minecraft:block / fossil:stripped_tempskya_log] was not realized!
[01Sep2026 01:04:30.177] [main/WARN] [dev.architectury.registry.registries.forge.RegistrarManagerImpl/]: Registry entry listened Registry Entry [minecraft:block / fossil:stripped_cordaites_wood] was not realized!
[01Sep2026 01:04:30.177] [main/WARN] [dev.architectury.registry.registries.forge.RegistrarManagerImpl/]: Registry entry listened Registry Entry [minecraft:block / fossil:stripped_sigillaria_log] was not realized!
[01Sep2026 01:04:30.177] [main/WARN] [dev.architectury.registry.registries.forge.RegistrarManagerImpl/]: Registry entry listened Registry Entry [minecraft:block / fossil:stripped_mutant_tree_wood] was not realized!
[01Sep2026 01:04:30.177] [main/WARN] [dev.architectury.registry.registries.forge.RegistrarManagerImpl/]: Registry entry listened Registry Entry [minecraft:block / fossil:stripped_sigillaria_wood] was not realized!
[01Sep2026 01:04:30.177] [main/WARN] [dev.architectury.registry.registries.forge.RegistrarManagerImpl/]: Registry entry listened Registry Entry [minecraft:block / fossil:stripped_palm_wood] was not realized!
[01Sep2026 01:04:30.177] [main/WARN] [dev.architectury.registry.registries.forge.RegistrarManagerImpl/]: Registry entry listened Registry Entry [minecraft:block / fossil:stripped_calamites_log] was not realized!
[01Sep2026 01:04:30.177] [main/WARN] [dev.architectury.registry.registries.forge.RegistrarManagerImpl/]: Registry entry listened Registry Entry [minecraft:block / fossil:stripped_calamites_wood] was not realized!
[01Sep2026 01:04:30.177] [main/WARN] [dev.architectury.registry.registries.forge.RegistrarManagerImpl/]: Registry entry listened Registry Entry [minecraft:block / fossil:stripped_cordaites_log] was not realized!
[01Sep2026 01:04:30.177] [main/WARN] [dev.architectury.registry.registries.forge.RegistrarManagerImpl/]: Registry entry listened Registry Entry [minecraft:block / fossil:stripped_mutant_tree_log] was not realized!
[01Sep2026 01:04:30.180] [main/WARN] [dev.architectury.registry.registries.forge.RegistrarManagerImpl/]: Registry entry listened Registry Entry [minecraft:block / fossil:stripped_tempskya_wood] was not realized!
[01Sep2026 01:04:30.180] [main/WARN] [dev.architectury.registry.registries.forge.RegistrarManagerImpl/]: Registry entry listened Registry Entry [minecraft:block / fossil:stripped_palm_log] was not realized!
[01Sep2026 01:04:30.180] [main/WARN] [dev.architectury.registry.registries.forge.RegistrarManagerImpl/]: Registry entry listened Registry Entry [minecraft:block / fossil:stripped_tempskya_log] was not realized!
[01Sep2026 01:04:30.180] [main/WARN] [dev.architectury.registry.registries.forge.RegistrarManagerImpl/]: Registry entry listened Registry Entry [minecraft:block / fossil:stripped_cordaites_wood] was not realized!
[01Sep2026 01:04:30.180] [main/WARN] [dev.architectury.registry.registries.forge.RegistrarManagerImpl/]: Registry entry listened Registry Entry [minecraft:block / fossil:stripped_sigillaria_log] was not realized!
[01Sep2026 01:04:30.180] [main/WARN] [dev.architectury.registry.registries.forge.RegistrarManagerImpl/]: Registry entry listened Registry Entry [minecraft:block / fossil:stripped_mutant_tree_wood] was not realized!
[01Sep2026 01:04:30.180] [main/WARN] [dev.architectury.registry.registries.forge.RegistrarManagerImpl/]: Registry entry listened Registry Entry [minecraft:block / fossil:stripped_sigillaria_wood] was not realized!
[01Sep2026 01:04:30.180] [main/WARN] [dev.architectury.registry.registries.forge.RegistrarManagerImpl/]: Registry entry listened Registry Entry [minecraft:block / fossil:stripped_palm_wood] was not realized!
[01Sep2026 01:04:30.180] [main/WARN] [dev.architectury.registry.registries.forge.RegistrarManagerImpl/]: Registry entry listened Registry Entry [minecraft:block / fossil:stripped_calamites_log] was not realized!
[01Sep2026 01:04:30.180] [main/WARN] [dev.architectury.registry.registries.forge.RegistrarManagerImpl/]: Registry entry listened Registry Entry [minecraft:block / fossil:stripped_calamites_wood] was not realized!
[01Sep2026 01:04:30.180] [main/WARN] [dev.architectury.registry.registries.forge.RegistrarManagerImpl/]: Registry entry listened Registry Entry [minecraft:block / fossil:stripped_cordaites_log] was not realized!
[01Sep2026 01:04:30.181] [main/WARN] [dev.architectury.registry.registries.forge.RegistrarManagerImpl/]: Registry entry listened Registry Entry [minecraft:block / fossil:stripped_mutant_tree_log] was not realized!
[01Sep2026 01:04:30.388] [main/WARN] [dev.architectury.registry.registries.forge.RegistrarManagerImpl/]: Registry entry listened Registry Entry [minecraft:item / fossil:bone_vertebrae_confuciusornis] was not realized!
[01Sep2026 01:04:30.388] [main/WARN] [dev.architectury.registry.registries.forge.RegistrarManagerImpl/]: Registry entry listened Registry Entry [minecraft:item / fossil:ichthyosaurus_dna] was not realized!
[01Sep2026 01:04:30.388] [main/WARN] [dev.architectury.registry.registries.forge.RegistrarManagerImpl/]: Registry entry listened Registry Entry [minecraft:item / fossil:dryosaurus_dna] was not realized!
[01Sep2026 01:04:30.388] [main/WARN] [dev.architectury.registry.registries.forge.RegistrarManagerImpl/]: Registry entry listened Registry Entry [minecraft:item / fossil:bone_tail_plesiosaurus] was not realized!
[01Sep2026 01:04:30.388] [main/WARN] [dev.architectury.registry.registries.forge.RegistrarManagerImpl/]: Registry entry listened Registry Entry [minecraft:item / fossil:bone_leg_ceratosaurus] was not realized!
[01Sep2026 01:04:30.388] [main/WARN] [dev.architectury.registry.registries.forge.RegistrarManagerImpl/]: Registry entry listened Registry Entry [minecraft:item / fossil:bone_skull_diplocaulus] was not realized!
[01Sep2026 01:04:30.388] [main/WARN] [dev.architectury.registry.registries.forge.RegistrarManagerImpl/]: Registry entry listened Registry Entry [minecraft:item / fossil:cooked_citipati] was not realized!
[01Sep2026 01:04:30.388] [main/WARN] [dev.architectury.registry.registries.forge.RegistrarManagerImpl/]: Registry entry listened Registry Entry [minecraft:item / fossil:bone_ribcage_ceratosaurus] was not realized!
[01Sep2026 01:04:30.388] [main/WARN] [dev.architectury.registry.registries.forge.RegistrarManagerImpl/]: Registry entry listened Registry Entry [minecraft:item / fossil:egg_item_henodus] was not realized!
[01Sep2026 01:04:30.388] [main/WARN] [dev.architectury.registry.registries.forge.RegistrarManagerImpl/]: Registry entry listened Registry Entry [minecraft:item / fossil:cooked_megaloceros] was not realized!
[01Sep2026 01:04:30.388] [main/WARN] [dev.architectury.registry.registries.forge.RegistrarManagerImpl/]: Registry entry listened Registry Entry [minecraft:item / fossil:bone_leg_parasaurolophus] was not realized!
[01Sep2026 01:04:30.388] [main/WARN] [dev.architectury.registry.registries.forge.RegistrarManagerImpl/]: Registry entry listened Registry Entry [minecraft:item / fossil:bone_leg_titanis] was not realized!
[01Sep2026 01:04:30.388] [main/WARN] [dev.architectury.registry.registries.forge.RegistrarManagerImpl/]: Registry entry listened Registry Entry [minecraft:item / fossil:meat_megalograptus] was not realized!
[01Sep2026 01:04:30.388] [main/WARN] [dev.architectury.registry.registries.forge.RegistrarManagerImpl/]: Registry entry listened Registry Entry [minecraft:item / fossil:bone_tail_kelenken] was not realized!
[01Sep2026 01:04:30.388] [main/WARN] [dev.architectury.registry.registries.forge.RegistrarManagerImpl/]: Registry entry listened Registry Entry [minecraft:item / fossil:spawn_egg_dimorphodon] was not realized!
[01Sep2026 01:04:30.388] [main/WARN] [dev.architectury.registry.registries.forge.RegistrarManagerImpl/]: Registry entry listened Registry Entry [minecraft:item / fossil:spawn_egg_dodo] was not realized!
[01Sep2026 01:04:30.388] [main/WARN] [dev.architectury.registry.registries.forge.RegistrarManagerImpl/]: Registry entry listened Registry Entry [minecraft:item / fossil:bone_vertebrae_spinosaurus] was not realized!
[01Sep2026 01:04:30.388] [main/WARN] [dev.architectury.registry.registries.forge.RegistrarManagerImpl/]: Registry entry listened Registry Entry [minecraft:item / fossil:meat_postosuchus] was not realized!
[01Sep2026 01:04:30.388] [main/WARN] [dev.architectury.registry.registries.forge.RegistrarManagerImpl/]: Registry entry listened Registry Entry [minecraft:item / fossil:egg_item_therizinosaurus] was not realized!
[01Sep2026 01:04:30.388] [main/WARN] [dev.architectury.registry.registries.forge.RegistrarManagerImpl/]: Registry entry listened Registry Entry [minecraft:item / fossil:cooked_elasmotherium] was not realized!
[01Sep2026 01:04:30.388] [main/WARN] [dev.architectury.registry.registries.forge.RegistrarManagerImpl/]: Registry entry listened Registry Entry [minecraft:item / fossil:bone_leg_gallimimus] was not realized!
[01Sep2026 01:04:30.388] [main/WARN] [dev.architectury.registry.registries.forge.RegistrarManagerImpl/]: Registry entry listened Registry Entry [minecraft:item / fossil:meat_brachiosaurus] was not realized!
[01Sep2026 01:04:30.388] [main/WARN] [dev.architectury.registry.registries.forge.RegistrarManagerImpl/]: Registry entry listened Registry Entry [minecraft:item / fossil:bone_ribcage_titanis] was not realized!
[01Sep2026 01:04:30.388] [main/WARN] [dev.architectury.registry.registries.forge.RegistrarManagerImpl/]: Registry entry listened Registry Entry [minecraft:item / fossil:bone_skull_platybelodon] was not realized!
[01Sep2026 01:04:30.388] [main/WARN] [dev.architectury.registry.registries.forge.RegistrarManagerImpl/]: Registry entry listened Registry Entry [minecraft:item / fossil:bone_unique_crassigyrinus] was not realized!
[01Sep2026 01:04:30.388] [main/WARN] [dev.architectury.registry.registries.forge.RegistrarManagerImpl/]: Registry entry listened Registry Entry [minecraft:item / fossil:bone_leg_stegosaurus] was not realized!
[01Sep2026 01:04:30.388] [main/WARN] [dev.architectury.registry.registries.forge.RegistrarManagerImpl/]: Registry entry listened Registry Entry [minecraft:item / fossil:spawn_egg_smilodon] was not realized!
[01Sep2026 01:04:30.388] [main/WARN] [dev.architectury.registry.registries.forge.RegistrarManagerImpl/]: Registry entry listened Registry Entry [minecraft:item / fossil:cooked_compsognathus] was not realized!
[01Sep2026 01:04:30.388] [main/WARN] [dev.architectury.registry.registries.forge.RegistrarManagerImpl/]: Registry entry listened Registry Entry [minecraft:item / fossil:meat_dilophosaurus] was not realized!
[01Sep2026 01:04:30.388] [main/WARN] [dev.architectury.registry.registries.forge.RegistrarManagerImpl/]: Registry entry listened Registry Entry [minecraft:item / fossil:bone_arm_mosasaurus] was not realized!
[01Sep2026 01:04:30.388] [main/WARN] [dev.architectury.registry.registries.forge.RegistrarManagerImpl/]: Registry entry listened Registry Entry [minecraft:item / fossil:syringe_donkey] was not realized!
[01Sep2026 01:04:30.388] [main/WARN] [dev.architectury.registry.registries.forge.RegistrarManagerImpl/]: Registry entry listened Registry Entry [minecraft:item / fossil:bone_foot_deinonychus] was not realized!
[01Sep2026 01:04:30.388] [main/WARN] [dev.architectury.registry.registries.forge.RegistrarManagerImpl/]: Registry entry listened Registry Entry [minecraft:item / fossil:egg_item_diplocaulus] was not realized!
[01Sep2026 01:04:30.388] [main/WARN] [dev.architectury.registry.registries.forge.RegistrarManagerImpl/]: Registry entry listened Registry Entry [minecraft:item / fossil:parrot_dna] was not realized!
[01Sep2026 01:04:30.388] [main/WARN] [dev.architectury.registry.registries.forge.RegistrarManagerImpl/]: Registry entry listened Registry Entry [minecraft:item / fossil:bone_vertebrae_mammoth] was not realized!
[01Sep2026 01:04:30.388] [main/WARN] [dev.architectury.registry.registries.forge.RegistrarManagerImpl/]: Registry entry listened Registry Entry [minecraft:item / fossil:bone_vertebrae_smilodon] was not realized!
[01Sep2026 01:04:30.388] [main/WARN] [dev.architectury.registry.registries.forge.RegistrarManagerImpl/]: Registry entry listened Registry Entry [minecraft:item / fossil:bone_unique_mammoth] was not realized!
[01Sep2026 01:04:30.388] [main/WARN] [dev.architectury.registry.registries.forge.RegistrarManagerImpl/]: Registry entry listened Registry Entry [minecraft:item / fossil:meat_ceratosaurus] was not realized!
[01Sep2026 01:04:30.388] [main/WARN] [dev.architectury.registry.registries.forge.RegistrarManagerImpl/]: Registry entry listened Registry Entry [minecraft:item / fossil:bone_ribcage_stegosaurus] was not realized!
[01Sep2026 01:04:30.388] [main/WARN] [dev.architectury.registry.registries.forge.RegistrarManagerImpl/]: Registry entry listened Registry Entry [minecraft:item / fossil:bone_unique_gastornis] was not realized!
[01Sep2026 01:04:30.388] [main/WARN] [dev.architectury.registry.registries.forge.RegistrarManagerImpl/]: Registry entry listened Registry Entry [minecraft:item / fossil:meat_walliserops] was not realized!
[01Sep2026 01:04:30.388] [main/WARN] [dev.architectury.registry.registries.forge.RegistrarManagerImpl/]: Registry entry listened Registry Entry [minecraft:item / fossil:egg_titanis] was not realized!
[01Sep2026 01:04:30.388] [main/WARN] [dev.architectury.registry.registries.forge.RegistrarManagerImpl/]: Registry entry listened Registry Entry [minecraft:item / fossil:bone_leg_edaphosaurus] was not realized!
[01Sep2026 01:04:30.388] [main/WARN] [dev.architectury.registry.registries.forge.RegistrarManagerImpl/]: Registry entry listened Registry Entry [minecraft:item / fossil:bone_leg_psittacosaurus] was not realized!
[01Sep2026 01:04:30.389] [main/WARN] [dev.architectury.registry.registries.forge.RegistrarManagerImpl/]: Registry entry listened Registry Entry [minecraft:item / fossil:bone_ribcage_gastornis] was not realized!
[01Sep2026 01:04:30.389] [main/WARN] [dev.architectury.registry.registries.forge.RegistrarManagerImpl/]: Registry entry listened Registry Entry [minecraft:item / fossil:bone_ribcage_edaphosaurus] was not realized!
[01Sep2026 01:04:30.389] [main/WARN] [dev.architectury.registry.registries.forge.RegistrarManagerImpl/]: Registry entry listened Registry Entry [minecraft:item / fossil:bone_tail_phorusrhacos] was not realized!
[01Sep2026 01:04:30.389] [main/WARN] [dev.architectury.registry.registries.forge.RegistrarManagerImpl/]: Registry entry listened Registry Entry [minecraft:item / fossil:bone_skull_triceratops] was not realized!
[01Sep2026 01:04:30.389] [main/WARN] [dev.architectury.registry.registries.forge.RegistrarManagerImpl/]: Registry entry listened Registry Entry [minecraft:item / fossil:bone_skull_dryosaurus] was not realized!
[01Sep2026 01:04:30.389] [main/WARN] [dev.architectury.registry.registries.forge.RegistrarManagerImpl/]: Registry entry listened Registry Entry [minecraft:item / fossil:bone_arm_stegosaurus] was not realized!
[01Sep2026 01:04:30.389] [main/WARN] [dev.architectury.registry.registries.forge.RegistrarManagerImpl/]: Registry entry listened Registry Entry [minecraft:item / fossil:bone_ribcage_pteranodon] was not realized!
[01Sep2026 01:04:30.389] [main/WARN] [dev.architectury.registry.registries.forge.RegistrarManagerImpl/]: Registry entry listened Registry Entry [minecraft:item / fossil:egg_item_pufferfish] was not realized!
[01Sep2026 01:04:30.389] [main/WARN] [dev.architectury.registry.registries.forge.RegistrarManagerImpl/]: Registry entry listened Registry Entry [minecraft:item / fossil:syringe_quagga] was not realized!
[01Sep2026 01:04:30.389] [main/WARN] [dev.architectury.registry.registries.forge.RegistrarManagerImpl/]: Registry entry listened Registry Entry [minecraft:item / fossil:meat_compsognathus] was not realized!
[01Sep2026 01:04:30.389] [main/WARN] [dev.architectury.registry.registries.forge.RegistrarManagerImpl/]: Registry entry listened Registry Entry [minecraft:item / fossil:bone_foot_elasmotherium] was not realized!
[01Sep2026 01:04:30.389] [main/WARN] [dev.architectury.registry.registries.forge.RegistrarManagerImpl/]: Registry entry listened Registry Entry [minecraft:item / fossil:cow_dna] was not realized!
[01Sep2026 01:04:30.389] [main/WARN] [dev.architectury.registry.registries.forge.RegistrarManagerImpl/]: Registry entry listened Registry Entry [minecraft:item / fossil:spawn_egg_edaphosaurus] was not realized!
[01Sep2026 01:04:30.389] [main/WARN] [dev.architectury.registry.registries.forge.RegistrarManagerImpl/]: Registry entry listened Registry Entry [minecraft:item / fossil:bone_vertebrae_dimetrodon] was not realized!
[01Sep2026 01:04:30.389] [main/WARN] [dev.architectury.registry.registries.forge.RegistrarManagerImpl/]: Registry entry listened Registry Entry [minecraft:item / fossil:cooked_mammoth] was not realized!
[01Sep2026 01:04:30.389] [main/WARN] [dev.architectury.registry.registries.forge.RegistrarManagerImpl/]: Registry entry listened Registry Entry [minecraft:item / fossil:bone_vertebrae_protoceratops] was not realized!
[01Sep2026 01:04:30.389] [main/WARN] [dev.architectury.registry.registries.forge.RegistrarManagerImpl/]: Registry entry listened Registry Entry [minecraft:item / fossil:egg_confuciusornis] was not realized!
[01Sep2026 01:04:30.389] [main/WARN] [dev.architectury.registry.registries.forge.RegistrarManagerImpl/]: Registry entry listened Registry Entry [minecraft:item / fossil:bone_arm_mammoth] was not realized!
[01Sep2026 01:04:30.389] [main/WARN] [dev.architectury.registry.registries.forge.RegistrarManagerImpl/]: Registry entry listened Registry Entry [minecraft:item / fossil:spawn_egg_gastornis] was not realized!
[01Sep2026 01:04:30.389] [main/WARN] [dev.architectury.registry.registries.forge.RegistrarManagerImpl/]: Registry entry listened Registry Entry [minecraft:item / fossil:cooked_megalograptus] was not realized!
[01Sep2026 01:04:30.389] [main/WARN] [dev.architectury.registry.registries.forge.RegistrarManagerImpl/]: Registry entry listened Registry Entry [minecraft:item / fossil:meat_therizinosaurus] was not realized!
[01Sep2026 01:04:30.389] [main/WARN] [dev.architectury.registry.registries.forge.RegistrarManagerImpl/]: Registry entry listened Registry Entry [minecraft:item / fossil:confuciusornis_dna] was not realized!
[01Sep2026 01:04:30.389] [main/WARN] [dev.architectury.registry.registries.forge.RegistrarManagerImpl/]: Registry entry listened Registry Entry [minecraft:item / fossil:egg_item_pachycephalosaurus] was not realized!
[01Sep2026 01:04:30.389] [main/WARN] [dev.architectury.registry.registries.forge.RegistrarManagerImpl/]: Registry entry listened Registry Entry [minecraft:item / fossil:bone_leg_dryosaurus] was not realized!
[01Sep2026 01:04:30.389] [main/WARN] [dev.architectury.registry.registries.forge.RegistrarManagerImpl/]: Registry entry listened Registry Entry [minecraft:item / fossil:bone_skull_allosaurus] was not realized!
[01Sep2026 01:04:30.389] [main/WARN] [dev.architectury.registry.registries.forge.RegistrarManagerImpl/]: Registry entry listened Registry Entry [minecraft:item / fossil:bone_foot_platybelodon] was not realized!
[01Sep2026 01:04:30.389] [main/WARN] [dev.architectury.registry.registries.forge.RegistrarManagerImpl/]: Registry entry listened Registry Entry [minecraft:item / fossil:bone_unique_therizinosaurus] was not realized!
[01Sep2026 01:04:30.389] [main/WARN] [dev.architectury.registry.registries.forge.RegistrarManagerImpl/]: Registry entry listened Registry Entry [minecraft:item / fossil:egg_item_liopleurodon] was not realized!
[01Sep2026 01:04:30.389] [main/WARN] [dev.architectury.registry.registries.forge.RegistrarManagerImpl/]: Registry entry listened Registry Entry [minecraft:item / fossil:bone_tail_deinonychus] was not realized!
[01Sep2026 01:04:30.389] [main/WARN] [dev.architectury.registry.registries.forge.RegistrarManagerImpl/]: Registry entry listened Registry Entry [minecraft:item / fossil:bone_leg_kelenken] was not realized!
[01Sep2026 01:04:30.389] [main/WARN] [dev.architectury.registry.registries.forge.RegistrarManagerImpl/]: Registry entry listened Registry Entry [minecraft:item / fossil:bone_tail_stegosaurus] was not realized!
[01Sep2026 01:04:30.389] [main/WARN] [dev.architectury.registry.registries.forge.RegistrarManagerImpl/]: Registry entry listened Registry Entry [minecraft:item / fossil:cooked_pteranodon] was not realized!
[01Sep2026 01:04:30.389] [main/WARN] [dev.architectury.registry.registries.forge.RegistrarManagerImpl/]: Registry entry listened Registry Entry [minecraft:item / fossil:bucket_item_henodus] was not realized!
[01Sep2026 01:04:30.389] [main/WARN] [dev.architectury.registry.registries.forge.RegistrarManagerImpl/]: Registry entry listened Registry Entry [minecraft:item / fossil:velociraptor_dna] was not realized!
[01Sep2026 01:04:30.389] [main/WARN] [dev.architectury.registry.registries.forge.RegistrarManagerImpl/]: Registry entry listened Registry Entry [minecraft:item / fossil:bone_skull_diplodocus] was not realized!
[01Sep2026 01:04:30.389] [main/WARN] [dev.architectury.registry.registries.forge.RegistrarManagerImpl/]: Registry entry listened Registry Entry [minecraft:item / fossil:meat_meganeura] was not realized!
[01Sep2026 01:04:30.389] [main/WARN] [dev.architectury.registry.registries.forge.RegistrarManagerImpl/]: Registry entry listened Registry Entry [minecraft:item / fossil:bone_foot_velociraptor] was not realized!
[01Sep2026 01:04:30.389] [main/WARN] [dev.architectury.registry.registries.forge.RegistrarManagerImpl/]: Registry entry listened Registry Entry [minecraft:item / fossil:bone_foot_dimetrodon] was not realized!
[01Sep2026 01:04:30.389] [main/WARN] [dev.architectury.registry.registries.forge.RegistrarManagerImpl/]: Registry entry listened Registry Entry [minecraft:item / fossil:cooked_edaphosaurus] was not realized!
[01Sep2026 01:04:30.389] [main/WARN] [dev.architectury.registry.registries.forge.RegistrarManagerImpl/]: Registry entry listened Registry Entry [minecraft:item / fossil:spawn_egg_pachyrhinosaurus] was not realized!
[01Sep2026 01:04:30.389] [main/WARN] [dev.architectury.registry.registries.forge.RegistrarManagerImpl/]: Registry entry listened Registry Entry [minecraft:item / fossil:parasaurolophus_dna] was not realized!
[01Sep2026 01:04:30.389] [main/WARN] [dev.architectury.registry.registries.forge.RegistrarManagerImpl/]: Registry entry listened Registry Entry [minecraft:item / fossil:bone_skull_psittacosaurus] was not realized!
[01Sep2026 01:04:30.389] [main/WARN] [dev.architectury.registry.registries.forge.RegistrarManagerImpl/]: Registry entry listened Registry Entry [minecraft:item / fossil:meat_ornitholestes] was not realized!
[01Sep2026 01:04:30.389] [main/WARN] [dev.architectury.registry.registries.forge.RegistrarManagerImpl/]: Registry entry listened Registry Entry [minecraft:item / fossil:bone_leg_confuciusornis] was not realized!
[01Sep2026 01:04:30.389] [main/WARN] [dev.architectury.registry.registries.forge.RegistrarManagerImpl/]: Registry entry listened Registry Entry [minecraft:item / fossil:bone_leg_tiktaalik] was not realized!
[01Sep2026 01:04:30.389] [main/WARN] [dev.architectury.registry.registries.forge.RegistrarManagerImpl/]: Registry entry listened Registry Entry [minecraft:item / fossil:meat_edaphosaurus] was not realized!
[01Sep2026 01:04:30.389] [main/WARN] [dev.architectury.registry.registries.forge.RegistrarManagerImpl/]: Registry entry listened Registry Entry [minecraft:item / fossil:bone_unique_platybelodon] was not realized!
[01Sep2026 01:04:30.389] [main/WARN] [dev.architectury.registry.registries.forge.RegistrarManagerImpl/]: Registry entry listened Registry Entry [minecraft:item / fossil:megalania_dna] was not realized!
[01Sep2026 01:04:30.389] [main/WARN] [dev.architectury.registry.registries.forge.RegistrarManagerImpl/]: Registry entry listened Registry Entry [minecraft:item / fossil:bone_tail_pachycephalosaurus] was not realized!
[01Sep2026 01:04:30.389] [main/WARN] [dev.architectury.registry.registries.forge.RegistrarManagerImpl/]: Registry entry listened Registry Entry [minecraft:item / fossil:bone_skull_gastornis] was not realized!
[01Sep2026 01:04:30.389] [main/WARN] [dev.architectury.registry.registries.forge.RegistrarManagerImpl/]: Registry entry listened Registry Entry [minecraft:item / fossil:cooked_triceratops] was not realized!
[01Sep2026 01:04:30.389] [main/WARN] [dev.architectury.registry.registries.forge.RegistrarManagerImpl/]: Registry entry listened Registry Entry [minecraft:item / fossil:bone_tail_tyrannosaurus] was not realized!
[01Sep2026 01:04:30.389] [main/WARN] [dev.architectury.registry.registries.forge.RegistrarManagerImpl/]: Registry entry listened Registry Entry [minecraft:item / fossil:syringe_megaloceros] was not realized!
[01Sep2026 01:04:30.389] [main/WARN] [dev.architectury.registry.registries.forge.RegistrarManagerImpl/]: Registry entry listened Registry Entry [minecraft:item / fossil:bone_vertebrae_elasmotherium] was not realized!
[01Sep2026 01:04:30.389] [main/WARN] [dev.architectury.registry.registries.forge.RegistrarManagerImpl/]: Registry entry listened Registry Entry [minecraft:item / fossil:cooked_walliserops] was not realized!
[01Sep2026 01:04:30.389] [main/WARN] [dev.architectury.registry.registries.forge.RegistrarManagerImpl/]: Registry entry listened Registry Entry [minecraft:item / fossil:cooked_therizinosaurus] was not realized!
[01Sep2026 01:04:30.389] [main/WARN] [dev.architectury.registry.registries.forge.RegistrarManagerImpl/]: Registry entry listened Registry Entry [minecraft:item / fossil:meat_plesiosaurus] was not realized!
[01Sep2026 01:04:30.389] [main/WARN] [dev.architectury.registry.registries.forge.RegistrarManagerImpl/]: Registry entry listened Registry Entry [minecraft:item / fossil:bone_arm_crassigyrinus] was not realized!
[01Sep2026 01:04:30.389] [main/WARN] [dev.architectury.registry.registries.forge.RegistrarManagerImpl/]: Registry entry listened Registry Entry [minecraft:item / fossil:meat_tiktaalik] was not realized!
[01Sep2026 01:04:30.389] [main/WARN] [dev.architectury.registry.registries.forge.RegistrarManagerImpl/]: Registry entry listened Registry Entry [minecraft:item / fossil:dimetrodon_dna] was not realized!
[01Sep2026 01:04:30.389] [main/WARN] [dev.architectury.registry.registries.forge.RegistrarManagerImpl/]: Registry entry listened Registry Entry [minecraft:item / fossil:cooked_dilophosaurus] was not realized!
[01Sep2026 01:04:30.389] [main/WARN] [dev.architectury.registry.registries.forge.RegistrarManagerImpl/]: Registry entry listened Registry Entry [minecraft:item / fossil:spawn_egg_meganeura] was not realized!
[01Sep2026 01:04:30.389] [main/WARN] [dev.architectury.registry.registries.forge.RegistrarManagerImpl/]: Registry entry listened Registry Entry [minecraft:item / fossil:bone_foot_protoceratops] was not realized!
[01Sep2026 01:04:30.389] [main/WARN] [dev.architectury.registry.registries.forge.RegistrarManagerImpl/]: Registry entry listened Registry Entry [minecraft:item / fossil:bucket_item_nautilus] was not realized!
[01Sep2026 01:04:30.389] [main/WARN] [dev.architectury.registry.registries.forge.RegistrarManagerImpl/]: Registry entry listened Registry Entry [minecraft:item / fossil:bucket_item_plesiosaurus] was not realized!
[01Sep2026 01:04:30.389] [main/WARN] [dev.architectury.registry.registries.forge.RegistrarManagerImpl/]: Registry entry listened Registry Entry [minecraft:item / fossil:meat_phorusrhacos] was not realized!
[01Sep2026 01:04:30.389] [main/WARN] [dev.architectury.registry.registries.forge.RegistrarManagerImpl/]: Registry entry listened Registry Entry [minecraft:item / fossil:meat_titanis] was not realized!
[01Sep2026 01:04:30.390] [main/WARN] [dev.architectury.registry.registries.forge.RegistrarManagerImpl/]: Registry entry listened Registry Entry [minecraft:item / fossil:egg_item_tyrannosaurus] was not realized!
[01Sep2026 01:04:30.390] [main/WARN] [dev.architectury.registry.registries.forge.RegistrarManagerImpl/]: Registry entry listened Registry Entry [minecraft:item / fossil:bone_foot_smilodon] was not realized!
[01Sep2026 01:04:30.390] [main/WARN] [dev.architectury.registry.registries.forge.RegistrarManagerImpl/]: Registry entry listened Registry Entry [minecraft:item / fossil:egg_item_parrot] was not realized!
[01Sep2026 01:04:30.390] [main/WARN] [dev.architectury.registry.registries.forge.RegistrarManagerImpl/]: Registry entry listened Registry Entry [minecraft:item / fossil:spawn_egg_parasaurolophus] was not realized!
[01Sep2026 01:04:30.390] [main/WARN] [dev.architectury.registry.registries.forge.RegistrarManagerImpl/]: Registry entry listened Registry Entry [minecraft:item / fossil:quetzalcoatlus_dna] was not realized!
[01Sep2026 01:04:30.390] [main/WARN] [dev.architectury.registry.registries.forge.RegistrarManagerImpl/]: Registry entry listened Registry Entry [minecraft:item / fossil:bone_vertebrae_pachyrhinosaurus] was not realized!
[01Sep2026 01:04:30.390] [main/WARN] [dev.architectury.registry.registries.forge.RegistrarManagerImpl/]: Registry entry listened Registry Entry [minecraft:item / fossil:egg_kelenken] was not realized!
[01Sep2026 01:04:30.390] [main/WARN] [dev.architectury.registry.registries.forge.RegistrarManagerImpl/]: Registry entry listened Registry Entry [minecraft:item / fossil:bone_skull_crassigyrinus] was not realized!
[01Sep2026 01:04:30.390] [main/WARN] [dev.architectury.registry.registries.forge.RegistrarManagerImpl/]: Registry entry listened Registry Entry [minecraft:item / fossil:cooked_diplocaulus] was not realized!
[01Sep2026 01:04:30.390] [main/WARN] [dev.architectury.registry.registries.forge.RegistrarManagerImpl/]: Registry entry listened Registry Entry [minecraft:item / fossil:bone_skull_quetzalcoatlus] was not realized!
[01Sep2026 01:04:30.390] [main/WARN] [dev.architectury.registry.registries.forge.RegistrarManagerImpl/]: Registry entry listened Registry Entry [minecraft:item / fossil:bone_skull_henodus] was not realized!
[01Sep2026 01:04:30.390] [main/WARN] [dev.architectury.registry.registries.forge.RegistrarManagerImpl/]: Registry entry listened Registry Entry [minecraft:item / fossil:bone_tail_henodus] was not realized!
[01Sep2026 01:04:30.390] [main/WARN] [dev.architectury.registry.registries.forge.RegistrarManagerImpl/]: Registry entry listened Registry Entry [minecraft:item / fossil:bone_vertebrae_deinonychus] was not realized!
[01Sep2026 01:04:30.390] [main/WARN] [dev.architectury.registry.registries.forge.RegistrarManagerImpl/]: Registry entry listened Registry Entry [minecraft:item / fossil:meat_diplocaulus] was not realized!
[01Sep2026 01:04:30.390] [main/WARN] [dev.architectury.registry.registries.forge.RegistrarManagerImpl/]: Registry entry listened Registry Entry [minecraft:item / fossil:bucket_item_walliserops] was not realized!
[01Sep2026 01:04:30.390] [main/WARN] [dev.architectury.registry.registries.forge.RegistrarManagerImpl/]: Registry entry listened Registry Entry [minecraft:item / fossil:meat_diplodocus] was not realized!
[01Sep2026 01:04:30.390] [main/WARN] [dev.architectury.registry.registries.forge.RegistrarManagerImpl/]: Registry entry listened Registry Entry [minecraft:item / fossil:bone_leg_dimetrodon] was not realized!
[01Sep2026 01:04:30.390] [main/WARN] [dev.architectury.registry.registries.forge.RegistrarManagerImpl/]: Registry entry listened Registry Entry [minecraft:item / fossil:egg_item_compsognathus] was not realized!
[01Sep2026 01:04:30.390] [main/WARN] [dev.architectury.registry.registries.forge.RegistrarManagerImpl/]: Registry entry listened Registry Entry [minecraft:item / fossil:gallimimus_dna] was not realized!
[01Sep2026 01:04:30.390] [main/WARN] [dev.architectury.registry.registries.forge.RegistrarManagerImpl/]: Registry entry listened Registry Entry [minecraft:item / fossil:bone_unique_titanis] was not realized!
[01Sep2026 01:04:30.390] [main/WARN] [dev.architectury.registry.registries.forge.RegistrarManagerImpl/]: Registry entry listened Registry Entry [minecraft:item / fossil:bone_leg_allosaurus] was not realized!
[01Sep2026 01:04:30.390] [main/WARN] [dev.architectury.registry.registries.forge.RegistrarManagerImpl/]: Registry entry listened Registry Entry [minecraft:item / fossil:bone_unique_tiktaalik] was not realized!
[01Sep2026 01:04:30.390] [main/WARN] [dev.architectury.registry.registries.forge.RegistrarManagerImpl/]: Registry entry listened Registry Entry [minecraft:item / fossil:bone_ribcage_deinonychus] was not realized!
[01Sep2026 01:04:30.390] [main/WARN] [dev.architectury.registry.registries.forge.RegistrarManagerImpl/]: Registry entry listened Registry Entry [minecraft:item / fossil:spawn_egg_sarcosuchus] was not realized!
[01Sep2026 01:04:30.390] [main/WARN] [dev.architectury.registry.registries.forge.RegistrarManagerImpl/]: Registry entry listened Registry Entry [minecraft:item / fossil:bone_foot_pteranodon] was not realized!
[01Sep2026 01:04:30.390] [main/WARN] [dev.architectury.registry.registries.forge.RegistrarManagerImpl/]: Registry entry listened Registry Entry [minecraft:item / fossil:bone_skull_confuciusornis] was not realized!
[01Sep2026 01:04:30.390] [main/WARN] [dev.architectury.registry.registries.forge.RegistrarManagerImpl/]: Registry entry listened Registry Entry [minecraft:item / fossil:cooked_gastornis] was not realized!
[01Sep2026 01:04:30.390] [main/WARN] [dev.architectury.registry.registries.forge.RegistrarManagerImpl/]: Registry entry listened Registry Entry [minecraft:item / fossil:egg_item_triceratops] was not realized!
[01Sep2026 01:04:30.390] [main/WARN] [dev.architectury.registry.registries.forge.RegistrarManagerImpl/]: Registry entry listened Registry Entry [minecraft:item / fossil:meat_megaloceros] was not realized!
[01Sep2026 01:04:30.390] [main/WARN] [dev.architectury.registry.registries.forge.RegistrarManagerImpl/]: Registry entry listened Registry Entry [minecraft:item / fossil:egg_item_walliserops] was not realized!
[01Sep2026 01:04:30.390] [main/WARN] [dev.architectury.registry.registries.forge.RegistrarManagerImpl/]: Registry entry listened Registry Entry [minecraft:item / fossil:bone_leg_deinonychus] was not realized!
[01Sep2026 01:04:30.390] [main/WARN] [dev.architectury.registry.registries.forge.RegistrarManagerImpl/]: Registry entry listened Registry Entry [minecraft:item / fossil:egg_item_pteranodon] was not realized!
[01Sep2026 01:04:30.390] [main/WARN] [dev.architectury.registry.registries.forge.RegistrarManagerImpl/]: Registry entry listened Registry Entry [minecraft:item / fossil:meat_nautilus] was not realized!
[01Sep2026 01:04:30.390] [main/WARN] [dev.architectury.registry.registries.forge.RegistrarManagerImpl/]: Registry entry listened Registry Entry [minecraft:item / fossil:bone_leg_quetzalcoatlus] was not realized!
[01Sep2026 01:04:30.390] [main/WARN] [dev.architectury.registry.registries.forge.RegistrarManagerImpl/]: Registry entry listened Registry Entry [minecraft:item / fossil:bone_vertebrae_quetzalcoatlus] was not realized!
[01Sep2026 01:04:30.390] [main/WARN] [dev.architectury.registry.registries.forge.RegistrarManagerImpl/]: Registry entry listened Registry Entry [minecraft:item / fossil:spawn_egg_triceratops] was not realized!
[01Sep2026 01:04:30.390] [main/WARN] [dev.architectury.registry.registries.forge.RegistrarManagerImpl/]: Registry entry listened Registry Entry [minecraft:item / fossil:pig_dna] was not realized!
[01Sep2026 01:04:30.390] [main/WARN] [dev.architectury.registry.registries.forge.RegistrarManagerImpl/]: Registry entry listened Registry Entry [minecraft:item / fossil:spawn_egg_ornitholestes] was not realized!
[01Sep2026 01:04:30.390] [main/WARN] [dev.architectury.registry.registries.forge.RegistrarManagerImpl/]: Registry entry listened Registry Entry [minecraft:item / fossil:meat_gastornis] was not realized!
[01Sep2026 01:04:30.390] [main/WARN] [dev.architectury.registry.registries.forge.RegistrarManagerImpl/]: Registry entry listened Registry Entry [minecraft:item / fossil:cooked_pachyrhinosaurus] was not realized!
[01Sep2026 01:04:30.390] [main/WARN] [dev.architectury.registry.registries.forge.RegistrarManagerImpl/]: Registry entry listened Registry Entry [minecraft:item / fossil:bone_ribcage_mosasaurus] was not realized!
[01Sep2026 01:04:30.390] [main/WARN] [dev.architectury.registry.registries.forge.RegistrarManagerImpl/]: Registry entry listened Registry Entry [minecraft:item / fossil:cooked_ceratosaurus] was not realized!
[01Sep2026 01:04:30.390] [main/WARN] [dev.architectury.registry.registries.forge.RegistrarManagerImpl/]: Registry entry listened Registry Entry [minecraft:item / fossil:meat_scotoharpes] was not realized!
[01Sep2026 01:04:30.390] [main/WARN] [dev.architectury.registry.registries.forge.RegistrarManagerImpl/]: Registry entry listened Registry Entry [minecraft:item / fossil:bone_ribcage_ankylosaurus] was not realized!
[01Sep2026 01:04:30.390] [main/WARN] [dev.architectury.registry.registries.forge.RegistrarManagerImpl/]: Registry entry listened Registry Entry [minecraft:item / fossil:bone_foot_dilophosaurus] was not realized!
[01Sep2026 01:04:30.390] [main/WARN] [dev.architectury.registry.registries.forge.RegistrarManagerImpl/]: Registry entry listened Registry Entry [minecraft:item / fossil:cooked_protoceratops] was not realized!
[01Sep2026 01:04:30.390] [main/WARN] [dev.architectury.registry.registries.forge.RegistrarManagerImpl/]: Registry entry listened Registry Entry [minecraft:item / fossil:bone_vertebrae_allosaurus] was not realized!
[01Sep2026 01:04:30.390] [main/WARN] [dev.architectury.registry.registries.forge.RegistrarManagerImpl/]: Registry entry listened Registry Entry [minecraft:item / fossil:egg_item_aquilolamna] was not realized!
[01Sep2026 01:04:30.390] [main/WARN] [dev.architectury.registry.registries.forge.RegistrarManagerImpl/]: Registry entry listened Registry Entry [minecraft:item / fossil:spawn_egg_pachycephalosaurus] was not realized!
[01Sep2026 01:04:30.390] [main/WARN] [dev.architectury.registry.registries.forge.RegistrarManagerImpl/]: Registry entry listened Registry Entry [minecraft:item / fossil:cooked_mosasaurus] was not realized!
[01Sep2026 01:04:30.390] [main/WARN] [dev.architectury.registry.registries.forge.RegistrarManagerImpl/]: Registry entry listened Registry Entry [minecraft:item / fossil:bone_skull_phorusrhacos] was not realized!
[01Sep2026 01:04:30.390] [main/WARN] [dev.architectury.registry.registries.forge.RegistrarManagerImpl/]: Registry entry listened Registry Entry [minecraft:item / fossil:egg_item_tropical_fish] was not realized!
[01Sep2026 01:04:30.390] [main/WARN] [dev.architectury.registry.registries.forge.RegistrarManagerImpl/]: Registry entry listened Registry Entry [minecraft:item / fossil:bone_tail_tiktaalik] was not realized!
[01Sep2026 01:04:30.390] [main/WARN] [dev.architectury.registry.registries.forge.RegistrarManagerImpl/]: Registry entry listened Registry Entry [minecraft:item / fossil:bone_unique_confuciusornis] was not realized!
[01Sep2026 01:04:30.390] [main/WARN] [dev.architectury.registry.registries.forge.RegistrarManagerImpl/]: Registry entry listened Registry Entry [minecraft:item / fossil:meat_citipati] was not realized!
[01Sep2026 01:04:30.390] [main/WARN] [dev.architectury.registry.registries.forge.RegistrarManagerImpl/]: Registry entry listened Registry Entry [minecraft:item / fossil:meat_smilodon] was not realized!
[01Sep2026 01:04:30.390] [main/WARN] [dev.architectury.registry.registries.forge.RegistrarManagerImpl/]: Registry entry listened Registry Entry [minecraft:item / fossil:bone_arm_megalania] was not realized!
[01Sep2026 01:04:30.390] [main/WARN] [dev.architectury.registry.registries.forge.RegistrarManagerImpl/]: Registry entry listened Registry Entry [minecraft:item / fossil:bone_leg_gastornis] was not realized!
[01Sep2026 01:04:30.390] [main/WARN] [dev.architectury.registry.registries.forge.RegistrarManagerImpl/]: Registry entry listened Registry Entry [minecraft:item / fossil:bone_unique_postosuchus] was not realized!
[01Sep2026 01:04:30.390] [main/WARN] [dev.architectury.registry.registries.forge.RegistrarManagerImpl/]: Registry entry listened Registry Entry [minecraft:item / fossil:bone_unique_dryosaurus] was not realized!
[01Sep2026 01:04:30.390] [main/WARN] [dev.architectury.registry.registries.forge.RegistrarManagerImpl/]: Registry entry listened Registry Entry [minecraft:item / fossil:bone_unique_ichthyosaurus] was not realized!
[01Sep2026 01:04:30.390] [main/WARN] [dev.architectury.registry.registries.forge.RegistrarManagerImpl/]: Registry entry listened Registry Entry [minecraft:item / fossil:walliserops_dna] was not realized!
[01Sep2026 01:04:30.390] [main/WARN] [dev.architectury.registry.registries.forge.RegistrarManagerImpl/]: Registry entry listened Registry Entry [minecraft:item / fossil:cooked_aquilolamna] was not realized!
[01Sep2026 01:04:30.390] [main/WARN] [dev.architectury.registry.registries.forge.RegistrarManagerImpl/]: Registry entry listened Registry Entry [minecraft:item / fossil:ankylosaurus_dna] was not realized!
[01Sep2026 01:04:30.390] [main/WARN] [dev.architectury.registry.registries.forge.RegistrarManagerImpl/]: Registry entry listened Registry Entry [minecraft:item / fossil:bone_arm_dodo] was not realized!
[01Sep2026 01:04:30.390] [main/WARN] [dev.architectury.registry.registries.forge.RegistrarManagerImpl/]: Registry entry listened Registry Entry [minecraft:item / fossil:bucket_item_scotoharpes] was not realized!
[01Sep2026 01:04:30.390] [main/WARN] [dev.architectury.registry.registries.forge.RegistrarManagerImpl/]: Registry entry listened Registry Entry [minecraft:item / fossil:bone_tail_dryosaurus] was not realized!
[01Sep2026 01:04:30.390] [main/WARN] [dev.architectury.registry.registries.forge.RegistrarManagerImpl/]: Registry entry listened Registry Entry [minecraft:item / fossil:bone_arm_titanis] was not realized!
[01Sep2026 01:04:30.390] [main/WARN] [dev.architectury.registry.registries.forge.RegistrarManagerImpl/]: Registry entry listened Registry Entry [minecraft:item / fossil:bone_skull_sarcosuchus] was not realized!
[01Sep2026 01:04:30.390] [main/WARN] [dev.architectury.registry.registries.forge.RegistrarManagerImpl/]: Registry entry listened Registry Entry [minecraft:item / fossil:meat_elasmotherium] was not realized!
[01Sep2026 01:04:30.390] [main/WARN] [dev.architectury.registry.registries.forge.RegistrarManagerImpl/]: Registry entry listened Registry Entry [minecraft:item / fossil:dicranurus_dna] was not realized!
[01Sep2026 01:04:30.390] [main/WARN] [dev.architectury.registry.registries.forge.RegistrarManagerImpl/]: Registry entry listened Registry Entry [minecraft:item / fossil:bone_skull_plesiosaurus] was not realized!
[01Sep2026 01:04:30.390] [main/WARN] [dev.architectury.registry.registries.forge.RegistrarManagerImpl/]: Registry entry listened Registry Entry [minecraft:item / fossil:dodo_dna] was not realized!
[01Sep2026 01:04:30.390] [main/WARN] [dev.architectury.registry.registries.forge.RegistrarManagerImpl/]: Registry entry listened Registry Entry [minecraft:item / fossil:bone_tail_mammoth] was not realized!
[01Sep2026 01:04:30.390] [main/WARN] [dev.architectury.registry.registries.forge.RegistrarManagerImpl/]: Registry entry listened Registry Entry [minecraft:item / fossil:bone_skull_pachyrhinosaurus] was not realized!
[01Sep2026 01:04:30.390] [main/WARN] [dev.architectury.registry.registries.forge.RegistrarManagerImpl/]: Registry entry listened Registry Entry [minecraft:item / fossil:cooked_phorusrhacos] was not realized!
[01Sep2026 01:04:30.390] [main/WARN] [dev.architectury.registry.registries.forge.RegistrarManagerImpl/]: Registry entry listened Registry Entry [minecraft:item / fossil:meat_aquilolamna] was not realized!
[01Sep2026 01:04:30.391] [main/WARN] [dev.architectury.registry.registries.forge.RegistrarManagerImpl/]: Registry entry listened Registry Entry [minecraft:item / fossil:bone_vertebrae_gallimimus] was not realized!
[01Sep2026 01:04:30.391] [main/WARN] [dev.architectury.registry.registries.forge.RegistrarManagerImpl/]: Registry entry listened Registry Entry [minecraft:item / fossil:bone_leg_ankylosaurus] was not realized!
[01Sep2026 01:04:30.391] [main/WARN] [dev.architectury.registry.registries.forge.RegistrarManagerImpl/]: Registry entry listened Registry Entry [minecraft:item / fossil:spawn_egg_ankylosaurus] was not realized!
[01Sep2026 01:04:30.391] [main/WARN] [dev.architectury.registry.registries.forge.RegistrarManagerImpl/]: Registry entry listened Registry Entry [minecraft:item / fossil:bucket_item_sturgeon] was not realized!
[01Sep2026 01:04:30.391] [main/WARN] [dev.architectury.registry.registries.forge.RegistrarManagerImpl/]: Registry entry listened Registry Entry [minecraft:item / fossil:bone_arm_pteranodon] was not realized!
[01Sep2026 01:04:30.391] [main/WARN] [dev.architectury.registry.registries.forge.RegistrarManagerImpl/]: Registry entry listened Registry Entry [minecraft:item / fossil:bone_vertebrae_quagga] was not realized!
[01Sep2026 01:04:30.391] [main/WARN] [dev.architectury.registry.registries.forge.RegistrarManagerImpl/]: Registry entry listened Registry Entry [minecraft:item / fossil:bee_dna] was not realized!
[01Sep2026 01:04:30.391] [main/WARN] [dev.architectury.registry.registries.forge.RegistrarManagerImpl/]: Registry entry listened Registry Entry [minecraft:item / fossil:egg_item_brachiosaurus] was not realized!
[01Sep2026 01:04:30.391] [main/WARN] [dev.architectury.registry.registries.forge.RegistrarManagerImpl/]: Registry entry listened Registry Entry [minecraft:item / fossil:syringe_smilodon] was not realized!
[01Sep2026 01:04:30.391] [main/WARN] [dev.architectury.registry.registries.forge.RegistrarManagerImpl/]: Registry entry listened Registry Entry [minecraft:item / fossil:cod_dna] was not realized!
[01Sep2026 01:04:30.391] [main/WARN] [dev.architectury.registry.registries.forge.RegistrarManagerImpl/]: Registry entry listened Registry Entry [minecraft:item / fossil:bat_dna] was not realized!
[01Sep2026 01:04:30.391] [main/WARN] [dev.architectury.registry.registries.forge.RegistrarManagerImpl/]: Registry entry listened Registry Entry [minecraft:item / fossil:cooked_quetzalcoatlus] was not realized!
[01Sep2026 01:04:30.391] [main/WARN] [dev.architectury.registry.registries.forge.RegistrarManagerImpl/]: Registry entry listened Registry Entry [minecraft:item / fossil:bone_ribcage_tyrannosaurus] was not realized!
[01Sep2026 01:04:30.391] [main/WARN] [dev.architectury.registry.registries.forge.RegistrarManagerImpl/]: Registry entry listened Registry Entry [minecraft:item / fossil:bone_ribcage_parasaurolophus] was not realized!
[01Sep2026 01:04:30.391] [main/WARN] [dev.architectury.registry.registries.forge.RegistrarManagerImpl/]: Registry entry listened Registry Entry [minecraft:item / fossil:fox_dna] was not realized!
[01Sep2026 01:04:30.391] [main/WARN] [dev.architectury.registry.registries.forge.RegistrarManagerImpl/]: Registry entry listened Registry Entry [minecraft:item / fossil:bone_foot_gallimimus] was not realized!
[01Sep2026 01:04:30.391] [main/WARN] [dev.architectury.registry.registries.forge.RegistrarManagerImpl/]: Registry entry listened Registry Entry [minecraft:item / fossil:bone_arm_deinonychus] was not realized!
[01Sep2026 01:04:30.391] [main/WARN] [dev.architectury.registry.registries.forge.RegistrarManagerImpl/]: Registry entry listened Registry Entry [minecraft:item / fossil:bone_tail_edaphosaurus] was not realized!
[01Sep2026 01:04:30.391] [main/WARN] [dev.architectury.registry.registries.forge.RegistrarManagerImpl/]: Registry entry listened Registry Entry [minecraft:item / fossil:bucket_item_aquilolamna] was not realized!
[01Sep2026 01:04:30.391] [main/WARN] [dev.architectury.registry.registries.forge.RegistrarManagerImpl/]: Registry entry listened Registry Entry [minecraft:item / fossil:bone_ribcage_dimetrodon] was not realized!
[01Sep2026 01:04:30.391] [main/WARN] [dev.architectury.registry.registries.forge.RegistrarManagerImpl/]: Registry entry listened Registry Entry [minecraft:item / fossil:bone_vertebrae_plesiosaurus] was not realized!
[01Sep2026 01:04:30.391] [main/WARN] [dev.architectury.registry.registries.forge.RegistrarManagerImpl/]: Registry entry listened Registry Entry [minecraft:item / fossil:bone_arm_protoceratops] was not realized!
[01Sep2026 01:04:30.391] [main/WARN] [dev.architectury.registry.registries.forge.RegistrarManagerImpl/]: Registry entry listened Registry Entry [minecraft:item / fossil:bone_vertebrae_sarcosuchus] was not realized!
[01Sep2026 01:04:30.391] [main/WARN] [dev.architectury.registry.registries.forge.RegistrarManagerImpl/]: Registry entry listened Registry Entry [minecraft:item / fossil:bone_tail_spinosaurus] was not realized!
[01Sep2026 01:04:30.391] [main/WARN] [dev.architectury.registry.registries.forge.RegistrarManagerImpl/]: Registry entry listened Registry Entry [minecraft:item / fossil:ceratosaurus_dna] was not realized!
[01Sep2026 01:04:30.391] [main/WARN] [dev.architectury.registry.registries.forge.RegistrarManagerImpl/]: Registry entry listened Registry Entry [minecraft:item / fossil:bone_tail_gallimimus] was not realized!
[01Sep2026 01:04:30.391] [main/WARN] [dev.architectury.registry.registries.forge.RegistrarManagerImpl/]: Registry entry listened Registry Entry [minecraft:item / fossil:egg_item_parasaurolophus] was not realized!
[01Sep2026 01:04:30.391] [main/WARN] [dev.architectury.registry.registries.forge.RegistrarManagerImpl/]: Registry entry listened Registry Entry [minecraft:item / fossil:spawn_egg_diplodocus] was not realized!
[01Sep2026 01:04:30.391] [main/WARN] [dev.architectury.registry.registries.forge.RegistrarManagerImpl/]: Registry entry listened Registry Entry [minecraft:item / fossil:bone_unique_allosaurus] was not realized!
[01Sep2026 01:04:30.391] [main/WARN] [dev.architectury.registry.registries.forge.RegistrarManagerImpl/]: Registry entry listened Registry Entry [minecraft:item / fossil:meat_allosaurus] was not realized!
[01Sep2026 01:04:30.391] [main/WARN] [dev.architectury.registry.registries.forge.RegistrarManagerImpl/]: Registry entry listened Registry Entry [minecraft:item / fossil:edaphosaurus_dna] was not realized!
[01Sep2026 01:04:30.391] [main/WARN] [dev.architectury.registry.registries.forge.RegistrarManagerImpl/]: Registry entry listened Registry Entry [minecraft:item / fossil:bone_vertebrae_pachycephalosaurus] was not realized!
[01Sep2026 01:04:30.391] [main/WARN] [dev.architectury.registry.registries.forge.RegistrarManagerImpl/]: Registry entry listened Registry Entry [minecraft:item / fossil:egg_item_edaphosaurus] was not realized!
[01Sep2026 01:04:30.391] [main/WARN] [dev.architectury.registry.registries.forge.RegistrarManagerImpl/]: Registry entry listened Registry Entry [minecraft:item / fossil:bone_ribcage_mammoth] was not realized!
[01Sep2026 01:04:30.391] [main/WARN] [dev.architectury.registry.registries.forge.RegistrarManagerImpl/]: Registry entry listened Registry Entry [minecraft:item / fossil:bone_leg_ichthyosaurus] was not realized!
[01Sep2026 01:04:30.391] [main/WARN] [dev.architectury.registry.registries.forge.RegistrarManagerImpl/]: Registry entry listened Registry Entry [minecraft:item / fossil:egg_item_meganeura] was not realized!
[01Sep2026 01:04:30.391] [main/WARN] [dev.architectury.registry.registries.forge.RegistrarManagerImpl/]: Registry entry listened Registry Entry [minecraft:item / fossil:bucket_item_alligator_gar] was not realized!
[01Sep2026 01:04:30.391] [main/WARN] [dev.architectury.registry.registries.forge.RegistrarManagerImpl/]: Registry entry listened Registry Entry [minecraft:item / fossil:megaloceros_dna] was not realized!
[01Sep2026 01:04:30.391] [main/WARN] [dev.architectury.registry.registries.forge.RegistrarManagerImpl/]: Registry entry listened Registry Entry [minecraft:item / fossil:syringe_cat] was not realized!
[01Sep2026 01:04:30.391] [main/WARN] [dev.architectury.registry.registries.forge.RegistrarManagerImpl/]: Registry entry listened Registry Entry [minecraft:item / fossil:spawn_egg_lonchodomas] was not realized!
[01Sep2026 01:04:30.391] [main/WARN] [dev.architectury.registry.registries.forge.RegistrarManagerImpl/]: Registry entry listened Registry Entry [minecraft:item / fossil:bone_leg_dodo] was not realized!
[01Sep2026 01:04:30.391] [main/WARN] [dev.architectury.registry.registries.forge.RegistrarManagerImpl/]: Registry entry listened Registry Entry [minecraft:item / fossil:protoceratops_dna] was not realized!
[01Sep2026 01:04:30.391] [main/WARN] [dev.architectury.registry.registries.forge.RegistrarManagerImpl/]: Registry entry listened Registry Entry [minecraft:item / fossil:cooked_liopleurodon] was not realized!
[01Sep2026 01:04:30.391] [main/WARN] [dev.architectury.registry.registries.forge.RegistrarManagerImpl/]: Registry entry listened Registry Entry [minecraft:item / fossil:megalodon_dna] was not realized!
[01Sep2026 01:04:30.391] [main/WARN] [dev.architectury.registry.registries.forge.RegistrarManagerImpl/]: Registry entry listened Registry Entry [minecraft:item / fossil:bone_unique_ornitholestes] was not realized!
[01Sep2026 01:04:30.391] [main/WARN] [dev.architectury.registry.registries.forge.RegistrarManagerImpl/]: Registry entry listened Registry Entry [minecraft:item / fossil:bone_leg_elasmotherium] was not realized!
[01Sep2026 01:04:30.391] [main/WARN] [dev.architectury.registry.registries.forge.RegistrarManagerImpl/]: Registry entry listened Registry Entry [minecraft:item / fossil:megalograptus_dna] was not realized!
[01Sep2026 01:04:30.391] [main/WARN] [dev.architectury.registry.registries.forge.RegistrarManagerImpl/]: Registry entry listened Registry Entry [minecraft:item / fossil:wolf_dna] was not realized!
[01Sep2026 01:04:30.391] [main/WARN] [dev.architectury.registry.registries.forge.RegistrarManagerImpl/]: Registry entry listened Registry Entry [minecraft:item / fossil:bone_leg_mammoth] was not realized!
[01Sep2026 01:04:30.391] [main/WARN] [dev.architectury.registry.registries.forge.RegistrarManagerImpl/]: Registry entry listened Registry Entry [minecraft:item / fossil:egg_item_ankylosaurus] was not realized!
[01Sep2026 01:04:30.391] [main/WARN] [dev.architectury.registry.registries.forge.RegistrarManagerImpl/]: Registry entry listened Registry Entry [minecraft:item / fossil:tiktaalik_dna] was not realized!
[01Sep2026 01:04:30.391] [main/WARN] [dev.architectury.registry.registries.forge.RegistrarManagerImpl/]: Registry entry listened Registry Entry [minecraft:item / fossil:bone_tail_crassigyrinus] was not realized!
[01Sep2026 01:04:30.391] [main/WARN] [dev.architectury.registry.registries.forge.RegistrarManagerImpl/]: Registry entry listened Registry Entry [minecraft:item / fossil:bone_arm_ichthyosaurus] was not realized!
[01Sep2026 01:04:30.391] [main/WARN] [dev.architectury.registry.registries.forge.RegistrarManagerImpl/]: Registry entry listened Registry Entry [minecraft:item / fossil:meat_triceratops] was not realized!
[01Sep2026 01:04:30.391] [main/WARN] [dev.architectury.registry.registries.forge.RegistrarManagerImpl/]: Registry entry listened Registry Entry [minecraft:item / fossil:dilophosaurus_dna] was not realized!
[01Sep2026 01:04:30.391] [main/WARN] [dev.architectury.registry.registries.forge.RegistrarManagerImpl/]: Registry entry listened Registry Entry [minecraft:item / fossil:bone_unique_gallimimus] was not realized!
[01Sep2026 01:04:30.391] [main/WARN] [dev.architectury.registry.registries.forge.RegistrarManagerImpl/]: Registry entry listened Registry Entry [minecraft:item / fossil:bone_unique_velociraptor] was not realized!
[01Sep2026 01:04:30.391] [main/WARN] [dev.architectury.registry.registries.forge.RegistrarManagerImpl/]: Registry entry listened Registry Entry [minecraft:item / fossil:bucket_item_dicranurus] was not realized!
[01Sep2026 01:04:30.391] [main/WARN] [dev.architectury.registry.registries.forge.RegistrarManagerImpl/]: Registry entry listened Registry Entry [minecraft:item / fossil:egg_item_salmon] was not realized!
[01Sep2026 01:04:30.391] [main/WARN] [dev.architectury.registry.registries.forge.RegistrarManagerImpl/]: Registry entry listened Registry Entry [minecraft:item / fossil:cooked_alligator_gar] was not realized!
[01Sep2026 01:04:30.391] [main/WARN] [dev.architectury.registry.registries.forge.RegistrarManagerImpl/]: Registry entry listened Registry Entry [minecraft:item / fossil:bone_vertebrae_citipati] was not realized!
[01Sep2026 01:04:30.391] [main/WARN] [dev.architectury.registry.registries.forge.RegistrarManagerImpl/]: Registry entry listened Registry Entry [minecraft:item / fossil:bone_vertebrae_parasaurolophus] was not realized!
[01Sep2026 01:04:30.391] [main/WARN] [dev.architectury.registry.registries.forge.RegistrarManagerImpl/]: Registry entry listened Registry Entry [minecraft:item / fossil:egg_item_nautilus] was not realized!
[01Sep2026 01:04:30.391] [main/WARN] [dev.architectury.registry.registries.forge.RegistrarManagerImpl/]: Registry entry listened Registry Entry [minecraft:item / fossil:spawn_egg_postosuchus] was not realized!
[01Sep2026 01:04:30.391] [main/WARN] [dev.architectury.registry.registries.forge.RegistrarManagerImpl/]: Registry entry listened Registry Entry [minecraft:item / fossil:bone_leg_diplodocus] was not realized!
[01Sep2026 01:04:30.391] [main/WARN] [dev.architectury.registry.registries.forge.RegistrarManagerImpl/]: Registry entry listened Registry Entry [minecraft:item / fossil:cooked_arthropleura] was not realized!
[01Sep2026 01:04:30.391] [main/WARN] [dev.architectury.registry.registries.forge.RegistrarManagerImpl/]: Registry entry listened Registry Entry [minecraft:item / fossil:syringe_mooshroom] was not realized!
[01Sep2026 01:04:30.391] [main/WARN] [dev.architectury.registry.registries.forge.RegistrarManagerImpl/]: Registry entry listened Registry Entry [minecraft:item / fossil:bone_tail_protoceratops] was not realized!
[01Sep2026 01:04:30.391] [main/WARN] [dev.architectury.registry.registries.forge.RegistrarManagerImpl/]: Registry entry listened Registry Entry [minecraft:item / fossil:bone_vertebrae_phorusrhacos] was not realized!
[01Sep2026 01:04:30.391] [main/WARN] [dev.architectury.registry.registries.forge.RegistrarManagerImpl/]: Registry entry listened Registry Entry [minecraft:item / fossil:bucket_item_tiktaalik] was not realized!
[01Sep2026 01:04:30.391] [main/WARN] [dev.architectury.registry.registries.forge.RegistrarManagerImpl/]: Registry entry listened Registry Entry [minecraft:item / fossil:bone_ribcage_ornitholestes] was not realized!
[01Sep2026 01:04:30.391] [main/WARN] [dev.architectury.registry.registries.forge.RegistrarManagerImpl/]: Registry entry listened Registry Entry [minecraft:item / fossil:bone_leg_quagga] was not realized!
[01Sep2026 01:04:30.391] [main/WARN] [dev.architectury.registry.registries.forge.RegistrarManagerImpl/]: Registry entry listened Registry Entry [minecraft:item / fossil:bone_arm_pachycephalosaurus] was not realized!
[01Sep2026 01:04:30.391] [main/WARN] [dev.architectury.registry.registries.forge.RegistrarManagerImpl/]: Registry entry listened Registry Entry [minecraft:item / fossil:bone_skull_mammoth] was not realized!
[01Sep2026 01:04:30.391] [main/WARN] [dev.architectury.registry.registries.forge.RegistrarManagerImpl/]: Registry entry listened Registry Entry [minecraft:item / fossil:meat_arthropleura] was not realized!
[01Sep2026 01:04:30.391] [main/WARN] [dev.architectury.registry.registries.forge.RegistrarManagerImpl/]: Registry entry listened Registry Entry [minecraft:item / fossil:cooked_megalania] was not realized!
[01Sep2026 01:04:30.392] [main/WARN] [dev.architectury.registry.registries.forge.RegistrarManagerImpl/]: Registry entry listened Registry Entry [minecraft:item / fossil:bone_skull_postosuchus] was not realized!
[01Sep2026 01:04:30.392] [main/WARN] [dev.architectury.registry.registries.forge.RegistrarManagerImpl/]: Registry entry listened Registry Entry [minecraft:item / fossil:meat_crassigyrinus] was not realized!
[01Sep2026 01:04:30.392] [main/WARN] [dev.architectury.registry.registries.forge.RegistrarManagerImpl/]: Registry entry listened Registry Entry [minecraft:item / fossil:egg_item_megalograptus] was not realized!
[01Sep2026 01:04:30.392] [main/WARN] [dev.architectury.registry.registries.forge.RegistrarManagerImpl/]: Registry entry listened Registry Entry [minecraft:item / fossil:bone_ribcage_quetzalcoatlus] was not realized!
[01Sep2026 01:04:30.392] [main/WARN] [dev.architectury.registry.registries.forge.RegistrarManagerImpl/]: Registry entry listened Registry Entry [minecraft:item / fossil:bone_skull_pachycephalosaurus] was not realized!
[01Sep2026 01:04:30.392] [main/WARN] [dev.architectury.registry.registries.forge.RegistrarManagerImpl/]: Registry entry listened Registry Entry [minecraft:item / fossil:bone_unique_diplocaulus] was not realized!
[01Sep2026 01:04:30.392] [main/WARN] [dev.architectury.registry.registries.forge.RegistrarManagerImpl/]: Registry entry listened Registry Entry [minecraft:item / fossil:bone_unique_megaloceros] was not realized!
[01Sep2026 01:04:30.392] [main/WARN] [dev.architectury.registry.registries.forge.RegistrarManagerImpl/]: Registry entry listened Registry Entry [minecraft:item / fossil:bone_leg_postosuchus] was not realized!
[01Sep2026 01:04:30.392] [main/WARN] [dev.architectury.registry.registries.forge.RegistrarManagerImpl/]: Registry entry listened Registry Entry [minecraft:item / fossil:meat_platybelodon] was not realized!
[01Sep2026 01:04:30.392] [main/WARN] [dev.architectury.registry.registries.forge.RegistrarManagerImpl/]: Registry entry listened Registry Entry [minecraft:item / fossil:sniffer_dna] was not realized!
[01Sep2026 01:04:30.392] [main/WARN] [dev.architectury.registry.registries.forge.RegistrarManagerImpl/]: Registry entry listened Registry Entry [minecraft:item / fossil:bone_unique_sarcosuchus] was not realized!
[01Sep2026 01:04:30.392] [main/WARN] [dev.architectury.registry.registries.forge.RegistrarManagerImpl/]: Registry entry listened Registry Entry [minecraft:item / fossil:cooked_psittacosaurus] was not realized!
[01Sep2026 01:04:30.392] [main/WARN] [dev.architectury.registry.registries.forge.RegistrarManagerImpl/]: Registry entry listened Registry Entry [minecraft:item / fossil:bone_leg_pachyrhinosaurus] was not realized!
[01Sep2026 01:04:30.392] [main/WARN] [dev.architectury.registry.registries.forge.RegistrarManagerImpl/]: Registry entry listened Registry Entry [minecraft:item / fossil:egg_item_glow_squid] was not realized!
[01Sep2026 01:04:30.392] [main/WARN] [dev.architectury.registry.registries.forge.RegistrarManagerImpl/]: Registry entry listened Registry Entry [minecraft:item / fossil:bone_tail_compsognathus] was not realized!
[01Sep2026 01:04:30.392] [main/WARN] [dev.architectury.registry.registries.forge.RegistrarManagerImpl/]: Registry entry listened Registry Entry [minecraft:item / fossil:bone_unique_liopleurodon] was not realized!
[01Sep2026 01:04:30.392] [main/WARN] [dev.architectury.registry.registries.forge.RegistrarManagerImpl/]: Registry entry listened Registry Entry [minecraft:item / fossil:bone_arm_kelenken] was not realized!
[01Sep2026 01:04:30.392] [main/WARN] [dev.architectury.registry.registries.forge.RegistrarManagerImpl/]: Registry entry listened Registry Entry [minecraft:item / fossil:bone_foot_stegosaurus] was not realized!
[01Sep2026 01:04:30.392] [main/WARN] [dev.architectury.registry.registries.forge.RegistrarManagerImpl/]: Registry entry listened Registry Entry [minecraft:item / fossil:syringe_dolphin] was not realized!
[01Sep2026 01:04:30.392] [main/WARN] [dev.architectury.registry.registries.forge.RegistrarManagerImpl/]: Registry entry listened Registry Entry [minecraft:item / fossil:egg_item_postosuchus] was not realized!
[01Sep2026 01:04:30.392] [main/WARN] [dev.architectury.registry.registries.forge.RegistrarManagerImpl/]: Registry entry listened Registry Entry [minecraft:item / fossil:bone_foot_ankylosaurus] was not realized!
[01Sep2026 01:04:30.392] [main/WARN] [dev.architectury.registry.registries.forge.RegistrarManagerImpl/]: Registry entry listened Registry Entry [minecraft:item / fossil:bone_ribcage_tiktaalik] was not realized!
[01Sep2026 01:04:30.392] [main/WARN] [dev.architectury.registry.registries.forge.RegistrarManagerImpl/]: Registry entry listened Registry Entry [minecraft:item / fossil:arthropleura_dna] was not realized!
[01Sep2026 01:04:30.392] [main/WARN] [dev.architectury.registry.registries.forge.RegistrarManagerImpl/]: Registry entry listened Registry Entry [minecraft:item / fossil:bone_foot_dryosaurus] was not realized!
[01Sep2026 01:04:30.392] [main/WARN] [dev.architectury.registry.registries.forge.RegistrarManagerImpl/]: Registry entry listened Registry Entry [minecraft:item / fossil:bone_arm_therizinosaurus] was not realized!
[01Sep2026 01:04:30.392] [main/WARN] [dev.architectury.registry.registries.forge.RegistrarManagerImpl/]: Registry entry listened Registry Entry [minecraft:item / fossil:lonchodomas_dna] was not realized!
[01Sep2026 01:04:30.392] [main/WARN] [dev.architectury.registry.registries.forge.RegistrarManagerImpl/]: Registry entry listened Registry Entry [minecraft:item / fossil:spawn_egg_ichthyosaurus] was not realized!
[01Sep2026 01:04:30.392] [main/WARN] [dev.architectury.registry.registries.forge.RegistrarManagerImpl/]: Registry entry listened Registry Entry [minecraft:item / fossil:egg_item_tiktaalik] was not realized!
[01Sep2026 01:04:30.392] [main/WARN] [dev.architectury.registry.registries.forge.RegistrarManagerImpl/]: Registry entry listened Registry Entry [minecraft:item / fossil:spawn_egg_arthropleura] was not realized!
[01Sep2026 01:04:30.392] [main/WARN] [dev.architectury.registry.registries.forge.RegistrarManagerImpl/]: Registry entry listened Registry Entry [minecraft:item / fossil:bone_tail_allosaurus] was not realized!
[01Sep2026 01:04:30.392] [main/WARN] [dev.architectury.registry.registries.forge.RegistrarManagerImpl/]: Registry entry listened Registry Entry [minecraft:item / fossil:bone_foot_pachycephalosaurus] was not realized!
[01Sep2026 01:04:30.392] [main/WARN] [dev.architectury.registry.registries.forge.RegistrarManagerImpl/]: Registry entry listened Registry Entry [minecraft:item / fossil:bone_arm_liopleurodon] was not realized!
[01Sep2026 01:04:30.392] [main/WARN] [dev.architectury.registry.registries.forge.RegistrarManagerImpl/]: Registry entry listened Registry Entry [minecraft:item / fossil:bone_leg_pteranodon] was not realized!
[01Sep2026 01:04:30.392] [main/WARN] [dev.architectury.registry.registries.forge.RegistrarManagerImpl/]: Registry entry listened Registry Entry [minecraft:item / fossil:cooked_sarcosuchus] was not realized!
[01Sep2026 01:04:30.392] [main/WARN] [dev.architectury.registry.registries.forge.RegistrarManagerImpl/]: Registry entry listened Registry Entry [minecraft:item / fossil:bone_foot_henodus] was not realized!
[01Sep2026 01:04:30.392] [main/WARN] [dev.architectury.registry.registries.forge.RegistrarManagerImpl/]: Registry entry listened Registry Entry [minecraft:item / fossil:bone_unique_psittacosaurus] was not realized!
[01Sep2026 01:04:30.392] [main/WARN] [dev.architectury.registry.registries.forge.RegistrarManagerImpl/]: Registry entry listened Registry Entry [minecraft:item / fossil:bone_arm_confuciusornis] was not realized!
[01Sep2026 01:04:30.392] [main/WARN] [dev.architectury.registry.registries.forge.RegistrarManagerImpl/]: Registry entry listened Registry Entry [minecraft:item / fossil:bone_ribcage_liopleurodon] was not realized!
[01Sep2026 01:04:30.392] [main/WARN] [dev.architectury.registry.registries.forge.RegistrarManagerImpl/]: Registry entry listened Registry Entry [minecraft:item / fossil:bone_unique_protoceratops] was not realized!
[01Sep2026 01:04:30.392] [main/WARN] [dev.architectury.registry.registries.forge.RegistrarManagerImpl/]: Registry entry listened Registry Entry [minecraft:item / fossil:egg_item_sturgeon] was not realized!
[01Sep2026 01:04:30.392] [main/WARN] [dev.architectury.registry.registries.forge.RegistrarManagerImpl/]: Registry entry listened Registry Entry [minecraft:item / fossil:egg_item_sarcosuchus] was not realized!
[01Sep2026 01:04:30.392] [main/WARN] [dev.architectury.registry.registries.forge.RegistrarManagerImpl/]: Registry entry listened Registry Entry [minecraft:item / fossil:egg_gastornis] was not realized!
[01Sep2026 01:04:30.392] [main/WARN] [dev.architectury.registry.registries.forge.RegistrarManagerImpl/]: Registry entry listened Registry Entry [minecraft:item / fossil:bone_arm_pachyrhinosaurus] was not realized!
[01Sep2026 01:04:30.392] [main/WARN] [dev.architectury.registry.registries.forge.RegistrarManagerImpl/]: Registry entry listened Registry Entry [minecraft:item / fossil:bone_arm_platybelodon] was not realized!
[01Sep2026 01:04:30.392] [main/WARN] [dev.architectury.registry.registries.forge.RegistrarManagerImpl/]: Registry entry listened Registry Entry [minecraft:item / fossil:meat_dodo] was not realized!
[01Sep2026 01:04:30.392] [main/WARN] [dev.architectury.registry.registries.forge.RegistrarManagerImpl/]: Registry entry listened Registry Entry [minecraft:item / fossil:bone_foot_pachyrhinosaurus] was not realized!
[01Sep2026 01:04:30.392] [main/WARN] [dev.architectury.registry.registries.forge.RegistrarManagerImpl/]: Registry entry listened Registry Entry [minecraft:item / fossil:spawn_egg_titanis] was not realized!
[01Sep2026 01:04:30.392] [main/WARN] [dev.architectury.registry.registries.forge.RegistrarManagerImpl/]: Registry entry listened Registry Entry [minecraft:item / fossil:meat_sarcosuchus] was not realized!
[01Sep2026 01:04:30.392] [main/WARN] [dev.architectury.registry.registries.forge.RegistrarManagerImpl/]: Registry entry listened Registry Entry [minecraft:item / fossil:bone_tail_quagga] was not realized!
[01Sep2026 01:04:30.392] [main/WARN] [dev.architectury.registry.registries.forge.RegistrarManagerImpl/]: Registry entry listened Registry Entry [minecraft:item / fossil:postosuchus_dna] was not realized!
[01Sep2026 01:04:30.392] [main/WARN] [dev.architectury.registry.registries.forge.RegistrarManagerImpl/]: Registry entry listened Registry Entry [minecraft:item / fossil:bone_tail_ankylosaurus] was not realized!
[01Sep2026 01:04:30.392] [main/WARN] [dev.architectury.registry.registries.forge.RegistrarManagerImpl/]: Registry entry listened Registry Entry [minecraft:item / fossil:cooked_ichthyosaurus] was not realized!
[01Sep2026 01:04:30.392] [main/WARN] [dev.architectury.registry.registries.forge.RegistrarManagerImpl/]: Registry entry listened Registry Entry [minecraft:item / fossil:bone_ribcage_dodo] was not realized!
[01Sep2026 01:04:30.392] [main/WARN] [dev.architectury.registry.registries.forge.RegistrarManagerImpl/]: Registry entry listened Registry Entry [minecraft:item / fossil:bone_leg_protoceratops] was not realized!
[01Sep2026 01:04:30.392] [main/WARN] [dev.architectury.registry.registries.forge.RegistrarManagerImpl/]: Registry entry listened Registry Entry [minecraft:item / fossil:bone_arm_velociraptor] was not realized!
[01Sep2026 01:04:30.392] [main/WARN] [dev.architectury.registry.registries.forge.RegistrarManagerImpl/]: Registry entry listened Registry Entry [minecraft:item / fossil:coelacanth_dna] was not realized!
[01Sep2026 01:04:30.392] [main/WARN] [dev.architectury.registry.registries.forge.RegistrarManagerImpl/]: Registry entry listened Registry Entry [minecraft:item / fossil:bone_vertebrae_ichthyosaurus] was not realized!
[01Sep2026 01:04:30.392] [main/WARN] [dev.architectury.registry.registries.forge.RegistrarManagerImpl/]: Registry entry listened Registry Entry [minecraft:item / fossil:bone_skull_tyrannosaurus] was not realized!
[01Sep2026 01:04:30.392] [main/WARN] [dev.architectury.registry.registries.forge.RegistrarManagerImpl/]: Registry entry listened Registry Entry [minecraft:item / fossil:spawn_egg_henodus] was not realized!
[01Sep2026 01:04:30.392] [main/WARN] [dev.architectury.registry.registries.forge.RegistrarManagerImpl/]: Registry entry listened Registry Entry [minecraft:item / fossil:bone_foot_mosasaurus] was not realized!
[01Sep2026 01:04:30.392] [main/WARN] [dev.architectury.registry.registries.forge.RegistrarManagerImpl/]: Registry entry listened Registry Entry [minecraft:item / fossil:bone_ribcage_crassigyrinus] was not realized!
[01Sep2026 01:04:30.392] [main/WARN] [dev.architectury.registry.registries.forge.RegistrarManagerImpl/]: Registry entry listened Registry Entry [minecraft:item / fossil:bone_foot_dodo] was not realized!
[01Sep2026 01:04:30.392] [main/WARN] [dev.architectury.registry.registries.forge.RegistrarManagerImpl/]: Registry entry listened Registry Entry [minecraft:item / fossil:bone_skull_brachiosaurus] was not realized!
[01Sep2026 01:04:30.392] [main/WARN] [dev.architectury.registry.registries.forge.RegistrarManagerImpl/]: Registry entry listened Registry Entry [minecraft:item / fossil:gastornis_dna] was not realized!
[01Sep2026 01:04:30.392] [main/WARN] [dev.architectury.registry.registries.forge.RegistrarManagerImpl/]: Registry entry listened Registry Entry [minecraft:item / fossil:bone_ribcage_henodus] was not realized!
[01Sep2026 01:04:30.392] [main/WARN] [dev.architectury.registry.registries.forge.RegistrarManagerImpl/]: Registry entry listened Registry Entry [minecraft:item / fossil:bone_tail_dodo] was not realized!
[01Sep2026 01:04:30.392] [main/WARN] [dev.architectury.registry.registries.forge.RegistrarManagerImpl/]: Registry entry listened Registry Entry [minecraft:item / fossil:bone_ribcage_quagga] was not realized!
[01Sep2026 01:04:30.392] [main/WARN] [dev.architectury.registry.registries.forge.RegistrarManagerImpl/]: Registry entry listened Registry Entry [minecraft:item / fossil:spawn_egg_mammoth] was not realized!
[01Sep2026 01:04:30.392] [main/WARN] [dev.architectury.registry.registries.forge.RegistrarManagerImpl/]: Registry entry listened Registry Entry [minecraft:item / fossil:cooked_allosaurus] was not realized!
[01Sep2026 01:04:30.392] [main/WARN] [dev.architectury.registry.registries.forge.RegistrarManagerImpl/]: Registry entry listened Registry Entry [minecraft:item / fossil:bone_arm_citipati] was not realized!
[01Sep2026 01:04:30.392] [main/WARN] [dev.architectury.registry.registries.forge.RegistrarManagerImpl/]: Registry entry listened Registry Entry [minecraft:item / fossil:bone_arm_smilodon] was not realized!
[01Sep2026 01:04:30.392] [main/WARN] [dev.architectury.registry.registries.forge.RegistrarManagerImpl/]: Registry entry listened Registry Entry [minecraft:item / fossil:cooked_nautilus] was not realized!
[01Sep2026 01:04:30.392] [main/WARN] [dev.architectury.registry.registries.forge.RegistrarManagerImpl/]: Registry entry listened Registry Entry [minecraft:item / fossil:spawn_egg_confuciusornis] was not realized!
[01Sep2026 01:04:30.393] [main/WARN] [dev.architectury.registry.registries.forge.RegistrarManagerImpl/]: Registry entry listened Registry Entry [minecraft:item / fossil:bone_leg_liopleurodon] was not realized!
[01Sep2026 01:04:30.393] [main/WARN] [dev.architectury.registry.registries.forge.RegistrarManagerImpl/]: Registry entry listened Registry Entry [minecraft:item / fossil:syringe_pig] was not realized!
[01Sep2026 01:04:30.393] [main/WARN] [dev.architectury.registry.registries.forge.RegistrarManagerImpl/]: Registry entry listened Registry Entry [minecraft:item / fossil:bone_foot_confuciusornis] was not realized!
[01Sep2026 01:04:30.393] [main/WARN] [dev.architectury.registry.registries.forge.RegistrarManagerImpl/]: Registry entry listened Registry Entry [minecraft:item / fossil:syringe_cow] was not realized!
[01Sep2026 01:04:30.393] [main/WARN] [dev.architectury.registry.registries.forge.RegistrarManagerImpl/]: Registry entry listened Registry Entry [minecraft:item / fossil:bone_vertebrae_psittacosaurus] was not realized!
[01Sep2026 01:04:30.393] [main/WARN] [dev.architectury.registry.registries.forge.RegistrarManagerImpl/]: Registry entry listened Registry Entry [minecraft:item / fossil:spawn_egg_liopleurodon] was not realized!
[01Sep2026 01:04:30.393] [main/WARN] [dev.architectury.registry.registries.forge.RegistrarManagerImpl/]: Registry entry listened Registry Entry [minecraft:item / fossil:syringe_elasmotherium] was not realized!
[01Sep2026 01:04:30.393] [main/WARN] [dev.architectury.registry.registries.forge.RegistrarManagerImpl/]: Registry entry listened Registry Entry [minecraft:item / fossil:egg_item_dilophosaurus] was not realized!
[01Sep2026 01:04:30.393] [main/WARN] [dev.architectury.registry.registries.forge.RegistrarManagerImpl/]: Registry entry listened Registry Entry [minecraft:item / fossil:bone_vertebrae_tiktaalik] was not realized!
[01Sep2026 01:04:30.393] [main/WARN] [dev.architectury.registry.registries.forge.RegistrarManagerImpl/]: Registry entry listened Registry Entry [minecraft:item / fossil:bone_foot_titanis] was not realized!
[01Sep2026 01:04:30.393] [main/WARN] [dev.architectury.registry.registries.forge.RegistrarManagerImpl/]: Registry entry listened Registry Entry [minecraft:item / fossil:citipati_dna] was not realized!
[01Sep2026 01:04:30.393] [main/WARN] [dev.architectury.registry.registries.forge.RegistrarManagerImpl/]: Registry entry listened Registry Entry [minecraft:item / fossil:cooked_postosuchus] was not realized!
[01Sep2026 01:04:30.393] [main/WARN] [dev.architectury.registry.registries.forge.RegistrarManagerImpl/]: Registry entry listened Registry Entry [minecraft:item / fossil:meat_tyrannosaurus] was not realized!
[01Sep2026 01:04:30.393] [main/WARN] [dev.architectury.registry.registries.forge.RegistrarManagerImpl/]: Registry entry listened Registry Entry [minecraft:item / fossil:diplocaulus_dna] was not realized!
[01Sep2026 01:04:30.393] [main/WARN] [dev.architectury.registry.registries.forge.RegistrarManagerImpl/]: Registry entry listened Registry Entry [minecraft:item / fossil:bone_tail_ornitholestes] was not realized!
[01Sep2026 01:04:30.393] [main/WARN] [dev.architectury.registry.registries.forge.RegistrarManagerImpl/]: Registry entry listened Registry Entry [minecraft:item / fossil:bone_unique_pachyrhinosaurus] was not realized!
[01Sep2026 01:04:30.393] [main/WARN] [dev.architectury.registry.registries.forge.RegistrarManagerImpl/]: Registry entry listened Registry Entry [minecraft:item / fossil:syringe_ocelot] was not realized!
[01Sep2026 01:04:30.393] [main/WARN] [dev.architectury.registry.registries.forge.RegistrarManagerImpl/]: Registry entry listened Registry Entry [minecraft:item / fossil:sarcosuchus_dna] was not realized!
[01Sep2026 01:04:30.393] [main/WARN] [dev.architectury.registry.registries.forge.RegistrarManagerImpl/]: Registry entry listened Registry Entry [minecraft:item / fossil:liopleurodon_dna] was not realized!
[01Sep2026 01:04:30.393] [main/WARN] [dev.architectury.registry.registries.forge.RegistrarManagerImpl/]: Registry entry listened Registry Entry [minecraft:item / fossil:bone_unique_triceratops] was not realized!
[01Sep2026 01:04:30.393] [main/WARN] [dev.architectury.registry.registries.forge.RegistrarManagerImpl/]: Registry entry listened Registry Entry [minecraft:item / fossil:bone_tail_pachyrhinosaurus] was not realized!
[01Sep2026 01:04:30.393] [main/WARN] [dev.architectury.registry.registries.forge.RegistrarManagerImpl/]: Registry entry listened Registry Entry [minecraft:item / fossil:bone_foot_dimorphodon] was not realized!
[01Sep2026 01:04:30.393] [main/WARN] [dev.architectury.registry.registries.forge.RegistrarManagerImpl/]: Registry entry listened Registry Entry [minecraft:item / fossil:psittacosaurus_dna] was not realized!
[01Sep2026 01:04:30.393] [main/WARN] [dev.architectury.registry.registries.forge.RegistrarManagerImpl/]: Registry entry listened Registry Entry [minecraft:item / fossil:bone_tail_elasmotherium] was not realized!
[01Sep2026 01:04:30.393] [main/WARN] [dev.architectury.registry.registries.forge.RegistrarManagerImpl/]: Registry entry listened Registry Entry [minecraft:item / fossil:sturgeon_dna] was not realized!
[01Sep2026 01:04:30.393] [main/WARN] [dev.architectury.registry.registries.forge.RegistrarManagerImpl/]: Registry entry listened Registry Entry [minecraft:item / fossil:egg_item_mosasaurus] was not realized!
[01Sep2026 01:04:30.393] [main/WARN] [dev.architectury.registry.registries.forge.RegistrarManagerImpl/]: Registry entry listened Registry Entry [minecraft:item / fossil:bone_foot_spinosaurus] was not realized!
[01Sep2026 01:04:30.393] [main/WARN] [dev.architectury.registry.registries.forge.RegistrarManagerImpl/]: Registry entry listened Registry Entry [minecraft:item / fossil:aquilolamna_dna] was not realized!
[01Sep2026 01:04:30.393] [main/WARN] [dev.architectury.registry.registries.forge.RegistrarManagerImpl/]: Registry entry listened Registry Entry [minecraft:item / fossil:spawn_egg_alligator_gar] was not realized!
[01Sep2026 01:04:30.393] [main/WARN] [dev.architectury.registry.registries.forge.RegistrarManagerImpl/]: Registry entry listened Registry Entry [minecraft:item / fossil:cooked_sturgeon] was not realized!
[01Sep2026 01:04:30.393] [main/WARN] [dev.architectury.registry.registries.forge.RegistrarManagerImpl/]: Registry entry listened Registry Entry [minecraft:item / fossil:cooked_gallimimus] was not realized!
[01Sep2026 01:04:30.393] [main/WARN] [dev.architectury.registry.registries.forge.RegistrarManagerImpl/]: Registry entry listened Registry Entry [minecraft:item / fossil:cat_dna] was not realized!
[01Sep2026 01:04:30.393] [main/WARN] [dev.architectury.registry.registries.forge.RegistrarManagerImpl/]: Registry entry listened Registry Entry [minecraft:item / fossil:pteranodon_dna] was not realized!
[01Sep2026 01:04:30.393] [main/WARN] [dev.architectury.registry.registries.forge.RegistrarManagerImpl/]: Registry entry listened Registry Entry [minecraft:item / fossil:cooked_deinonychus] was not realized!
[01Sep2026 01:04:30.393] [main/WARN] [dev.architectury.registry.registries.forge.RegistrarManagerImpl/]: Registry entry listened Registry Entry [minecraft:item / fossil:bone_ribcage_compsognathus] was not realized!
[01Sep2026 01:04:30.393] [main/WARN] [dev.architectury.registry.registries.forge.RegistrarManagerImpl/]: Registry entry listened Registry Entry [minecraft:item / fossil:pachycephalosaurus_dna] was not realized!
[01Sep2026 01:04:30.393] [main/WARN] [dev.architectury.registry.registries.forge.RegistrarManagerImpl/]: Registry entry listened Registry Entry [minecraft:item / fossil:bone_arm_allosaurus] was not realized!
[01Sep2026 01:04:30.393] [main/WARN] [dev.architectury.registry.registries.forge.RegistrarManagerImpl/]: Registry entry listened Registry Entry [minecraft:item / fossil:bone_foot_edaphosaurus] was not realized!
[01Sep2026 01:04:30.393] [main/WARN] [dev.architectury.registry.registries.forge.RegistrarManagerImpl/]: Registry entry listened Registry Entry [minecraft:item / fossil:spawn_egg_protoceratops] was not realized!
[01Sep2026 01:04:30.393] [main/WARN] [dev.architectury.registry.registries.forge.RegistrarManagerImpl/]: Registry entry listened Registry Entry [minecraft:item / fossil:bone_vertebrae_edaphosaurus] was not realized!
[01Sep2026 01:04:30.393] [main/WARN] [dev.architectury.registry.registries.forge.RegistrarManagerImpl/]: Registry entry listened Registry Entry [minecraft:item / fossil:bone_unique_elasmotherium] was not realized!
[01Sep2026 01:04:30.393] [main/WARN] [dev.architectury.registry.registries.forge.RegistrarManagerImpl/]: Registry entry listened Registry Entry [minecraft:item / fossil:dolphin_dna] was not realized!
[01Sep2026 01:04:30.393] [main/WARN] [dev.architectury.registry.registries.forge.RegistrarManagerImpl/]: Registry entry listened Registry Entry [minecraft:item / fossil:cooked_crassigyrinus] was not realized!
[01Sep2026 01:04:30.393] [main/WARN] [dev.architectury.registry.registries.forge.RegistrarManagerImpl/]: Registry entry listened Registry Entry [minecraft:item / fossil:bone_tail_diplocaulus] was not realized!
[01Sep2026 01:04:30.393] [main/WARN] [dev.architectury.registry.registries.forge.RegistrarManagerImpl/]: Registry entry listened Registry Entry [minecraft:item / fossil:bone_ribcage_sarcosuchus] was not realized!
[01Sep2026 01:04:30.393] [main/WARN] [dev.architectury.registry.registries.forge.RegistrarManagerImpl/]: Registry entry listened Registry Entry [minecraft:item / fossil:bone_arm_tiktaalik] was not realized!
[01Sep2026 01:04:30.393] [main/WARN] [dev.architectury.registry.registries.forge.RegistrarManagerImpl/]: Registry entry listened Registry Entry [minecraft:item / fossil:bone_tail_quetzalcoatlus] was not realized!
[01Sep2026 01:04:30.393] [main/WARN] [dev.architectury.registry.registries.forge.RegistrarManagerImpl/]: Registry entry listened Registry Entry [minecraft:item / fossil:egg_item_dryosaurus] was not realized!
[01Sep2026 01:04:30.393] [main/WARN] [dev.architectury.registry.registries.forge.RegistrarManagerImpl/]: Registry entry listened Registry Entry [minecraft:item / fossil:bone_foot_ichthyosaurus] was not realized!
[01Sep2026 01:04:30.393] [main/WARN] [dev.architectury.registry.registries.forge.RegistrarManagerImpl/]: Registry entry listened Registry Entry [minecraft:item / fossil:bone_vertebrae_postosuchus] was not realized!
[01Sep2026 01:04:30.393] [main/WARN] [dev.architectury.registry.registries.forge.RegistrarManagerImpl/]: Registry entry listened Registry Entry [minecraft:item / fossil:egg_item_coelacanth] was not realized!
[01Sep2026 01:04:30.393] [main/WARN] [dev.architectury.registry.registries.forge.RegistrarManagerImpl/]: Registry entry listened Registry Entry [minecraft:item / fossil:cooked_coelacanth] was not realized!
[01Sep2026 01:04:30.393] [main/WARN] [dev.architectury.registry.registries.forge.RegistrarManagerImpl/]: Registry entry listened Registry Entry [minecraft:item / fossil:bone_arm_dryosaurus] was not realized!
[01Sep2026 01:04:30.393] [main/WARN] [dev.architectury.registry.registries.forge.RegistrarManagerImpl/]: Registry entry listened Registry Entry [minecraft:item / fossil:bone_leg_velociraptor] was not realized!
[01Sep2026 01:04:30.393] [main/WARN] [dev.architectury.registry.registries.forge.RegistrarManagerImpl/]: Registry entry listened Registry Entry [minecraft:item / fossil:meat_kelenken] was not realized!
[01Sep2026 01:04:30.393] [main/WARN] [dev.architectury.registry.registries.forge.RegistrarManagerImpl/]: Registry entry listened Registry Entry [minecraft:item / fossil:spawn_egg_quetzalcoatlus] was not realized!
[01Sep2026 01:04:30.393] [main/WARN] [dev.architectury.registry.registries.forge.RegistrarManagerImpl/]: Registry entry listened Registry Entry [minecraft:item / fossil:egg_item_deinonychus] was not realized!
[01Sep2026 01:04:30.393] [main/WARN] [dev.architectury.registry.registries.forge.RegistrarManagerImpl/]: Registry entry listened Registry Entry [minecraft:item / fossil:bone_vertebrae_therizinosaurus] was not realized!
[01Sep2026 01:04:30.393] [main/WARN] [dev.architectury.registry.registries.forge.RegistrarManagerImpl/]: Registry entry listened Registry Entry [minecraft:item / fossil:cooked_platybelodon] was not realized!
[01Sep2026 01:04:30.393] [main/WARN] [dev.architectury.registry.registries.forge.RegistrarManagerImpl/]: Registry entry listened Registry Entry [minecraft:item / fossil:bone_foot_mammoth] was not realized!
[01Sep2026 01:04:30.393] [main/WARN] [dev.architectury.registry.registries.forge.RegistrarManagerImpl/]: Registry entry listened Registry Entry [minecraft:item / fossil:spawn_egg_stegosaurus] was not realized!
[01Sep2026 01:04:30.393] [main/WARN] [dev.architectury.registry.registries.forge.RegistrarManagerImpl/]: Registry entry listened Registry Entry [minecraft:item / fossil:panda_dna] was not realized!
[01Sep2026 01:04:30.393] [main/WARN] [dev.architectury.registry.registries.forge.RegistrarManagerImpl/]: Registry entry listened Registry Entry [minecraft:item / fossil:spawn_egg_quagga] was not realized!
[01Sep2026 01:04:30.393] [main/WARN] [dev.architectury.registry.registries.forge.RegistrarManagerImpl/]: Registry entry listened Registry Entry [minecraft:item / fossil:bone_ribcage_triceratops] was not realized!
[01Sep2026 01:04:30.393] [main/WARN] [dev.architectury.registry.registries.forge.RegistrarManagerImpl/]: Registry entry listened Registry Entry [minecraft:item / fossil:egg_item_allosaurus] was not realized!
[01Sep2026 01:04:30.393] [main/WARN] [dev.architectury.registry.registries.forge.RegistrarManagerImpl/]: Registry entry listened Registry Entry [minecraft:item / fossil:spawn_egg_psittacosaurus] was not realized!
[01Sep2026 01:04:30.393] [main/WARN] [dev.architectury.registry.registries.forge.RegistrarManagerImpl/]: Registry entry listened Registry Entry [minecraft:item / fossil:bone_unique_ankylosaurus] was not realized!
[01Sep2026 01:04:30.393] [main/WARN] [dev.architectury.registry.registries.forge.RegistrarManagerImpl/]: Registry entry listened Registry Entry [minecraft:item / fossil:spawn_egg_tyrannosaurus] was not realized!
[01Sep2026 01:04:30.393] [main/WARN] [dev.architectury.registry.registries.forge.RegistrarManagerImpl/]: Registry entry listened Registry Entry [minecraft:item / fossil:cooked_diplodocus] was not realized!
[01Sep2026 01:04:30.393] [main/WARN] [dev.architectury.registry.registries.forge.RegistrarManagerImpl/]: Registry entry listened Registry Entry [minecraft:item / fossil:spawn_egg_megalodon] was not realized!
[01Sep2026 01:04:30.393] [main/WARN] [dev.architectury.registry.registries.forge.RegistrarManagerImpl/]: Registry entry listened Registry Entry [minecraft:item / fossil:meat_lonchodomas] was not realized!
[01Sep2026 01:04:30.393] [main/WARN] [dev.architectury.registry.registries.forge.RegistrarManagerImpl/]: Registry entry listened Registry Entry [minecraft:item / fossil:bone_tail_sarcosuchus] was not realized!
[01Sep2026 01:04:30.393] [main/WARN] [dev.architectury.registry.registries.forge.RegistrarManagerImpl/]: Registry entry listened Registry Entry [minecraft:item / fossil:bone_skull_ankylosaurus] was not realized!
[01Sep2026 01:04:30.393] [main/WARN] [dev.architectury.registry.registries.forge.RegistrarManagerImpl/]: Registry entry listened Registry Entry [minecraft:item / fossil:bone_leg_citipati] was not realized!
[01Sep2026 01:04:30.393] [main/WARN] [dev.architectury.registry.registries.forge.RegistrarManagerImpl/]: Registry entry listened Registry Entry [minecraft:item / fossil:bone_tail_triceratops] was not realized!
[01Sep2026 01:04:30.393] [main/WARN] [dev.architectury.registry.registries.forge.RegistrarManagerImpl/]: Registry entry listened Registry Entry [minecraft:item / fossil:spawn_egg_therizinosaurus] was not realized!
[01Sep2026 01:04:30.393] [main/WARN] [dev.architectury.registry.registries.forge.RegistrarManagerImpl/]: Registry entry listened Registry Entry [minecraft:item / fossil:spinosaurus_dna] was not realized!
[01Sep2026 01:04:30.393] [main/WARN] [dev.architectury.registry.registries.forge.RegistrarManagerImpl/]: Registry entry listened Registry Entry [minecraft:item / fossil:cooked_dryosaurus] was not realized!
[01Sep2026 01:04:30.393] [main/WARN] [dev.architectury.registry.registries.forge.RegistrarManagerImpl/]: Registry entry listened Registry Entry [minecraft:item / fossil:cooked_kelenken] was not realized!
[01Sep2026 01:04:30.393] [main/WARN] [dev.architectury.registry.registries.forge.RegistrarManagerImpl/]: Registry entry listened Registry Entry [minecraft:item / fossil:bone_ribcage_diplodocus] was not realized!
[01Sep2026 01:04:30.394] [main/WARN] [dev.architectury.registry.registries.forge.RegistrarManagerImpl/]: Registry entry listened Registry Entry [minecraft:item / fossil:egg_item_phorusrhacos] was not realized!
[01Sep2026 01:04:30.394] [main/WARN] [dev.architectury.registry.registries.forge.RegistrarManagerImpl/]: Registry entry listened Registry Entry [minecraft:item / fossil:llama_dna] was not realized!
[01Sep2026 01:04:30.394] [main/WARN] [dev.architectury.registry.registries.forge.RegistrarManagerImpl/]: Registry entry listened Registry Entry [minecraft:item / fossil:spawn_egg_dimetrodon] was not realized!
[01Sep2026 01:04:30.394] [main/WARN] [dev.architectury.registry.registries.forge.RegistrarManagerImpl/]: Registry entry listened Registry Entry [minecraft:item / fossil:bone_vertebrae_dodo] was not realized!
[01Sep2026 01:04:30.394] [main/WARN] [dev.architectury.registry.registries.forge.RegistrarManagerImpl/]: Registry entry listened Registry Entry [minecraft:item / fossil:bone_ribcage_dryosaurus] was not realized!
[01Sep2026 01:04:30.394] [main/WARN] [dev.architectury.registry.registries.forge.RegistrarManagerImpl/]: Registry entry listened Registry Entry [minecraft:item / fossil:egg_item_ichthyosaurus] was not realized!
[01Sep2026 01:04:30.394] [main/WARN] [dev.architectury.registry.registries.forge.RegistrarManagerImpl/]: Registry entry listened Registry Entry [minecraft:item / fossil:bone_vertebrae_ceratosaurus] was not realized!
[01Sep2026 01:04:30.394] [main/WARN] [dev.architectury.registry.registries.forge.RegistrarManagerImpl/]: Registry entry listened Registry Entry [minecraft:item / fossil:bone_foot_parasaurolophus] was not realized!
[01Sep2026 01:04:30.394] [main/WARN] [dev.architectury.registry.registries.forge.RegistrarManagerImpl/]: Registry entry listened Registry Entry [minecraft:item / fossil:bone_tail_brachiosaurus] was not realized!
[01Sep2026 01:04:30.394] [main/WARN] [dev.architectury.registry.registries.forge.RegistrarManagerImpl/]: Registry entry listened Registry Entry [minecraft:item / fossil:bone_foot_ceratosaurus] was not realized!
[01Sep2026 01:04:30.394] [main/WARN] [dev.architectury.registry.registries.forge.RegistrarManagerImpl/]: Registry entry listened Registry Entry [minecraft:item / fossil:bone_tail_dilophosaurus] was not realized!
[01Sep2026 01:04:30.394] [main/WARN] [dev.architectury.registry.registries.forge.RegistrarManagerImpl/]: Registry entry listened Registry Entry [minecraft:item / fossil:bone_tail_pteranodon] was not realized!
[01Sep2026 01:04:30.394] [main/WARN] [dev.architectury.registry.registries.forge.RegistrarManagerImpl/]: Registry entry listened Registry Entry [minecraft:item / fossil:meat_dimetrodon] was not realized!
[01Sep2026 01:04:30.394] [main/WARN] [dev.architectury.registry.registries.forge.RegistrarManagerImpl/]: Registry entry listened Registry Entry [minecraft:item / fossil:bone_skull_pteranodon] was not realized!
[01Sep2026 01:04:30.394] [main/WARN] [dev.architectury.registry.registries.forge.RegistrarManagerImpl/]: Registry entry listened Registry Entry [minecraft:item / fossil:egg_item_chicken] was not realized!
[01Sep2026 01:04:30.394] [main/WARN] [dev.architectury.registry.registries.forge.RegistrarManagerImpl/]: Registry entry listened Registry Entry [minecraft:item / fossil:axolotl_dna] was not realized!
[01Sep2026 01:04:30.394] [main/WARN] [dev.architectury.registry.registries.forge.RegistrarManagerImpl/]: Registry entry listened Registry Entry [minecraft:item / fossil:egg_item_confuciusornis] was not realized!
[01Sep2026 01:04:30.394] [main/WARN] [dev.architectury.registry.registries.forge.RegistrarManagerImpl/]: Registry entry listened Registry Entry [minecraft:item / fossil:bone_arm_dimorphodon] was not realized!
[01Sep2026 01:04:30.394] [main/WARN] [dev.architectury.registry.registries.forge.RegistrarManagerImpl/]: Registry entry listened Registry Entry [minecraft:item / fossil:meat_quagga] was not realized!
[01Sep2026 01:04:30.394] [main/WARN] [dev.architectury.registry.registries.forge.RegistrarManagerImpl/]: Registry entry listened Registry Entry [minecraft:item / fossil:bone_unique_quagga] was not realized!
[01Sep2026 01:04:30.394] [main/WARN] [dev.architectury.registry.registries.forge.RegistrarManagerImpl/]: Registry entry listened Registry Entry [minecraft:item / fossil:spawn_egg_scotoharpes] was not realized!
[01Sep2026 01:04:30.394] [main/WARN] [dev.architectury.registry.registries.forge.RegistrarManagerImpl/]: Registry entry listened Registry Entry [minecraft:item / fossil:tyrannosaurus_dna] was not realized!
[01Sep2026 01:04:30.394] [main/WARN] [dev.architectury.registry.registries.forge.RegistrarManagerImpl/]: Registry entry listened Registry Entry [minecraft:item / fossil:bone_skull_edaphosaurus] was not realized!
[01Sep2026 01:04:30.394] [main/WARN] [dev.architectury.registry.registries.forge.RegistrarManagerImpl/]: Registry entry listened Registry Entry [minecraft:item / fossil:bone_leg_platybelodon] was not realized!
[01Sep2026 01:04:30.394] [main/WARN] [dev.architectury.registry.registries.forge.RegistrarManagerImpl/]: Registry entry listened Registry Entry [minecraft:item / fossil:syringe_panda] was not realized!
[01Sep2026 01:04:30.394] [main/WARN] [dev.architectury.registry.registries.forge.RegistrarManagerImpl/]: Registry entry listened Registry Entry [minecraft:item / fossil:salmon_dna] was not realized!
[01Sep2026 01:04:30.394] [main/WARN] [dev.architectury.registry.registries.forge.RegistrarManagerImpl/]: Registry entry listened Registry Entry [minecraft:item / fossil:bone_arm_parasaurolophus] was not realized!
[01Sep2026 01:04:30.394] [main/WARN] [dev.architectury.registry.registries.forge.RegistrarManagerImpl/]: Registry entry listened Registry Entry [minecraft:item / fossil:bone_ribcage_therizinosaurus] was not realized!
[01Sep2026 01:04:30.394] [main/WARN] [dev.architectury.registry.registries.forge.RegistrarManagerImpl/]: Registry entry listened Registry Entry [minecraft:item / fossil:egg_item_titanis] was not realized!
[01Sep2026 01:04:30.394] [main/WARN] [dev.architectury.registry.registries.forge.RegistrarManagerImpl/]: Registry entry listened Registry Entry [minecraft:item / fossil:bone_ribcage_pachycephalosaurus] was not realized!
[01Sep2026 01:04:30.394] [main/WARN] [dev.architectury.registry.registries.forge.RegistrarManagerImpl/]: Registry entry listened Registry Entry [minecraft:item / fossil:bone_leg_henodus] was not realized!
[01Sep2026 01:04:30.394] [main/WARN] [dev.architectury.registry.registries.forge.RegistrarManagerImpl/]: Registry entry listened Registry Entry [minecraft:item / fossil:bone_leg_dimorphodon] was not realized!
[01Sep2026 01:04:30.394] [main/WARN] [dev.architectury.registry.registries.forge.RegistrarManagerImpl/]: Registry entry listened Registry Entry [minecraft:item / fossil:bone_foot_tiktaalik] was not realized!
[01Sep2026 01:04:30.394] [main/WARN] [dev.architectury.registry.registries.forge.RegistrarManagerImpl/]: Registry entry listened Registry Entry [minecraft:item / fossil:stegosaurus_dna] was not realized!
[01Sep2026 01:04:30.394] [main/WARN] [dev.architectury.registry.registries.forge.RegistrarManagerImpl/]: Registry entry listened Registry Entry [minecraft:item / fossil:egg_item_cod] was not realized!
[01Sep2026 01:04:30.394] [main/WARN] [dev.architectury.registry.registries.forge.RegistrarManagerImpl/]: Registry entry listened Registry Entry [minecraft:item / fossil:bone_ribcage_velociraptor] was not realized!
[01Sep2026 01:04:30.394] [main/WARN] [dev.architectury.registry.registries.forge.RegistrarManagerImpl/]: Registry entry listened Registry Entry [minecraft:item / fossil:donkey_dna] was not realized!
[01Sep2026 01:04:30.394] [main/WARN] [dev.architectury.registry.registries.forge.RegistrarManagerImpl/]: Registry entry listened Registry Entry [minecraft:item / fossil:bone_ribcage_elasmotherium] was not realized!
[01Sep2026 01:04:30.394] [main/WARN] [dev.architectury.registry.registries.forge.RegistrarManagerImpl/]: Registry entry listened Registry Entry [minecraft:item / fossil:bone_leg_triceratops] was not realized!
[01Sep2026 01:04:30.394] [main/WARN] [dev.architectury.registry.registries.forge.RegistrarManagerImpl/]: Registry entry listened Registry Entry [minecraft:item / fossil:bone_ribcage_megalania] was not realized!
[01Sep2026 01:04:30.394] [main/WARN] [dev.architectury.registry.registries.forge.RegistrarManagerImpl/]: Registry entry listened Registry Entry [minecraft:item / fossil:bone_leg_mosasaurus] was not realized!
[01Sep2026 01:04:30.394] [main/WARN] [dev.architectury.registry.registries.forge.RegistrarManagerImpl/]: Registry entry listened Registry Entry [minecraft:item / fossil:bone_unique_compsognathus] was not realized!
[01Sep2026 01:04:30.394] [main/WARN] [dev.architectury.registry.registries.forge.RegistrarManagerImpl/]: Registry entry listened Registry Entry [minecraft:item / fossil:spawn_egg_gallimimus] was not realized!
[01Sep2026 01:04:30.394] [main/WARN] [dev.architectury.registry.registries.forge.RegistrarManagerImpl/]: Registry entry listened Registry Entry [minecraft:item / fossil:spawn_egg_velociraptor] was not realized!
[01Sep2026 01:04:30.394] [main/WARN] [dev.architectury.registry.registries.forge.RegistrarManagerImpl/]: Registry entry listened Registry Entry [minecraft:item / fossil:meat_velociraptor] was not realized!
[01Sep2026 01:04:30.394] [main/WARN] [dev.architectury.registry.registries.forge.RegistrarManagerImpl/]: Registry entry listened Registry Entry [minecraft:item / fossil:bone_arm_ceratosaurus] was not realized!
[01Sep2026 01:04:30.394] [main/WARN] [dev.architectury.registry.registries.forge.RegistrarManagerImpl/]: Registry entry listened Registry Entry [minecraft:item / fossil:bone_ribcage_diplocaulus] was not realized!
[01Sep2026 01:04:30.394] [main/WARN] [dev.architectury.registry.registries.forge.RegistrarManagerImpl/]: Registry entry listened Registry Entry [minecraft:item / fossil:bone_leg_dilophosaurus] was not realized!
[01Sep2026 01:04:30.394] [main/WARN] [dev.architectury.registry.registries.forge.RegistrarManagerImpl/]: Registry entry listened Registry Entry [minecraft:item / fossil:bone_ribcage_megaloceros] was not realized!
[01Sep2026 01:04:30.394] [main/WARN] [dev.architectury.registry.registries.forge.RegistrarManagerImpl/]: Registry entry listened Registry Entry [minecraft:item / fossil:cooked_velociraptor] was not realized!
[01Sep2026 01:04:30.394] [main/WARN] [dev.architectury.registry.registries.forge.RegistrarManagerImpl/]: Registry entry listened Registry Entry [minecraft:item / fossil:spawn_egg_dicranurus] was not realized!
[01Sep2026 01:04:30.394] [main/WARN] [dev.architectury.registry.registries.forge.RegistrarManagerImpl/]: Registry entry listened Registry Entry [minecraft:item / fossil:bucket_item_ichthyosaurus] was not realized!
[01Sep2026 01:04:30.394] [main/WARN] [dev.architectury.registry.registries.forge.RegistrarManagerImpl/]: Registry entry listened Registry Entry [minecraft:item / fossil:bone_ribcage_confuciusornis] was not realized!
[01Sep2026 01:04:30.394] [main/WARN] [dev.architectury.registry.registries.forge.RegistrarManagerImpl/]: Registry entry listened Registry Entry [minecraft:item / fossil:bone_vertebrae_ankylosaurus] was not realized!
[01Sep2026 01:04:30.394] [main/WARN] [dev.architectury.registry.registries.forge.RegistrarManagerImpl/]: Registry entry listened Registry Entry [minecraft:item / fossil:bone_unique_henodus] was not realized!
[01Sep2026 01:04:30.394] [main/WARN] [dev.architectury.registry.registries.forge.RegistrarManagerImpl/]: Registry entry listened Registry Entry [minecraft:item / fossil:bone_arm_dilophosaurus] was not realized!
[01Sep2026 01:04:30.394] [main/WARN] [dev.architectury.registry.registries.forge.RegistrarManagerImpl/]: Registry entry listened Registry Entry [minecraft:item / fossil:camel_dna] was not realized!
[01Sep2026 01:04:30.394] [main/WARN] [dev.architectury.registry.registries.forge.RegistrarManagerImpl/]: Registry entry listened Registry Entry [minecraft:item / fossil:meat_megalania] was not realized!
[01Sep2026 01:04:30.394] [main/WARN] [dev.architectury.registry.registries.forge.RegistrarManagerImpl/]: Registry entry listened Registry Entry [minecraft:item / fossil:bone_foot_diplocaulus] was not realized!
[01Sep2026 01:04:30.394] [main/WARN] [dev.architectury.registry.registries.forge.RegistrarManagerImpl/]: Registry entry listened Registry Entry [minecraft:item / fossil:spawn_egg_platybelodon] was not realized!
[01Sep2026 01:04:30.394] [main/WARN] [dev.architectury.registry.registries.forge.RegistrarManagerImpl/]: Registry entry listened Registry Entry [minecraft:item / fossil:bone_tail_titanis] was not realized!
[01Sep2026 01:04:30.394] [main/WARN] [dev.architectury.registry.registries.forge.RegistrarManagerImpl/]: Registry entry listened Registry Entry [minecraft:item / fossil:bone_foot_megaloceros] was not realized!
[01Sep2026 01:04:30.394] [main/WARN] [dev.architectury.registry.registries.forge.RegistrarManagerImpl/]: Registry entry listened Registry Entry [minecraft:item / fossil:triceratops_dna] was not realized!
[01Sep2026 01:04:30.394] [main/WARN] [dev.architectury.registry.registries.forge.RegistrarManagerImpl/]: Registry entry listened Registry Entry [minecraft:item / fossil:bone_skull_dilophosaurus] was not realized!
[01Sep2026 01:04:30.394] [main/WARN] [dev.architectury.registry.registries.forge.RegistrarManagerImpl/]: Registry entry listened Registry Entry [minecraft:item / fossil:bone_skull_mosasaurus] was not realized!
[01Sep2026 01:04:30.394] [main/WARN] [dev.architectury.registry.registries.forge.RegistrarManagerImpl/]: Registry entry listened Registry Entry [minecraft:item / fossil:bone_foot_sarcosuchus] was not realized!
[01Sep2026 01:04:30.394] [main/WARN] [dev.architectury.registry.registries.forge.RegistrarManagerImpl/]: Registry entry listened Registry Entry [minecraft:item / fossil:bone_skull_ceratosaurus] was not realized!
[01Sep2026 01:04:30.394] [main/WARN] [dev.architectury.registry.registries.forge.RegistrarManagerImpl/]: Registry entry listened Registry Entry [minecraft:item / fossil:meat_megalodon] was not realized!
[01Sep2026 01:04:30.394] [main/WARN] [dev.architectury.registry.registries.forge.RegistrarManagerImpl/]: Registry entry listened Registry Entry [minecraft:item / fossil:bone_unique_megalodon] was not realized!
[01Sep2026 01:04:30.394] [main/WARN] [dev.architectury.registry.registries.forge.RegistrarManagerImpl/]: Registry entry listened Registry Entry [minecraft:item / fossil:bone_skull_megalania] was not realized!
[01Sep2026 01:04:30.394] [main/WARN] [dev.architectury.registry.registries.forge.RegistrarManagerImpl/]: Registry entry listened Registry Entry [minecraft:item / fossil:egg_item_gallimimus] was not realized!
[01Sep2026 01:04:30.394] [main/WARN] [dev.architectury.registry.registries.forge.RegistrarManagerImpl/]: Registry entry listened Registry Entry [minecraft:item / fossil:egg_item_megalodon] was not realized!
[01Sep2026 01:04:30.394] [main/WARN] [dev.architectury.registry.registries.forge.RegistrarManagerImpl/]: Registry entry listened Registry Entry [minecraft:item / fossil:diplodocus_dna] was not realized!
[01Sep2026 01:04:30.394] [main/WARN] [dev.architectury.registry.registries.forge.RegistrarManagerImpl/]: Registry entry listened Registry Entry [minecraft:item / fossil:bone_arm_gallimimus] was not realized!
[01Sep2026 01:04:30.394] [main/WARN] [dev.architectury.registry.registries.forge.RegistrarManagerImpl/]: Registry entry listened Registry Entry [minecraft:item / fossil:bone_ribcage_pachyrhinosaurus] was not realized!
[01Sep2026 01:04:30.394] [main/WARN] [dev.architectury.registry.registries.forge.RegistrarManagerImpl/]: Registry entry listened Registry Entry [minecraft:item / fossil:bone_vertebrae_kelenken] was not realized!
[01Sep2026 01:04:30.394] [main/WARN] [dev.architectury.registry.registries.forge.RegistrarManagerImpl/]: Registry entry listened Registry Entry [minecraft:item / fossil:spawn_egg_sturgeon] was not realized!
[01Sep2026 01:04:30.394] [main/WARN] [dev.architectury.registry.registries.forge.RegistrarManagerImpl/]: Registry entry listened Registry Entry [minecraft:item / fossil:egg_item_lonchodomas] was not realized!
[01Sep2026 01:04:30.395] [main/WARN] [dev.architectury.registry.registries.forge.RegistrarManagerImpl/]: Registry entry listened Registry Entry [minecraft:item / fossil:egg_dodo] was not realized!
[01Sep2026 01:04:30.395] [main/WARN] [dev.architectury.registry.registries.forge.RegistrarManagerImpl/]: Registry entry listened Registry Entry [minecraft:item / fossil:bone_unique_dimorphodon] was not realized!
[01Sep2026 01:04:30.395] [main/WARN] [dev.architectury.registry.registries.forge.RegistrarManagerImpl/]: Registry entry listened Registry Entry [minecraft:item / fossil:bone_skull_elasmotherium] was not realized!
[01Sep2026 01:04:30.395] [main/WARN] [dev.architectury.registry.registries.forge.RegistrarManagerImpl/]: Registry entry listened Registry Entry [minecraft:item / fossil:rabbit_dna] was not realized!
[01Sep2026 01:04:30.395] [main/WARN] [dev.architectury.registry.registries.forge.RegistrarManagerImpl/]: Registry entry listened Registry Entry [minecraft:item / fossil:horse_dna] was not realized!
[01Sep2026 01:04:30.395] [main/WARN] [dev.architectury.registry.registries.forge.RegistrarManagerImpl/]: Registry entry listened Registry Entry [minecraft:item / fossil:bone_ribcage_brachiosaurus] was not realized!
[01Sep2026 01:04:30.395] [main/WARN] [dev.architectury.registry.registries.forge.RegistrarManagerImpl/]: Registry entry listened Registry Entry [minecraft:item / fossil:bone_tail_dimorphodon] was not realized!
[01Sep2026 01:04:30.395] [main/WARN] [dev.architectury.registry.registries.forge.RegistrarManagerImpl/]: Registry entry listened Registry Entry [minecraft:item / fossil:bucket_item_diplocaulus] was not realized!
[01Sep2026 01:04:30.395] [main/WARN] [dev.architectury.registry.registries.forge.RegistrarManagerImpl/]: Registry entry listened Registry Entry [minecraft:item / fossil:meat_liopleurodon] was not realized!
[01Sep2026 01:04:30.395] [main/WARN] [dev.architectury.registry.registries.forge.RegistrarManagerImpl/]: Registry entry listened Registry Entry [minecraft:item / fossil:bone_arm_henodus] was not realized!
[01Sep2026 01:04:30.395] [main/WARN] [dev.architectury.registry.registries.forge.RegistrarManagerImpl/]: Registry entry listened Registry Entry [minecraft:item / fossil:frog_dna] was not realized!
[01Sep2026 01:04:30.395] [main/WARN] [dev.architectury.registry.registries.forge.RegistrarManagerImpl/]: Registry entry listened Registry Entry [minecraft:item / fossil:egg_item_dicranurus] was not realized!
[01Sep2026 01:04:30.395] [main/WARN] [dev.architectury.registry.registries.forge.RegistrarManagerImpl/]: Registry entry listened Registry Entry [minecraft:item / fossil:bone_skull_dodo] was not realized!
[01Sep2026 01:04:30.395] [main/WARN] [dev.architectury.registry.registries.forge.RegistrarManagerImpl/]: Registry entry listened Registry Entry [minecraft:item / fossil:bone_foot_psittacosaurus] was not realized!
[01Sep2026 01:04:30.395] [main/WARN] [dev.architectury.registry.registries.forge.RegistrarManagerImpl/]: Registry entry listened Registry Entry [minecraft:item / fossil:bone_unique_edaphosaurus] was not realized!
[01Sep2026 01:04:30.395] [main/WARN] [dev.architectury.registry.registries.forge.RegistrarManagerImpl/]: Registry entry listened Registry Entry [minecraft:item / fossil:bone_unique_pachycephalosaurus] was not realized!
[01Sep2026 01:04:30.395] [main/WARN] [dev.architectury.registry.registries.forge.RegistrarManagerImpl/]: Registry entry listened Registry Entry [minecraft:item / fossil:bone_ribcage_dimorphodon] was not realized!
[01Sep2026 01:04:30.395] [main/WARN] [dev.architectury.registry.registries.forge.RegistrarManagerImpl/]: Registry entry listened Registry Entry [minecraft:item / fossil:bone_unique_quetzalcoatlus] was not realized!
[01Sep2026 01:04:30.395] [main/WARN] [dev.architectury.registry.registries.forge.RegistrarManagerImpl/]: Registry entry listened Registry Entry [minecraft:item / fossil:bone_arm_ornitholestes] was not realized!
[01Sep2026 01:04:30.395] [main/WARN] [dev.architectury.registry.registries.forge.RegistrarManagerImpl/]: Registry entry listened Registry Entry [minecraft:item / fossil:phorusrhacos_dna] was not realized!
[01Sep2026 01:04:30.395] [main/WARN] [dev.architectury.registry.registries.forge.RegistrarManagerImpl/]: Registry entry listened Registry Entry [minecraft:item / fossil:bone_ribcage_platybelodon] was not realized!
[01Sep2026 01:04:30.395] [main/WARN] [dev.architectury.registry.registries.forge.RegistrarManagerImpl/]: Registry entry listened Registry Entry [minecraft:item / fossil:cooked_lonchodomas] was not realized!
[01Sep2026 01:04:30.395] [main/WARN] [dev.architectury.registry.registries.forge.RegistrarManagerImpl/]: Registry entry listened Registry Entry [minecraft:item / fossil:turtle_dna] was not realized!
[01Sep2026 01:04:30.395] [main/WARN] [dev.architectury.registry.registries.forge.RegistrarManagerImpl/]: Registry entry listened Registry Entry [minecraft:item / fossil:meat_confuciusornis] was not realized!
[01Sep2026 01:04:30.395] [main/WARN] [dev.architectury.registry.registries.forge.RegistrarManagerImpl/]: Registry entry listened Registry Entry [minecraft:item / fossil:cooked_megalodon] was not realized!
[01Sep2026 01:04:30.395] [main/WARN] [dev.architectury.registry.registries.forge.RegistrarManagerImpl/]: Registry entry listened Registry Entry [minecraft:item / fossil:bone_unique_deinonychus] was not realized!
[01Sep2026 01:04:30.395] [main/WARN] [dev.architectury.registry.registries.forge.RegistrarManagerImpl/]: Registry entry listened Registry Entry [minecraft:item / fossil:bone_vertebrae_ornitholestes] was not realized!
[01Sep2026 01:04:30.395] [main/WARN] [dev.architectury.registry.registries.forge.RegistrarManagerImpl/]: Registry entry listened Registry Entry [minecraft:item / fossil:bone_leg_ornitholestes] was not realized!
[01Sep2026 01:04:30.395] [main/WARN] [dev.architectury.registry.registries.forge.RegistrarManagerImpl/]: Registry entry listened Registry Entry [minecraft:item / fossil:spawn_egg_elasmotherium] was not realized!
[01Sep2026 01:04:30.395] [main/WARN] [dev.architectury.registry.registries.forge.RegistrarManagerImpl/]: Registry entry listened Registry Entry [minecraft:item / fossil:bone_tail_therizinosaurus] was not realized!
[01Sep2026 01:04:30.395] [main/WARN] [dev.architectury.registry.registries.forge.RegistrarManagerImpl/]: Registry entry listened Registry Entry [minecraft:item / fossil:sheep_dna] was not realized!
[01Sep2026 01:04:30.395] [main/WARN] [dev.architectury.registry.registries.forge.RegistrarManagerImpl/]: Registry entry listened Registry Entry [minecraft:item / fossil:bone_ribcage_psittacosaurus] was not realized!
[01Sep2026 01:04:30.395] [main/WARN] [dev.architectury.registry.registries.forge.RegistrarManagerImpl/]: Registry entry listened Registry Entry [minecraft:item / fossil:bone_arm_spinosaurus] was not realized!
[01Sep2026 01:04:30.395] [main/WARN] [dev.architectury.registry.registries.forge.RegistrarManagerImpl/]: Registry entry listened Registry Entry [minecraft:item / fossil:bone_skull_stegosaurus] was not realized!
[01Sep2026 01:04:30.395] [main/WARN] [dev.architectury.registry.registries.forge.RegistrarManagerImpl/]: Registry entry listened Registry Entry [minecraft:item / fossil:bone_leg_compsognathus] was not realized!
[01Sep2026 01:04:30.395] [main/WARN] [dev.architectury.registry.registries.forge.RegistrarManagerImpl/]: Registry entry listened Registry Entry [minecraft:item / fossil:bone_arm_diplocaulus] was not realized!
[01Sep2026 01:04:30.395] [main/WARN] [dev.architectury.registry.registries.forge.RegistrarManagerImpl/]: Registry entry listened Registry Entry [minecraft:item / fossil:bone_skull_deinonychus] was not realized!
[01Sep2026 01:04:30.395] [main/WARN] [dev.architectury.registry.registries.forge.RegistrarManagerImpl/]: Registry entry listened Registry Entry [minecraft:item / fossil:bone_arm_diplodocus] was not realized!
[01Sep2026 01:04:30.395] [main/WARN] [dev.architectury.registry.registries.forge.RegistrarManagerImpl/]: Registry entry listened Registry Entry [minecraft:item / fossil:bone_arm_elasmotherium] was not realized!
[01Sep2026 01:04:30.395] [main/WARN] [dev.architectury.registry.registries.forge.RegistrarManagerImpl/]: Registry entry listened Registry Entry [minecraft:item / fossil:bone_tail_megaloceros] was not realized!
[01Sep2026 01:04:30.395] [main/WARN] [dev.architectury.registry.registries.forge.RegistrarManagerImpl/]: Registry entry listened Registry Entry [minecraft:item / fossil:chicken_dna] was not realized!
[01Sep2026 01:04:30.395] [main/WARN] [dev.architectury.registry.registries.forge.RegistrarManagerImpl/]: Registry entry listened Registry Entry [minecraft:item / fossil:bone_skull_ornitholestes] was not realized!
[01Sep2026 01:04:30.395] [main/WARN] [dev.architectury.registry.registries.forge.RegistrarManagerImpl/]: Registry entry listened Registry Entry [minecraft:item / fossil:alligator_gar_dna] was not realized!
[01Sep2026 01:04:30.395] [main/WARN] [dev.architectury.registry.registries.forge.RegistrarManagerImpl/]: Registry entry listened Registry Entry [minecraft:item / fossil:hoglin_dna] was not realized!
[01Sep2026 01:04:30.395] [main/WARN] [dev.architectury.registry.registries.forge.RegistrarManagerImpl/]: Registry entry listened Registry Entry [minecraft:item / fossil:spawn_egg_kelenken] was not realized!
[01Sep2026 01:04:30.395] [main/WARN] [dev.architectury.registry.registries.forge.RegistrarManagerImpl/]: Registry entry listened Registry Entry [minecraft:item / fossil:bone_foot_triceratops] was not realized!
[01Sep2026 01:04:30.395] [main/WARN] [dev.architectury.registry.registries.forge.RegistrarManagerImpl/]: Registry entry listened Registry Entry [minecraft:item / fossil:bone_leg_megalania] was not realized!
[01Sep2026 01:04:30.395] [main/WARN] [dev.architectury.registry.registries.forge.RegistrarManagerImpl/]: Registry entry listened Registry Entry [minecraft:item / fossil:bone_leg_sarcosuchus] was not realized!
[01Sep2026 01:04:30.395] [main/WARN] [dev.architectury.registry.registries.forge.RegistrarManagerImpl/]: Registry entry listened Registry Entry [minecraft:item / fossil:egg_item_diplodocus] was not realized!
[01Sep2026 01:04:30.395] [main/WARN] [dev.architectury.registry.registries.forge.RegistrarManagerImpl/]: Registry entry listened Registry Entry [minecraft:item / fossil:bone_unique_dimetrodon] was not realized!
[01Sep2026 01:04:30.395] [main/WARN] [dev.architectury.registry.registries.forge.RegistrarManagerImpl/]: Registry entry listened Registry Entry [minecraft:item / fossil:bone_skull_tiktaalik] was not realized!
[01Sep2026 01:04:30.395] [main/WARN] [dev.architectury.registry.registries.forge.RegistrarManagerImpl/]: Registry entry listened Registry Entry [minecraft:item / fossil:egg_item_plesiosaurus] was not realized!
[01Sep2026 01:04:30.395] [main/WARN] [dev.architectury.registry.registries.forge.RegistrarManagerImpl/]: Registry entry listened Registry Entry [minecraft:item / fossil:bone_tail_confuciusornis] was not realized!
[01Sep2026 01:04:30.395] [main/WARN] [dev.architectury.registry.registries.forge.RegistrarManagerImpl/]: Registry entry listened Registry Entry [minecraft:item / fossil:bone_skull_dimetrodon] was not realized!
[01Sep2026 01:04:30.395] [main/WARN] [dev.architectury.registry.registries.forge.RegistrarManagerImpl/]: Registry entry listened Registry Entry [minecraft:item / fossil:pufferfish_dna] was not realized!
[01Sep2026 01:04:30.395] [main/WARN] [dev.architectury.registry.registries.forge.RegistrarManagerImpl/]: Registry entry listened Registry Entry [minecraft:item / fossil:cooked_parasaurolophus] was not realized!
[01Sep2026 01:04:30.395] [main/WARN] [dev.architectury.registry.registries.forge.RegistrarManagerImpl/]: Registry entry listened Registry Entry [minecraft:item / fossil:quagga_dna] was not realized!
[01Sep2026 01:04:30.395] [main/WARN] [dev.architectury.registry.registries.forge.RegistrarManagerImpl/]: Registry entry listened Registry Entry [minecraft:item / fossil:meat_dicranurus] was not realized!
[01Sep2026 01:04:30.395] [main/WARN] [dev.architectury.registry.registries.forge.RegistrarManagerImpl/]: Registry entry listened Registry Entry [minecraft:item / fossil:bone_arm_compsognathus] was not realized!
[01Sep2026 01:04:30.395] [main/WARN] [dev.architectury.registry.registries.forge.RegistrarManagerImpl/]: Registry entry listened Registry Entry [minecraft:item / fossil:bone_leg_therizinosaurus] was not realized!
[01Sep2026 01:04:30.395] [main/WARN] [dev.architectury.registry.registries.forge.RegistrarManagerImpl/]: Registry entry listened Registry Entry [minecraft:item / fossil:bone_skull_compsognathus] was not realized!
[01Sep2026 01:04:30.395] [main/WARN] [dev.architectury.registry.registries.forge.RegistrarManagerImpl/]: Registry entry listened Registry Entry [minecraft:item / fossil:nautilus_dna] was not realized!
[01Sep2026 01:04:30.395] [main/WARN] [dev.architectury.registry.registries.forge.RegistrarManagerImpl/]: Registry entry listened Registry Entry [minecraft:item / fossil:bone_unique_megalania] was not realized!
[01Sep2026 01:04:30.395] [main/WARN] [dev.architectury.registry.registries.forge.RegistrarManagerImpl/]: Registry entry listened Registry Entry [minecraft:item / fossil:bucket_item_coelacanth] was not realized!
[01Sep2026 01:04:30.395] [main/WARN] [dev.architectury.registry.registries.forge.RegistrarManagerImpl/]: Registry entry listened Registry Entry [minecraft:item / fossil:syringe_mammoth] was not realized!
[01Sep2026 01:04:30.395] [main/WARN] [dev.architectury.registry.registries.forge.RegistrarManagerImpl/]: Registry entry listened Registry Entry [minecraft:item / fossil:bone_ribcage_dilophosaurus] was not realized!
[01Sep2026 01:04:30.395] [main/WARN] [dev.architectury.registry.registries.forge.RegistrarManagerImpl/]: Registry entry listened Registry Entry [minecraft:item / fossil:meat_gallimimus] was not realized!
[01Sep2026 01:04:30.395] [main/WARN] [dev.architectury.registry.registries.forge.RegistrarManagerImpl/]: Registry entry listened Registry Entry [minecraft:item / fossil:spawn_egg_megalania] was not realized!
[01Sep2026 01:04:30.395] [main/WARN] [dev.architectury.registry.registries.forge.RegistrarManagerImpl/]: Registry entry listened Registry Entry [minecraft:item / fossil:bucket_item_crassigyrinus] was not realized!
[01Sep2026 01:04:30.395] [main/WARN] [dev.architectury.registry.registries.forge.RegistrarManagerImpl/]: Registry entry listened Registry Entry [minecraft:item / fossil:bone_foot_citipati] was not realized!
[01Sep2026 01:04:30.395] [main/WARN] [dev.architectury.registry.registries.forge.RegistrarManagerImpl/]: Registry entry listened Registry Entry [minecraft:item / fossil:bone_tail_liopleurodon] was not realized!
[01Sep2026 01:04:30.395] [main/WARN] [dev.architectury.registry.registries.forge.RegistrarManagerImpl/]: Registry entry listened Registry Entry [minecraft:item / fossil:bucket_item_lonchodomas] was not realized!
[01Sep2026 01:04:30.395] [main/WARN] [dev.architectury.registry.registries.forge.RegistrarManagerImpl/]: Registry entry listened Registry Entry [minecraft:item / fossil:egg_item_crassigyrinus] was not realized!
[01Sep2026 01:04:30.395] [main/WARN] [dev.architectury.registry.registries.forge.RegistrarManagerImpl/]: Registry entry listened Registry Entry [minecraft:item / fossil:bone_tail_parasaurolophus] was not realized!
[01Sep2026 01:04:30.395] [main/WARN] [dev.architectury.registry.registries.forge.RegistrarManagerImpl/]: Registry entry listened Registry Entry [minecraft:item / fossil:polar_bear_dna] was not realized!
[01Sep2026 01:04:30.395] [main/WARN] [dev.architectury.registry.registries.forge.RegistrarManagerImpl/]: Registry entry listened Registry Entry [minecraft:item / fossil:elasmotherium_dna] was not realized!
[01Sep2026 01:04:30.395] [main/WARN] [dev.architectury.registry.registries.forge.RegistrarManagerImpl/]: Registry entry listened Registry Entry [minecraft:item / fossil:spawn_egg_pteranodon] was not realized!
[01Sep2026 01:04:30.396] [main/WARN] [dev.architectury.registry.registries.forge.RegistrarManagerImpl/]: Registry entry listened Registry Entry [minecraft:item / fossil:bone_foot_phorusrhacos] was not realized!
[01Sep2026 01:04:30.396] [main/WARN] [dev.architectury.registry.registries.forge.RegistrarManagerImpl/]: Registry entry listened Registry Entry [minecraft:item / fossil:bone_foot_allosaurus] was not realized!
[01Sep2026 01:04:30.396] [main/WARN] [dev.architectury.registry.registries.forge.RegistrarManagerImpl/]: Registry entry listened Registry Entry [minecraft:item / fossil:cooked_titanis] was not realized!
[01Sep2026 01:04:30.396] [main/WARN] [dev.architectury.registry.registries.forge.RegistrarManagerImpl/]: Registry entry listened Registry Entry [minecraft:item / fossil:bone_foot_diplodocus] was not realized!
[01Sep2026 01:04:30.396] [main/WARN] [dev.architectury.registry.registries.forge.RegistrarManagerImpl/]: Registry entry listened Registry Entry [minecraft:item / fossil:meat_pachycephalosaurus] was not realized!
[01Sep2026 01:04:30.396] [main/WARN] [dev.architectury.registry.registries.forge.RegistrarManagerImpl/]: Registry entry listened Registry Entry [minecraft:item / fossil:cooked_plesiosaurus] was not realized!
[01Sep2026 01:04:30.396] [main/WARN] [dev.architectury.registry.registries.forge.RegistrarManagerImpl/]: Registry entry listened Registry Entry [minecraft:item / fossil:bone_tail_mosasaurus] was not realized!
[01Sep2026 01:04:30.396] [main/WARN] [dev.architectury.registry.registries.forge.RegistrarManagerImpl/]: Registry entry listened Registry Entry [minecraft:item / fossil:egg_item_scotoharpes] was not realized!
[01Sep2026 01:04:30.396] [main/WARN] [dev.architectury.registry.registries.forge.RegistrarManagerImpl/]: Registry entry listened Registry Entry [minecraft:item / fossil:ocelot_dna] was not realized!
[01Sep2026 01:04:30.396] [main/WARN] [dev.architectury.registry.registries.forge.RegistrarManagerImpl/]: Registry entry listened Registry Entry [minecraft:item / fossil:bone_ribcage_postosuchus] was not realized!
[01Sep2026 01:04:30.396] [main/WARN] [dev.architectury.registry.registries.forge.RegistrarManagerImpl/]: Registry entry listened Registry Entry [minecraft:item / fossil:bone_tail_megalania] was not realized!
[01Sep2026 01:04:30.396] [main/WARN] [dev.architectury.registry.registries.forge.RegistrarManagerImpl/]: Registry entry listened Registry Entry [minecraft:item / fossil:tropical_fish_dna] was not realized!
[01Sep2026 01:04:30.396] [main/WARN] [dev.architectury.registry.registries.forge.RegistrarManagerImpl/]: Registry entry listened Registry Entry [minecraft:item / fossil:platybelodon_dna] was not realized!
[01Sep2026 01:04:30.396] [main/WARN] [dev.architectury.registry.registries.forge.RegistrarManagerImpl/]: Registry entry listened Registry Entry [minecraft:item / fossil:bone_skull_titanis] was not realized!
[01Sep2026 01:04:30.396] [main/WARN] [dev.architectury.registry.registries.forge.RegistrarManagerImpl/]: Registry entry listened Registry Entry [minecraft:item / fossil:egg_item_ceratosaurus] was not realized!
[01Sep2026 01:04:30.396] [main/WARN] [dev.architectury.registry.registries.forge.RegistrarManagerImpl/]: Registry entry listened Registry Entry [minecraft:item / fossil:egg_item_psittacosaurus] was not realized!
[01Sep2026 01:04:30.396] [main/WARN] [dev.architectury.registry.registries.forge.RegistrarManagerImpl/]: Registry entry listened Registry Entry [minecraft:item / fossil:bone_unique_spinosaurus] was not realized!
[01Sep2026 01:04:30.396] [main/WARN] [dev.architectury.registry.registries.forge.RegistrarManagerImpl/]: Registry entry listened Registry Entry [minecraft:item / fossil:egg_item_axolotl] was not realized!
[01Sep2026 01:04:30.396] [main/WARN] [dev.architectury.registry.registries.forge.RegistrarManagerImpl/]: Registry entry listened Registry Entry [minecraft:item / fossil:bone_tail_ichthyosaurus] was not realized!
[01Sep2026 01:04:30.396] [main/WARN] [dev.architectury.registry.registries.forge.RegistrarManagerImpl/]: Registry entry listened Registry Entry [minecraft:item / fossil:syringe_llama] was not realized!
[01Sep2026 01:04:30.396] [main/WARN] [dev.architectury.registry.registries.forge.RegistrarManagerImpl/]: Registry entry listened Registry Entry [minecraft:item / fossil:bone_unique_dodo] was not realized!
[01Sep2026 01:04:30.396] [main/WARN] [dev.architectury.registry.registries.forge.RegistrarManagerImpl/]: Registry entry listened Registry Entry [minecraft:item / fossil:bone_unique_mosasaurus] was not realized!
[01Sep2026 01:04:30.396] [main/WARN] [dev.architectury.registry.registries.forge.RegistrarManagerImpl/]: Registry entry listened Registry Entry [minecraft:item / fossil:cooked_scotoharpes] was not realized!
[01Sep2026 01:04:30.396] [main/WARN] [dev.architectury.registry.registries.forge.RegistrarManagerImpl/]: Registry entry listened Registry Entry [minecraft:item / fossil:meat_stegosaurus] was not realized!
[01Sep2026 01:04:30.396] [main/WARN] [dev.architectury.registry.registries.forge.RegistrarManagerImpl/]: Registry entry listened Registry Entry [minecraft:item / fossil:meat_mosasaurus] was not realized!
[01Sep2026 01:04:30.396] [main/WARN] [dev.architectury.registry.registries.forge.RegistrarManagerImpl/]: Registry entry listened Registry Entry [minecraft:item / fossil:bone_tail_velociraptor] was not realized!
[01Sep2026 01:04:30.396] [main/WARN] [dev.architectury.registry.registries.forge.RegistrarManagerImpl/]: Registry entry listened Registry Entry [minecraft:item / fossil:bone_vertebrae_pteranodon] was not realized!
[01Sep2026 01:04:30.396] [main/WARN] [dev.architectury.registry.registries.forge.RegistrarManagerImpl/]: Registry entry listened Registry Entry [minecraft:item / fossil:spawn_egg_aquilolamna] was not realized!
[01Sep2026 01:04:30.396] [main/WARN] [dev.architectury.registry.registries.forge.RegistrarManagerImpl/]: Registry entry listened Registry Entry [minecraft:item / fossil:bone_vertebrae_titanis] was not realized!
[01Sep2026 01:04:30.396] [main/WARN] [dev.architectury.registry.registries.forge.RegistrarManagerImpl/]: Registry entry listened Registry Entry [minecraft:item / fossil:cooked_dodo] was not realized!
[01Sep2026 01:04:30.396] [main/WARN] [dev.architectury.registry.registries.forge.RegistrarManagerImpl/]: Registry entry listened Registry Entry [minecraft:item / fossil:bone_vertebrae_diplodocus] was not realized!
[01Sep2026 01:04:30.396] [main/WARN] [dev.architectury.registry.registries.forge.RegistrarManagerImpl/]: Registry entry listened Registry Entry [minecraft:item / fossil:spawn_egg_coelacanth] was not realized!
[01Sep2026 01:04:30.396] [main/WARN] [dev.architectury.registry.registries.forge.RegistrarManagerImpl/]: Registry entry listened Registry Entry [minecraft:item / fossil:bone_ribcage_spinosaurus] was not realized!
[01Sep2026 01:04:30.396] [main/WARN] [dev.architectury.registry.registries.forge.RegistrarManagerImpl/]: Registry entry listened Registry Entry [minecraft:item / fossil:bone_vertebrae_dilophosaurus] was not realized!
[01Sep2026 01:04:30.396] [main/WARN] [dev.architectury.registry.registries.forge.RegistrarManagerImpl/]: Registry entry listened Registry Entry [minecraft:item / fossil:bone_vertebrae_liopleurodon] was not realized!
[01Sep2026 01:04:30.396] [main/WARN] [dev.architectury.registry.registries.forge.RegistrarManagerImpl/]: Registry entry listened Registry Entry [minecraft:item / fossil:bone_foot_liopleurodon] was not realized!
[01Sep2026 01:04:30.396] [main/WARN] [dev.architectury.registry.registries.forge.RegistrarManagerImpl/]: Registry entry listened Registry Entry [minecraft:item / fossil:egg_item_dimetrodon] was not realized!
[01Sep2026 01:04:30.396] [main/WARN] [dev.architectury.registry.registries.forge.RegistrarManagerImpl/]: Registry entry listened Registry Entry [minecraft:item / fossil:spawn_egg_nautilus] was not realized!
[01Sep2026 01:04:30.396] [main/WARN] [dev.architectury.registry.registries.forge.RegistrarManagerImpl/]: Registry entry listened Registry Entry [minecraft:item / fossil:syringe_bat] was not realized!
[01Sep2026 01:04:30.396] [main/WARN] [dev.architectury.registry.registries.forge.RegistrarManagerImpl/]: Registry entry listened Registry Entry [minecraft:item / fossil:bone_foot_plesiosaurus] was not realized!
[01Sep2026 01:04:30.396] [main/WARN] [dev.architectury.registry.registries.forge.RegistrarManagerImpl/]: Registry entry listened Registry Entry [minecraft:item / fossil:spawn_egg_dryosaurus] was not realized!
[01Sep2026 01:04:30.396] [main/WARN] [dev.architectury.registry.registries.forge.RegistrarManagerImpl/]: Registry entry listened Registry Entry [minecraft:item / fossil:cooked_henodus] was not realized!
[01Sep2026 01:04:30.396] [main/WARN] [dev.architectury.registry.registries.forge.RegistrarManagerImpl/]: Registry entry listened Registry Entry [minecraft:item / fossil:bone_foot_brachiosaurus] was not realized!
[01Sep2026 01:04:30.396] [main/WARN] [dev.architectury.registry.registries.forge.RegistrarManagerImpl/]: Registry entry listened Registry Entry [minecraft:item / fossil:scotoharpes_dna] was not realized!
[01Sep2026 01:04:30.396] [main/WARN] [dev.architectury.registry.registries.forge.RegistrarManagerImpl/]: Registry entry listened Registry Entry [minecraft:item / fossil:cooked_ornitholestes] was not realized!
[01Sep2026 01:04:30.396] [main/WARN] [dev.architectury.registry.registries.forge.RegistrarManagerImpl/]: Registry entry listened Registry Entry [minecraft:item / fossil:cooked_dimetrodon] was not realized!
[01Sep2026 01:04:30.396] [main/WARN] [dev.architectury.registry.registries.forge.RegistrarManagerImpl/]: Registry entry listened Registry Entry [minecraft:item / fossil:bone_leg_plesiosaurus] was not realized!
[01Sep2026 01:04:30.396] [main/WARN] [dev.architectury.registry.registries.forge.RegistrarManagerImpl/]: Registry entry listened Registry Entry [minecraft:item / fossil:meat_quetzalcoatlus] was not realized!
[01Sep2026 01:04:30.396] [main/WARN] [dev.architectury.registry.registries.forge.RegistrarManagerImpl/]: Registry entry listened Registry Entry [minecraft:item / fossil:bone_foot_therizinosaurus] was not realized!
[01Sep2026 01:04:30.396] [main/WARN] [dev.architectury.registry.registries.forge.RegistrarManagerImpl/]: Registry entry listened Registry Entry [minecraft:item / fossil:bone_tail_gastornis] was not realized!
[01Sep2026 01:04:30.396] [main/WARN] [dev.architectury.registry.registries.forge.RegistrarManagerImpl/]: Registry entry listened Registry Entry [minecraft:item / fossil:bone_vertebrae_triceratops] was not realized!
[01Sep2026 01:04:30.396] [main/WARN] [dev.architectury.registry.registries.forge.RegistrarManagerImpl/]: Registry entry listened Registry Entry [minecraft:item / fossil:bone_ribcage_protoceratops] was not realized!
[01Sep2026 01:04:30.396] [main/WARN] [dev.architectury.registry.registries.forge.RegistrarManagerImpl/]: Registry entry listened Registry Entry [minecraft:item / fossil:syringe_hoglin] was not realized!
[01Sep2026 01:04:30.396] [main/WARN] [dev.architectury.registry.registries.forge.RegistrarManagerImpl/]: Registry entry listened Registry Entry [minecraft:item / fossil:ornitholestes_dna] was not realized!
[01Sep2026 01:04:30.396] [main/WARN] [dev.architectury.registry.registries.forge.RegistrarManagerImpl/]: Registry entry listened Registry Entry [minecraft:item / fossil:bone_leg_smilodon] was not realized!
[01Sep2026 01:04:30.396] [main/WARN] [dev.architectury.registry.registries.forge.RegistrarManagerImpl/]: Registry entry listened Registry Entry [minecraft:item / fossil:cooked_dimorphodon] was not realized!
[01Sep2026 01:04:30.396] [main/WARN] [dev.architectury.registry.registries.forge.RegistrarManagerImpl/]: Registry entry listened Registry Entry [minecraft:item / fossil:spawn_egg_compsognathus] was not realized!
[01Sep2026 01:04:30.396] [main/WARN] [dev.architectury.registry.registries.forge.RegistrarManagerImpl/]: Registry entry listened Registry Entry [minecraft:item / fossil:bone_arm_dimetrodon] was not realized!
[01Sep2026 01:04:30.396] [main/WARN] [dev.architectury.registry.registries.forge.RegistrarManagerImpl/]: Registry entry listened Registry Entry [minecraft:item / fossil:meat_dimorphodon] was not realized!
[01Sep2026 01:04:30.396] [main/WARN] [dev.architectury.registry.registries.forge.RegistrarManagerImpl/]: Registry entry listened Registry Entry [minecraft:item / fossil:brachiosaurus_dna] was not realized!
[01Sep2026 01:04:30.396] [main/WARN] [dev.architectury.registry.registries.forge.RegistrarManagerImpl/]: Registry entry listened Registry Entry [minecraft:item / fossil:egg_item_squid] was not realized!
[01Sep2026 01:04:30.396] [main/WARN] [dev.architectury.registry.registries.forge.RegistrarManagerImpl/]: Registry entry listened Registry Entry [minecraft:item / fossil:meat_pachyrhinosaurus] was not realized!
[01Sep2026 01:04:30.396] [main/WARN] [dev.architectury.registry.registries.forge.RegistrarManagerImpl/]: Registry entry listened Registry Entry [minecraft:item / fossil:bone_arm_megaloceros] was not realized!
[01Sep2026 01:04:30.396] [main/WARN] [dev.architectury.registry.registries.forge.RegistrarManagerImpl/]: Registry entry listened Registry Entry [minecraft:item / fossil:bone_skull_protoceratops] was not realized!
[01Sep2026 01:04:30.396] [main/WARN] [dev.architectury.registry.registries.forge.RegistrarManagerImpl/]: Registry entry listened Registry Entry [minecraft:item / fossil:dimorphodon_dna] was not realized!
[01Sep2026 01:04:30.396] [main/WARN] [dev.architectury.registry.registries.forge.RegistrarManagerImpl/]: Registry entry listened Registry Entry [minecraft:item / fossil:bone_skull_gallimimus] was not realized!
[01Sep2026 01:04:30.396] [main/WARN] [dev.architectury.registry.registries.forge.RegistrarManagerImpl/]: Registry entry listened Registry Entry [minecraft:item / fossil:spawn_egg_tiktaalik] was not realized!
[01Sep2026 01:04:30.396] [main/WARN] [dev.architectury.registry.registries.forge.RegistrarManagerImpl/]: Registry entry listened Registry Entry [minecraft:item / fossil:bone_vertebrae_stegosaurus] was not realized!
[01Sep2026 01:04:30.396] [main/WARN] [dev.architectury.registry.registries.forge.RegistrarManagerImpl/]: Registry entry listened Registry Entry [minecraft:item / fossil:spawn_egg_allosaurus] was not realized!
[01Sep2026 01:04:30.396] [main/WARN] [dev.architectury.registry.registries.forge.RegistrarManagerImpl/]: Registry entry listened Registry Entry [minecraft:item / fossil:syringe_horse] was not realized!
[01Sep2026 01:04:30.396] [main/WARN] [dev.architectury.registry.registries.forge.RegistrarManagerImpl/]: Registry entry listened Registry Entry [minecraft:item / fossil:bone_vertebrae_dryosaurus] was not realized!
[01Sep2026 01:04:30.396] [main/WARN] [dev.architectury.registry.registries.forge.RegistrarManagerImpl/]: Registry entry listened Registry Entry [minecraft:item / fossil:spawn_egg_citipati] was not realized!
[01Sep2026 01:04:30.396] [main/WARN] [dev.architectury.registry.registries.forge.RegistrarManagerImpl/]: Registry entry listened Registry Entry [minecraft:item / fossil:compsognathus_dna] was not realized!
[01Sep2026 01:04:30.396] [main/WARN] [dev.architectury.registry.registries.forge.RegistrarManagerImpl/]: Registry entry listened Registry Entry [minecraft:item / fossil:bone_arm_quagga] was not realized!
[01Sep2026 01:04:30.396] [main/WARN] [dev.architectury.registry.registries.forge.RegistrarManagerImpl/]: Registry entry listened Registry Entry [minecraft:item / fossil:bone_tail_platybelodon] was not realized!
[01Sep2026 01:04:30.396] [main/WARN] [dev.architectury.registry.registries.forge.RegistrarManagerImpl/]: Registry entry listened Registry Entry [minecraft:item / fossil:syringe_strider] was not realized!
[01Sep2026 01:04:30.396] [main/WARN] [dev.architectury.registry.registries.forge.RegistrarManagerImpl/]: Registry entry listened Registry Entry [minecraft:item / fossil:bone_foot_gastornis] was not realized!
[01Sep2026 01:04:30.396] [main/WARN] [dev.architectury.registry.registries.forge.RegistrarManagerImpl/]: Registry entry listened Registry Entry [minecraft:item / fossil:spawn_egg_walliserops] was not realized!
[01Sep2026 01:04:30.396] [main/WARN] [dev.architectury.registry.registries.forge.RegistrarManagerImpl/]: Registry entry listened Registry Entry [minecraft:item / fossil:squid_dna] was not realized!
[01Sep2026 01:04:30.396] [main/WARN] [dev.architectury.registry.registries.forge.RegistrarManagerImpl/]: Registry entry listened Registry Entry [minecraft:item / fossil:bone_arm_ankylosaurus] was not realized!
[01Sep2026 01:04:30.397] [main/WARN] [dev.architectury.registry.registries.forge.RegistrarManagerImpl/]: Registry entry listened Registry Entry [minecraft:item / fossil:bone_skull_smilodon] was not realized!
[01Sep2026 01:04:30.397] [main/WARN] [dev.architectury.registry.registries.forge.RegistrarManagerImpl/]: Registry entry listened Registry Entry [minecraft:item / fossil:egg_item_citipati] was not realized!
[01Sep2026 01:04:30.397] [main/WARN] [dev.architectury.registry.registries.forge.RegistrarManagerImpl/]: Registry entry listened Registry Entry [minecraft:item / fossil:mosasaurus_dna] was not realized!
[01Sep2026 01:04:30.397] [main/WARN] [dev.architectury.registry.registries.forge.RegistrarManagerImpl/]: Registry entry listened Registry Entry [minecraft:item / fossil:egg_item_dimorphodon] was not realized!
[01Sep2026 01:04:30.397] [main/WARN] [dev.architectury.registry.registries.forge.RegistrarManagerImpl/]: Registry entry listened Registry Entry [minecraft:item / fossil:bone_skull_parasaurolophus] was not realized!
[01Sep2026 01:04:30.397] [main/WARN] [dev.architectury.registry.registries.forge.RegistrarManagerImpl/]: Registry entry listened Registry Entry [minecraft:item / fossil:bone_unique_tyrannosaurus] was not realized!
[01Sep2026 01:04:30.397] [main/WARN] [dev.architectury.registry.registries.forge.RegistrarManagerImpl/]: Registry entry listened Registry Entry [minecraft:item / fossil:bone_vertebrae_compsognathus] was not realized!
[01Sep2026 01:04:30.397] [main/WARN] [dev.architectury.registry.registries.forge.RegistrarManagerImpl/]: Registry entry listened Registry Entry [minecraft:item / fossil:bone_arm_gastornis] was not realized!
[01Sep2026 01:04:30.397] [main/WARN] [dev.architectury.registry.registries.forge.RegistrarManagerImpl/]: Registry entry listened Registry Entry [minecraft:item / fossil:plesiosaurus_dna] was not realized!
[01Sep2026 01:04:30.397] [main/WARN] [dev.architectury.registry.registries.forge.RegistrarManagerImpl/]: Registry entry listened Registry Entry [minecraft:item / fossil:cooked_pachycephalosaurus] was not realized!
[01Sep2026 01:04:30.397] [main/WARN] [dev.architectury.registry.registries.forge.RegistrarManagerImpl/]: Registry entry listened Registry Entry [minecraft:item / fossil:bone_leg_spinosaurus] was not realized!
[01Sep2026 01:04:30.397] [main/WARN] [dev.architectury.registry.registries.forge.RegistrarManagerImpl/]: Registry entry listened Registry Entry [minecraft:item / fossil:meat_sturgeon] was not realized!
[01Sep2026 01:04:30.397] [main/WARN] [dev.architectury.registry.registries.forge.RegistrarManagerImpl/]: Registry entry listened Registry Entry [minecraft:item / fossil:bone_skull_liopleurodon] was not realized!
[01Sep2026 01:04:30.397] [main/WARN] [dev.architectury.registry.registries.forge.RegistrarManagerImpl/]: Registry entry listened Registry Entry [minecraft:item / fossil:bone_unique_brachiosaurus] was not realized!
[01Sep2026 01:04:30.397] [main/WARN] [dev.architectury.registry.registries.forge.RegistrarManagerImpl/]: Registry entry listened Registry Entry [minecraft:item / fossil:bone_arm_postosuchus] was not realized!
[01Sep2026 01:04:30.397] [main/WARN] [dev.architectury.registry.registries.forge.RegistrarManagerImpl/]: Registry entry listened Registry Entry [minecraft:item / fossil:spawn_egg_crassigyrinus] was not realized!
[01Sep2026 01:04:30.397] [main/WARN] [dev.architectury.registry.registries.forge.RegistrarManagerImpl/]: Registry entry listened Registry Entry [minecraft:item / fossil:egg_item_gastornis] was not realized!
[01Sep2026 01:04:30.397] [main/WARN] [dev.architectury.registry.registries.forge.RegistrarManagerImpl/]: Registry entry listened Registry Entry [minecraft:item / fossil:meat_coelacanth] was not realized!
[01Sep2026 01:04:30.397] [main/WARN] [dev.architectury.registry.registries.forge.RegistrarManagerImpl/]: Registry entry listened Registry Entry [minecraft:item / fossil:meat_protoceratops] was not realized!
[01Sep2026 01:04:30.397] [main/WARN] [dev.architectury.registry.registries.forge.RegistrarManagerImpl/]: Registry entry listened Registry Entry [minecraft:item / fossil:bone_arm_psittacosaurus] was not realized!
[01Sep2026 01:04:30.397] [main/WARN] [dev.architectury.registry.registries.forge.RegistrarManagerImpl/]: Registry entry listened Registry Entry [minecraft:item / fossil:bone_tail_postosuchus] was not realized!
[01Sep2026 01:04:30.397] [main/WARN] [dev.architectury.registry.registries.forge.RegistrarManagerImpl/]: Registry entry listened Registry Entry [minecraft:item / fossil:cooked_tiktaalik] was not realized!
[01Sep2026 01:04:30.397] [main/WARN] [dev.architectury.registry.registries.forge.RegistrarManagerImpl/]: Registry entry listened Registry Entry [minecraft:item / fossil:bone_vertebrae_brachiosaurus] was not realized!
[01Sep2026 01:04:30.397] [main/WARN] [dev.architectury.registry.registries.forge.RegistrarManagerImpl/]: Registry entry listened Registry Entry [minecraft:item / fossil:bone_unique_parasaurolophus] was not realized!
[01Sep2026 01:04:30.397] [main/WARN] [dev.architectury.registry.registries.forge.RegistrarManagerImpl/]: Registry entry listened Registry Entry [minecraft:item / fossil:strider_dna] was not realized!
[01Sep2026 01:04:30.397] [main/WARN] [dev.architectury.registry.registries.forge.RegistrarManagerImpl/]: Registry entry listened Registry Entry [minecraft:item / fossil:bone_skull_ichthyosaurus] was not realized!
[01Sep2026 01:04:30.397] [main/WARN] [dev.architectury.registry.registries.forge.RegistrarManagerImpl/]: Registry entry listened Registry Entry [minecraft:item / fossil:bone_vertebrae_henodus] was not realized!
[01Sep2026 01:04:30.397] [main/WARN] [dev.architectury.registry.registries.forge.RegistrarManagerImpl/]: Registry entry listened Registry Entry [minecraft:item / fossil:egg_phorusrhacos] was not realized!
[01Sep2026 01:04:30.397] [main/WARN] [dev.architectury.registry.registries.forge.RegistrarManagerImpl/]: Registry entry listened Registry Entry [minecraft:item / fossil:bone_leg_crassigyrinus] was not realized!
[01Sep2026 01:04:30.397] [main/WARN] [dev.architectury.registry.registries.forge.RegistrarManagerImpl/]: Registry entry listened Registry Entry [minecraft:item / fossil:bone_foot_kelenken] was not realized!
[01Sep2026 01:04:30.397] [main/WARN] [dev.architectury.registry.registries.forge.RegistrarManagerImpl/]: Registry entry listened Registry Entry [minecraft:item / fossil:bone_unique_stegosaurus] was not realized!
[01Sep2026 01:04:30.397] [main/WARN] [dev.architectury.registry.registries.forge.RegistrarManagerImpl/]: Registry entry listened Registry Entry [minecraft:item / fossil:meat_dryosaurus] was not realized!
[01Sep2026 01:04:30.397] [main/WARN] [dev.architectury.registry.registries.forge.RegistrarManagerImpl/]: Registry entry listened Registry Entry [minecraft:item / fossil:spawn_egg_deinonychus] was not realized!
[01Sep2026 01:04:30.397] [main/WARN] [dev.architectury.registry.registries.forge.RegistrarManagerImpl/]: Registry entry listened Registry Entry [minecraft:item / fossil:crassigyrinus_dna] was not realized!
[01Sep2026 01:04:30.397] [main/WARN] [dev.architectury.registry.registries.forge.RegistrarManagerImpl/]: Registry entry listened Registry Entry [minecraft:item / fossil:bone_foot_quagga] was not realized!
[01Sep2026 01:04:30.397] [main/WARN] [dev.architectury.registry.registries.forge.RegistrarManagerImpl/]: Registry entry listened Registry Entry [minecraft:item / fossil:bone_unique_kelenken] was not realized!
[01Sep2026 01:04:30.397] [main/WARN] [dev.architectury.registry.registries.forge.RegistrarManagerImpl/]: Registry entry listened Registry Entry [minecraft:item / fossil:mooshroom_dna] was not realized!
[01Sep2026 01:04:30.397] [main/WARN] [dev.architectury.registry.registries.forge.RegistrarManagerImpl/]: Registry entry listened Registry Entry [minecraft:item / fossil:bone_tail_ceratosaurus] was not realized!
[01Sep2026 01:04:30.397] [main/WARN] [dev.architectury.registry.registries.forge.RegistrarManagerImpl/]: Registry entry listened Registry Entry [minecraft:item / fossil:cooked_tyrannosaurus] was not realized!
[01Sep2026 01:04:30.397] [main/WARN] [dev.architectury.registry.registries.forge.RegistrarManagerImpl/]: Registry entry listened Registry Entry [minecraft:item / fossil:goat_dna] was not realized!
[01Sep2026 01:04:30.397] [main/WARN] [dev.architectury.registry.registries.forge.RegistrarManagerImpl/]: Registry entry listened Registry Entry [minecraft:item / fossil:bone_tail_dimetrodon] was not realized!
[01Sep2026 01:04:30.397] [main/WARN] [dev.architectury.registry.registries.forge.RegistrarManagerImpl/]: Registry entry listened Registry Entry [minecraft:item / fossil:bone_skull_spinosaurus] was not realized!
[01Sep2026 01:04:30.397] [main/WARN] [dev.architectury.registry.registries.forge.RegistrarManagerImpl/]: Registry entry listened Registry Entry [minecraft:item / fossil:bone_foot_ornitholestes] was not realized!
[01Sep2026 01:04:30.397] [main/WARN] [dev.architectury.registry.registries.forge.RegistrarManagerImpl/]: Registry entry listened Registry Entry [minecraft:item / fossil:meat_parasaurolophus] was not realized!
[01Sep2026 01:04:30.397] [main/WARN] [dev.architectury.registry.registries.forge.RegistrarManagerImpl/]: Registry entry listened Registry Entry [minecraft:item / fossil:cooked_brachiosaurus] was not realized!
[01Sep2026 01:04:30.397] [main/WARN] [dev.architectury.registry.registries.forge.RegistrarManagerImpl/]: Registry entry listened Registry Entry [minecraft:item / fossil:cooked_smilodon] was not realized!
[01Sep2026 01:04:30.397] [main/WARN] [dev.architectury.registry.registries.forge.RegistrarManagerImpl/]: Registry entry listened Registry Entry [minecraft:item / fossil:bone_arm_plesiosaurus] was not realized!
[01Sep2026 01:04:30.397] [main/WARN] [dev.architectury.registry.registries.forge.RegistrarManagerImpl/]: Registry entry listened Registry Entry [minecraft:item / fossil:bone_foot_megalania] was not realized!
[01Sep2026 01:04:30.397] [main/WARN] [dev.architectury.registry.registries.forge.RegistrarManagerImpl/]: Registry entry listened Registry Entry [minecraft:item / fossil:egg_item_kelenken] was not realized!
[01Sep2026 01:04:30.397] [main/WARN] [dev.architectury.registry.registries.forge.RegistrarManagerImpl/]: Registry entry listened Registry Entry [minecraft:item / fossil:egg_item_alligator_gar] was not realized!
[01Sep2026 01:04:30.397] [main/WARN] [dev.architectury.registry.registries.forge.RegistrarManagerImpl/]: Registry entry listened Registry Entry [minecraft:item / fossil:spawn_egg_dilophosaurus] was not realized!
[01Sep2026 01:04:30.397] [main/WARN] [dev.architectury.registry.registries.forge.RegistrarManagerImpl/]: Registry entry listened Registry Entry [minecraft:item / fossil:meat_pteranodon] was not realized!
[01Sep2026 01:04:30.397] [main/WARN] [dev.architectury.registry.registries.forge.RegistrarManagerImpl/]: Registry entry listened Registry Entry [minecraft:item / fossil:bone_foot_tyrannosaurus] was not realized!
[01Sep2026 01:04:30.397] [main/WARN] [dev.architectury.registry.registries.forge.RegistrarManagerImpl/]: Registry entry listened Registry Entry [minecraft:item / fossil:cooked_meganeura] was not realized!
[01Sep2026 01:04:30.397] [main/WARN] [dev.architectury.registry.registries.forge.RegistrarManagerImpl/]: Registry entry listened Registry Entry [minecraft:item / fossil:allosaurus_dna] was not realized!
[01Sep2026 01:04:30.397] [main/WARN] [dev.architectury.registry.registries.forge.RegistrarManagerImpl/]: Registry entry listened Registry Entry [minecraft:item / fossil:bone_skull_therizinosaurus] was not realized!
[01Sep2026 01:04:30.397] [main/WARN] [dev.architectury.registry.registries.forge.RegistrarManagerImpl/]: Registry entry listened Registry Entry [minecraft:item / fossil:bone_ribcage_ichthyosaurus] was not realized!
[01Sep2026 01:04:30.397] [main/WARN] [dev.architectury.registry.registries.forge.RegistrarManagerImpl/]: Registry entry listened Registry Entry [minecraft:item / fossil:bone_foot_quetzalcoatlus] was not realized!
[01Sep2026 01:04:30.397] [main/WARN] [dev.architectury.registry.registries.forge.RegistrarManagerImpl/]: Registry entry listened Registry Entry [minecraft:item / fossil:syringe_camel] was not realized!
[01Sep2026 01:04:30.397] [main/WARN] [dev.architectury.registry.registries.forge.RegistrarManagerImpl/]: Registry entry listened Registry Entry [minecraft:item / fossil:bone_leg_tyrannosaurus] was not realized!
[01Sep2026 01:04:30.397] [main/WARN] [dev.architectury.registry.registries.forge.RegistrarManagerImpl/]: Registry entry listened Registry Entry [minecraft:item / fossil:cooked_quagga] was not realized!
[01Sep2026 01:04:30.397] [main/WARN] [dev.architectury.registry.registries.forge.RegistrarManagerImpl/]: Registry entry listened Registry Entry [minecraft:item / fossil:spawn_egg_ceratosaurus] was not realized!
[01Sep2026 01:04:30.397] [main/WARN] [dev.architectury.registry.registries.forge.RegistrarManagerImpl/]: Registry entry listened Registry Entry [minecraft:item / fossil:meganeura_dna] was not realized!
[01Sep2026 01:04:30.397] [main/WARN] [dev.architectury.registry.registries.forge.RegistrarManagerImpl/]: Registry entry listened Registry Entry [minecraft:item / fossil:bone_foot_compsognathus] was not realized!
[01Sep2026 01:04:30.397] [main/WARN] [dev.architectury.registry.registries.forge.RegistrarManagerImpl/]: Registry entry listened Registry Entry [minecraft:item / fossil:bone_vertebrae_crassigyrinus] was not realized!
[01Sep2026 01:04:30.397] [main/WARN] [dev.architectury.registry.registries.forge.RegistrarManagerImpl/]: Registry entry listened Registry Entry [minecraft:item / fossil:bone_arm_sarcosuchus] was not realized!
[01Sep2026 01:04:30.397] [main/WARN] [dev.architectury.registry.registries.forge.RegistrarManagerImpl/]: Registry entry listened Registry Entry [minecraft:item / fossil:egg_item_dodo] was not realized!
[01Sep2026 01:04:30.397] [main/WARN] [dev.architectury.registry.registries.forge.RegistrarManagerImpl/]: Registry entry listened Registry Entry [minecraft:item / fossil:egg_item_ornitholestes] was not realized!
[01Sep2026 01:04:30.397] [main/WARN] [dev.architectury.registry.registries.forge.RegistrarManagerImpl/]: Registry entry listened Registry Entry [minecraft:item / fossil:bone_arm_phorusrhacos] was not realized!
[01Sep2026 01:04:30.397] [main/WARN] [dev.architectury.registry.registries.forge.RegistrarManagerImpl/]: Registry entry listened Registry Entry [minecraft:item / fossil:bone_vertebrae_megaloceros] was not realized!
[01Sep2026 01:04:30.397] [main/WARN] [dev.architectury.registry.registries.forge.RegistrarManagerImpl/]: Registry entry listened Registry Entry [minecraft:item / fossil:bone_unique_phorusrhacos] was not realized!
[01Sep2026 01:04:30.397] [main/WARN] [dev.architectury.registry.registries.forge.RegistrarManagerImpl/]: Registry entry listened Registry Entry [minecraft:item / fossil:deinonychus_dna] was not realized!
[01Sep2026 01:04:30.397] [main/WARN] [dev.architectury.registry.registries.forge.RegistrarManagerImpl/]: Registry entry listened Registry Entry [minecraft:item / fossil:bone_skull_dimorphodon] was not realized!
[01Sep2026 01:04:30.397] [main/WARN] [dev.architectury.registry.registries.forge.RegistrarManagerImpl/]: Registry entry listened Registry Entry [minecraft:item / fossil:cooked_dicranurus] was not realized!
[01Sep2026 01:04:30.397] [main/WARN] [dev.architectury.registry.registries.forge.RegistrarManagerImpl/]: Registry entry listened Registry Entry [minecraft:item / fossil:cooked_ankylosaurus] was not realized!
[01Sep2026 01:04:30.397] [main/WARN] [dev.architectury.registry.registries.forge.RegistrarManagerImpl/]: Registry entry listened Registry Entry [minecraft:item / fossil:cooked_spinosaurus] was not realized!
[01Sep2026 01:04:30.397] [main/WARN] [dev.architectury.registry.registries.forge.RegistrarManagerImpl/]: Registry entry listened Registry Entry [minecraft:item / fossil:bone_vertebrae_mosasaurus] was not realized!
[01Sep2026 01:04:30.397] [main/WARN] [dev.architectury.registry.registries.forge.RegistrarManagerImpl/]: Registry entry listened Registry Entry [minecraft:item / fossil:meat_henodus] was not realized!
[01Sep2026 01:04:30.397] [main/WARN] [dev.architectury.registry.registries.forge.RegistrarManagerImpl/]: Registry entry listened Registry Entry [minecraft:item / fossil:bone_skull_velociraptor] was not realized!
[01Sep2026 01:04:30.397] [main/WARN] [dev.architectury.registry.registries.forge.RegistrarManagerImpl/]: Registry entry listened Registry Entry [minecraft:item / fossil:bone_vertebrae_gastornis] was not realized!
[01Sep2026 01:04:30.397] [main/WARN] [dev.architectury.registry.registries.forge.RegistrarManagerImpl/]: Registry entry listened Registry Entry [minecraft:item / fossil:egg_item_quetzalcoatlus] was not realized!
[01Sep2026 01:04:30.397] [main/WARN] [dev.architectury.registry.registries.forge.RegistrarManagerImpl/]: Registry entry listened Registry Entry [minecraft:item / fossil:therizinosaurus_dna] was not realized!
[01Sep2026 01:04:30.398] [main/WARN] [dev.architectury.registry.registries.forge.RegistrarManagerImpl/]: Registry entry listened Registry Entry [minecraft:item / fossil:bone_arm_quetzalcoatlus] was not realized!
[01Sep2026 01:04:30.398] [main/WARN] [dev.architectury.registry.registries.forge.RegistrarManagerImpl/]: Registry entry listened Registry Entry [minecraft:item / fossil:egg_item_stegosaurus] was not realized!
[01Sep2026 01:04:30.398] [main/WARN] [dev.architectury.registry.registries.forge.RegistrarManagerImpl/]: Registry entry listened Registry Entry [minecraft:item / fossil:bone_leg_pachycephalosaurus] was not realized!
[01Sep2026 01:04:30.398] [main/WARN] [dev.architectury.registry.registries.forge.RegistrarManagerImpl/]: Registry entry listened Registry Entry [minecraft:item / fossil:bone_unique_smilodon] was not realized!
[01Sep2026 01:04:30.398] [main/WARN] [dev.architectury.registry.registries.forge.RegistrarManagerImpl/]: Registry entry listened Registry Entry [minecraft:item / fossil:bone_unique_citipati] was not realized!
[01Sep2026 01:04:30.398] [main/WARN] [dev.architectury.registry.registries.forge.RegistrarManagerImpl/]: Registry entry listened Registry Entry [minecraft:item / fossil:egg_item_pachyrhinosaurus] was not realized!
[01Sep2026 01:04:30.398] [main/WARN] [dev.architectury.registry.registries.forge.RegistrarManagerImpl/]: Registry entry listened Registry Entry [minecraft:item / fossil:syringe_rabbit] was not realized!
[01Sep2026 01:04:30.398] [main/WARN] [dev.architectury.registry.registries.forge.RegistrarManagerImpl/]: Registry entry listened Registry Entry [minecraft:item / fossil:syringe_sheep] was not realized!
[01Sep2026 01:04:30.398] [main/WARN] [dev.architectury.registry.registries.forge.RegistrarManagerImpl/]: Registry entry listened Registry Entry [minecraft:item / fossil:egg_item_spinosaurus] was not realized!
[01Sep2026 01:04:30.398] [main/WARN] [dev.architectury.registry.registries.forge.RegistrarManagerImpl/]: Registry entry listened Registry Entry [minecraft:item / fossil:egg_item_protoceratops] was not realized!
[01Sep2026 01:04:30.398] [main/WARN] [dev.architectury.registry.registries.forge.RegistrarManagerImpl/]: Registry entry listened Registry Entry [minecraft:item / fossil:bone_skull_quagga] was not realized!
[01Sep2026 01:04:30.398] [main/WARN] [dev.architectury.registry.registries.forge.RegistrarManagerImpl/]: Registry entry listened Registry Entry [minecraft:item / fossil:egg_item_velociraptor] was not realized!
[01Sep2026 01:04:30.398] [main/WARN] [dev.architectury.registry.registries.forge.RegistrarManagerImpl/]: Registry entry listened Registry Entry [minecraft:item / fossil:bone_unique_diplodocus] was not realized!
[01Sep2026 01:04:30.398] [main/WARN] [dev.architectury.registry.registries.forge.RegistrarManagerImpl/]: Registry entry listened Registry Entry [minecraft:item / fossil:bucket_item_megalograptus] was not realized!
[01Sep2026 01:04:30.398] [main/WARN] [dev.architectury.registry.registries.forge.RegistrarManagerImpl/]: Registry entry listened Registry Entry [minecraft:item / fossil:bone_vertebrae_dimorphodon] was not realized!
[01Sep2026 01:04:30.398] [main/WARN] [dev.architectury.registry.registries.forge.RegistrarManagerImpl/]: Registry entry listened Registry Entry [minecraft:item / fossil:kelenken_dna] was not realized!
[01Sep2026 01:04:30.398] [main/WARN] [dev.architectury.registry.registries.forge.RegistrarManagerImpl/]: Registry entry listened Registry Entry [minecraft:item / fossil:egg_item_megalania] was not realized!
[01Sep2026 01:04:30.398] [main/WARN] [dev.architectury.registry.registries.forge.RegistrarManagerImpl/]: Registry entry listened Registry Entry [minecraft:item / fossil:spawn_egg_spinosaurus] was not realized!
[01Sep2026 01:04:30.398] [main/WARN] [dev.architectury.registry.registries.forge.RegistrarManagerImpl/]: Registry entry listened Registry Entry [minecraft:item / fossil:spawn_egg_mosasaurus] was not realized!
[01Sep2026 01:04:30.398] [main/WARN] [dev.architectury.registry.registries.forge.RegistrarManagerImpl/]: Registry entry listened Registry Entry [minecraft:item / fossil:pachyrhinosaurus_dna] was not realized!
[01Sep2026 01:04:30.398] [main/WARN] [dev.architectury.registry.registries.forge.RegistrarManagerImpl/]: Registry entry listened Registry Entry [minecraft:item / fossil:egg_item_arthropleura] was not realized!
[01Sep2026 01:04:30.398] [main/WARN] [dev.architectury.registry.registries.forge.RegistrarManagerImpl/]: Registry entry listened Registry Entry [minecraft:item / fossil:meat_spinosaurus] was not realized!
[01Sep2026 01:04:30.398] [main/WARN] [dev.architectury.registry.registries.forge.RegistrarManagerImpl/]: Registry entry listened Registry Entry [minecraft:item / fossil:bone_arm_triceratops] was not realized!
[01Sep2026 01:04:30.398] [main/WARN] [dev.architectury.registry.registries.forge.RegistrarManagerImpl/]: Registry entry listened Registry Entry [minecraft:item / fossil:syringe_fox] was not realized!
[01Sep2026 01:04:30.398] [main/WARN] [dev.architectury.registry.registries.forge.RegistrarManagerImpl/]: Registry entry listened Registry Entry [minecraft:item / fossil:cooked_confuciusornis] was not realized!
[01Sep2026 01:04:30.398] [main/WARN] [dev.architectury.registry.registries.forge.RegistrarManagerImpl/]: Registry entry listened Registry Entry [minecraft:item / fossil:bone_skull_citipati] was not realized!
[01Sep2026 01:04:30.398] [main/WARN] [dev.architectury.registry.registries.forge.RegistrarManagerImpl/]: Registry entry listened Registry Entry [minecraft:item / fossil:syringe_platybelodon] was not realized!
[01Sep2026 01:04:30.398] [main/WARN] [dev.architectury.registry.registries.forge.RegistrarManagerImpl/]: Registry entry listened Registry Entry [minecraft:item / fossil:spawn_egg_diplocaulus] was not realized!
[01Sep2026 01:04:30.398] [main/WARN] [dev.architectury.registry.registries.forge.RegistrarManagerImpl/]: Registry entry listened Registry Entry [minecraft:item / fossil:bone_ribcage_kelenken] was not realized!
[01Sep2026 01:04:30.398] [main/WARN] [dev.architectury.registry.registries.forge.RegistrarManagerImpl/]: Registry entry listened Registry Entry [minecraft:item / fossil:meat_deinonychus] was not realized!
[01Sep2026 01:04:30.398] [main/WARN] [dev.architectury.registry.registries.forge.RegistrarManagerImpl/]: Registry entry listened Registry Entry [minecraft:item / fossil:cooked_stegosaurus] was not realized!
[01Sep2026 01:04:30.398] [main/WARN] [dev.architectury.registry.registries.forge.RegistrarManagerImpl/]: Registry entry listened Registry Entry [minecraft:item / fossil:meat_alligator_gar] was not realized!
[01Sep2026 01:04:30.398] [main/WARN] [dev.architectury.registry.registries.forge.RegistrarManagerImpl/]: Registry entry listened Registry Entry [minecraft:item / fossil:bone_arm_tyrannosaurus] was not realized!
[01Sep2026 01:04:30.398] [main/WARN] [dev.architectury.registry.registries.forge.RegistrarManagerImpl/]: Registry entry listened Registry Entry [minecraft:item / fossil:henodus_dna] was not realized!
[01Sep2026 01:04:30.398] [main/WARN] [dev.architectury.registry.registries.forge.RegistrarManagerImpl/]: Registry entry listened Registry Entry [minecraft:item / fossil:bone_unique_ceratosaurus] was not realized!
[01Sep2026 01:04:30.398] [main/WARN] [dev.architectury.registry.registries.forge.RegistrarManagerImpl/]: Registry entry listened Registry Entry [minecraft:item / fossil:bone_skull_megaloceros] was not realized!
[01Sep2026 01:04:30.398] [main/WARN] [dev.architectury.registry.registries.forge.RegistrarManagerImpl/]: Registry entry listened Registry Entry [minecraft:item / fossil:bone_ribcage_plesiosaurus] was not realized!
[01Sep2026 01:04:30.398] [main/WARN] [dev.architectury.registry.registries.forge.RegistrarManagerImpl/]: Registry entry listened Registry Entry [minecraft:item / fossil:syringe_wolf] was not realized!
[01Sep2026 01:04:30.398] [main/WARN] [dev.architectury.registry.registries.forge.RegistrarManagerImpl/]: Registry entry listened Registry Entry [minecraft:item / fossil:bone_vertebrae_diplocaulus] was not realized!
[01Sep2026 01:04:30.398] [main/WARN] [dev.architectury.registry.registries.forge.RegistrarManagerImpl/]: Registry entry listened Registry Entry [minecraft:item / fossil:spawn_egg_megaloceros] was not realized!
[01Sep2026 01:04:30.398] [main/WARN] [dev.architectury.registry.registries.forge.RegistrarManagerImpl/]: Registry entry listened Registry Entry [minecraft:item / fossil:bone_vertebrae_tyrannosaurus] was not realized!
[01Sep2026 01:04:30.398] [main/WARN] [dev.architectury.registry.registries.forge.RegistrarManagerImpl/]: Registry entry listened Registry Entry [minecraft:item / fossil:glow_squid_dna] was not realized!
[01Sep2026 01:04:30.398] [main/WARN] [dev.architectury.registry.registries.forge.RegistrarManagerImpl/]: Registry entry listened Registry Entry [minecraft:item / fossil:spawn_egg_plesiosaurus] was not realized!
[01Sep2026 01:04:30.398] [main/WARN] [dev.architectury.registry.registries.forge.RegistrarManagerImpl/]: Registry entry listened Registry Entry [minecraft:item / fossil:syringe_goat] was not realized!
[01Sep2026 01:04:30.398] [main/WARN] [dev.architectury.registry.registries.forge.RegistrarManagerImpl/]: Registry entry listened Registry Entry [minecraft:item / fossil:meat_mammoth] was not realized!
[01Sep2026 01:04:30.398] [main/WARN] [dev.architectury.registry.registries.forge.RegistrarManagerImpl/]: Registry entry listened Registry Entry [minecraft:item / fossil:syringe_polar_bear] was not realized!
[01Sep2026 01:04:30.398] [main/WARN] [dev.architectury.registry.registries.forge.RegistrarManagerImpl/]: Registry entry listened Registry Entry [minecraft:item / fossil:spawn_egg_phorusrhacos] was not realized!
[01Sep2026 01:04:30.398] [main/WARN] [dev.architectury.registry.registries.forge.RegistrarManagerImpl/]: Registry entry listened Registry Entry [minecraft:item / fossil:meat_ichthyosaurus] was not realized!
[01Sep2026 01:04:30.398] [main/WARN] [dev.architectury.registry.registries.forge.RegistrarManagerImpl/]: Registry entry listened Registry Entry [minecraft:item / fossil:bone_leg_phorusrhacos] was not realized!
[01Sep2026 01:04:30.398] [main/WARN] [dev.architectury.registry.registries.forge.RegistrarManagerImpl/]: Registry entry listened Registry Entry [minecraft:item / fossil:bone_leg_diplocaulus] was not realized!
[01Sep2026 01:04:30.398] [main/WARN] [dev.architectury.registry.registries.forge.RegistrarManagerImpl/]: Registry entry listened Registry Entry [minecraft:item / fossil:bone_vertebrae_megalania] was not realized!
[01Sep2026 01:04:30.398] [main/WARN] [dev.architectury.registry.registries.forge.RegistrarManagerImpl/]: Registry entry listened Registry Entry [minecraft:item / fossil:bone_foot_postosuchus] was not realized!
[01Sep2026 01:04:30.398] [main/WARN] [dev.architectury.registry.registries.forge.RegistrarManagerImpl/]: Registry entry listened Registry Entry [minecraft:item / fossil:bone_arm_edaphosaurus] was not realized!
[01Sep2026 01:04:30.398] [main/WARN] [dev.architectury.registry.registries.forge.RegistrarManagerImpl/]: Registry entry listened Registry Entry [minecraft:item / fossil:bone_ribcage_citipati] was not realized!
[01Sep2026 01:04:30.398] [main/WARN] [dev.architectury.registry.registries.forge.RegistrarManagerImpl/]: Registry entry listened Registry Entry [minecraft:item / fossil:titanis_dna] was not realized!
[01Sep2026 01:04:30.398] [main/WARN] [dev.architectury.registry.registries.forge.RegistrarManagerImpl/]: Registry entry listened Registry Entry [minecraft:item / fossil:spawn_egg_brachiosaurus] was not realized!
[01Sep2026 01:04:30.398] [main/WARN] [dev.architectury.registry.registries.forge.RegistrarManagerImpl/]: Registry entry listened Registry Entry [minecraft:item / fossil:bone_vertebrae_platybelodon] was not realized!
[01Sep2026 01:04:30.398] [main/WARN] [dev.architectury.registry.registries.forge.RegistrarManagerImpl/]: Registry entry listened Registry Entry [minecraft:item / fossil:bone_leg_megaloceros] was not realized!
[01Sep2026 01:04:30.398] [main/WARN] [dev.architectury.registry.registries.forge.RegistrarManagerImpl/]: Registry entry listened Registry Entry [minecraft:item / fossil:smilodon_dna] was not realized!
[01Sep2026 01:04:30.398] [main/WARN] [dev.architectury.registry.registries.forge.RegistrarManagerImpl/]: Registry entry listened Registry Entry [minecraft:item / fossil:bone_ribcage_allosaurus] was not realized!
[01Sep2026 01:04:30.398] [main/WARN] [dev.architectury.registry.registries.forge.RegistrarManagerImpl/]: Registry entry listened Registry Entry [minecraft:item / fossil:bone_ribcage_phorusrhacos] was not realized!
[01Sep2026 01:04:30.398] [main/WARN] [dev.architectury.registry.registries.forge.RegistrarManagerImpl/]: Registry entry listened Registry Entry [minecraft:item / fossil:spawn_egg_megalograptus] was not realized!
[01Sep2026 01:04:30.398] [main/WARN] [dev.architectury.registry.registries.forge.RegistrarManagerImpl/]: Registry entry listened Registry Entry [minecraft:item / fossil:bone_tail_citipati] was not realized!
[01Sep2026 01:04:30.398] [main/WARN] [dev.architectury.registry.registries.forge.RegistrarManagerImpl/]: Registry entry listened Registry Entry [minecraft:item / fossil:mammoth_dna] was not realized!
[01Sep2026 01:04:30.398] [main/WARN] [dev.architectury.registry.registries.forge.RegistrarManagerImpl/]: Registry entry listened Registry Entry [minecraft:item / fossil:bone_tail_smilodon] was not realized!
[01Sep2026 01:04:30.398] [main/WARN] [dev.architectury.registry.registries.forge.RegistrarManagerImpl/]: Registry entry listened Registry Entry [minecraft:item / fossil:bone_unique_plesiosaurus] was not realized!
[01Sep2026 01:04:30.398] [main/WARN] [dev.architectury.registry.registries.forge.RegistrarManagerImpl/]: Registry entry listened Registry Entry [minecraft:item / fossil:bone_tail_psittacosaurus] was not realized!
[01Sep2026 01:04:30.398] [main/WARN] [dev.architectury.registry.registries.forge.RegistrarManagerImpl/]: Registry entry listened Registry Entry [minecraft:item / fossil:bone_ribcage_smilodon] was not realized!
[01Sep2026 01:04:30.398] [main/WARN] [dev.architectury.registry.registries.forge.RegistrarManagerImpl/]: Registry entry listened Registry Entry [minecraft:item / fossil:bone_arm_brachiosaurus] was not realized!
[01Sep2026 01:04:30.398] [main/WARN] [dev.architectury.registry.registries.forge.RegistrarManagerImpl/]: Registry entry listened Registry Entry [minecraft:item / fossil:bone_unique_pteranodon] was not realized!
[01Sep2026 01:04:30.398] [main/WARN] [dev.architectury.registry.registries.forge.RegistrarManagerImpl/]: Registry entry listened Registry Entry [minecraft:item / fossil:meat_ankylosaurus] was not realized!
[01Sep2026 01:04:30.398] [main/WARN] [dev.architectury.registry.registries.forge.RegistrarManagerImpl/]: Registry entry listened Registry Entry [minecraft:item / fossil:bone_ribcage_gallimimus] was not realized!
[01Sep2026 01:04:30.398] [main/WARN] [dev.architectury.registry.registries.forge.RegistrarManagerImpl/]: Registry entry listened Registry Entry [minecraft:item / fossil:bone_skull_kelenken] was not realized!
[01Sep2026 01:04:30.398] [main/WARN] [dev.architectury.registry.registries.forge.RegistrarManagerImpl/]: Registry entry listened Registry Entry [minecraft:item / fossil:bone_foot_crassigyrinus] was not realized!
[01Sep2026 01:04:30.398] [main/WARN] [dev.architectury.registry.registries.forge.RegistrarManagerImpl/]: Registry entry listened Registry Entry [minecraft:item / fossil:bone_unique_dilophosaurus] was not realized!
[01Sep2026 01:04:30.398] [main/WARN] [dev.architectury.registry.registries.forge.RegistrarManagerImpl/]: Registry entry listened Registry Entry [minecraft:item / fossil:bone_vertebrae_velociraptor] was not realized!
[01Sep2026 01:04:30.398] [main/WARN] [dev.architectury.registry.registries.forge.RegistrarManagerImpl/]: Registry entry listened Registry Entry [minecraft:item / fossil:bone_tail_diplodocus] was not realized!
[01Sep2026 01:04:30.399] [main/WARN] [dev.architectury.registry.registries.forge.RegistrarManagerImpl/]: Registry entry listened Registry Entry [minecraft:item / fossil:bone_leg_brachiosaurus] was not realized!
[01Sep2026 01:04:30.399] [main/WARN] [dev.architectury.registry.registries.forge.RegistrarManagerImpl/]: Registry entry listened Registry Entry [minecraft:item / fossil:meat_psittacosaurus] was not realized!
[01Sep2026 01:04:30.406] [main/WARN] [dev.architectury.registry.registries.forge.RegistrarManagerImpl/]: Registry entry listened Registry Entry [minecraft:item / fossil:bone_vertebrae_confuciusornis] was not realized!
[01Sep2026 01:04:30.406] [main/WARN] [dev.architectury.registry.registries.forge.RegistrarManagerImpl/]: Registry entry listened Registry Entry [minecraft:item / fossil:ichthyosaurus_dna] was not realized!
[01Sep2026 01:04:30.406] [main/WARN] [dev.architectury.registry.registries.forge.RegistrarManagerImpl/]: Registry entry listened Registry Entry [minecraft:item / fossil:dryosaurus_dna] was not realized!
[01Sep2026 01:04:30.406] [main/WARN] [dev.architectury.registry.registries.forge.RegistrarManagerImpl/]: Registry entry listened Registry Entry [minecraft:item / fossil:bone_tail_plesiosaurus] was not realized!
[01Sep2026 01:04:30.406] [main/WARN] [dev.architectury.registry.registries.forge.RegistrarManagerImpl/]: Registry entry listened Registry Entry [minecraft:item / fossil:bone_leg_ceratosaurus] was not realized!
[01Sep2026 01:04:30.407] [main/WARN] [dev.architectury.registry.registries.forge.RegistrarManagerImpl/]: Registry entry listened Registry Entry [minecraft:item / fossil:bone_skull_diplocaulus] was not realized!
[01Sep2026 01:04:30.407] [main/WARN] [dev.architectury.registry.registries.forge.RegistrarManagerImpl/]: Registry entry listened Registry Entry [minecraft:item / fossil:cooked_citipati] was not realized!
[01Sep2026 01:04:30.407] [main/WARN] [dev.architectury.registry.registries.forge.RegistrarManagerImpl/]: Registry entry listened Registry Entry [minecraft:item / fossil:bone_ribcage_ceratosaurus] was not realized!
[01Sep2026 01:04:30.407] [main/WARN] [dev.architectury.registry.registries.forge.RegistrarManagerImpl/]: Registry entry listened Registry Entry [minecraft:item / fossil:egg_item_henodus] was not realized!
[01Sep2026 01:04:30.407] [main/WARN] [dev.architectury.registry.registries.forge.RegistrarManagerImpl/]: Registry entry listened Registry Entry [minecraft:item / fossil:cooked_megaloceros] was not realized!
[01Sep2026 01:04:30.407] [main/WARN] [dev.architectury.registry.registries.forge.RegistrarManagerImpl/]: Registry entry listened Registry Entry [minecraft:item / fossil:bone_leg_parasaurolophus] was not realized!
[01Sep2026 01:04:30.407] [main/WARN] [dev.architectury.registry.registries.forge.RegistrarManagerImpl/]: Registry entry listened Registry Entry [minecraft:item / fossil:bone_leg_titanis] was not realized!
[01Sep2026 01:04:30.407] [main/WARN] [dev.architectury.registry.registries.forge.RegistrarManagerImpl/]: Registry entry listened Registry Entry [minecraft:item / fossil:meat_megalograptus] was not realized!
[01Sep2026 01:04:30.407] [main/WARN] [dev.architectury.registry.registries.forge.RegistrarManagerImpl/]: Registry entry listened Registry Entry [minecraft:item / fossil:bone_tail_kelenken] was not realized!
[01Sep2026 01:04:30.407] [main/WARN] [dev.architectury.registry.registries.forge.RegistrarManagerImpl/]: Registry entry listened Registry Entry [minecraft:item / fossil:spawn_egg_dimorphodon] was not realized!
[01Sep2026 01:04:30.407] [main/WARN] [dev.architectury.registry.registries.forge.RegistrarManagerImpl/]: Registry entry listened Registry Entry [minecraft:item / fossil:spawn_egg_dodo] was not realized!
[01Sep2026 01:04:30.407] [main/WARN] [dev.architectury.registry.registries.forge.RegistrarManagerImpl/]: Registry entry listened Registry Entry [minecraft:item / fossil:bone_vertebrae_spinosaurus] was not realized!
[01Sep2026 01:04:30.407] [main/WARN] [dev.architectury.registry.registries.forge.RegistrarManagerImpl/]: Registry entry listened Registry Entry [minecraft:item / fossil:meat_postosuchus] was not realized!
[01Sep2026 01:04:30.407] [main/WARN] [dev.architectury.registry.registries.forge.RegistrarManagerImpl/]: Registry entry listened Registry Entry [minecraft:item / fossil:egg_item_therizinosaurus] was not realized!
[01Sep2026 01:04:30.407] [main/WARN] [dev.architectury.registry.registries.forge.RegistrarManagerImpl/]: Registry entry listened Registry Entry [minecraft:item / fossil:cooked_elasmotherium] was not realized!
[01Sep2026 01:04:30.407] [main/WARN] [dev.architectury.registry.registries.forge.RegistrarManagerImpl/]: Registry entry listened Registry Entry [minecraft:item / fossil:bone_leg_gallimimus] was not realized!
[01Sep2026 01:04:30.407] [main/WARN] [dev.architectury.registry.registries.forge.RegistrarManagerImpl/]: Registry entry listened Registry Entry [minecraft:item / fossil:meat_brachiosaurus] was not realized!
[01Sep2026 01:04:30.407] [main/WARN] [dev.architectury.registry.registries.forge.RegistrarManagerImpl/]: Registry entry listened Registry Entry [minecraft:item / fossil:bone_ribcage_titanis] was not realized!
[01Sep2026 01:04:30.407] [main/WARN] [dev.architectury.registry.registries.forge.RegistrarManagerImpl/]: Registry entry listened Registry Entry [minecraft:item / fossil:bone_skull_platybelodon] was not realized!
[01Sep2026 01:04:30.407] [main/WARN] [dev.architectury.registry.registries.forge.RegistrarManagerImpl/]: Registry entry listened Registry Entry [minecraft:item / fossil:bone_unique_crassigyrinus] was not realized!
[01Sep2026 01:04:30.407] [main/WARN] [dev.architectury.registry.registries.forge.RegistrarManagerImpl/]: Registry entry listened Registry Entry [minecraft:item / fossil:bone_leg_stegosaurus] was not realized!
[01Sep2026 01:04:30.407] [main/WARN] [dev.architectury.registry.registries.forge.RegistrarManagerImpl/]: Registry entry listened Registry Entry [minecraft:item / fossil:spawn_egg_smilodon] was not realized!
[01Sep2026 01:04:30.407] [main/WARN] [dev.architectury.registry.registries.forge.RegistrarManagerImpl/]: Registry entry listened Registry Entry [minecraft:item / fossil:cooked_compsognathus] was not realized!
[01Sep2026 01:04:30.407] [main/WARN] [dev.architectury.registry.registries.forge.RegistrarManagerImpl/]: Registry entry listened Registry Entry [minecraft:item / fossil:meat_dilophosaurus] was not realized!
[01Sep2026 01:04:30.407] [main/WARN] [dev.architectury.registry.registries.forge.RegistrarManagerImpl/]: Registry entry listened Registry Entry [minecraft:item / fossil:bone_arm_mosasaurus] was not realized!
[01Sep2026 01:04:30.407] [main/WARN] [dev.architectury.registry.registries.forge.RegistrarManagerImpl/]: Registry entry listened Registry Entry [minecraft:item / fossil:syringe_donkey] was not realized!
[01Sep2026 01:04:30.407] [main/WARN] [dev.architectury.registry.registries.forge.RegistrarManagerImpl/]: Registry entry listened Registry Entry [minecraft:item / fossil:bone_foot_deinonychus] was not realized!
[01Sep2026 01:04:30.407] [main/WARN] [dev.architectury.registry.registries.forge.RegistrarManagerImpl/]: Registry entry listened Registry Entry [minecraft:item / fossil:egg_item_diplocaulus] was not realized!
[01Sep2026 01:04:30.407] [main/WARN] [dev.architectury.registry.registries.forge.RegistrarManagerImpl/]: Registry entry listened Registry Entry [minecraft:item / fossil:parrot_dna] was not realized!
[01Sep2026 01:04:30.407] [main/WARN] [dev.architectury.registry.registries.forge.RegistrarManagerImpl/]: Registry entry listened Registry Entry [minecraft:item / fossil:bone_vertebrae_mammoth] was not realized!
[01Sep2026 01:04:30.407] [main/WARN] [dev.architectury.registry.registries.forge.RegistrarManagerImpl/]: Registry entry listened Registry Entry [minecraft:item / fossil:bone_vertebrae_smilodon] was not realized!
[01Sep2026 01:04:30.407] [main/WARN] [dev.architectury.registry.registries.forge.RegistrarManagerImpl/]: Registry entry listened Registry Entry [minecraft:item / fossil:bone_unique_mammoth] was not realized!
[01Sep2026 01:04:30.407] [main/WARN] [dev.architectury.registry.registries.forge.RegistrarManagerImpl/]: Registry entry listened Registry Entry [minecraft:item / fossil:meat_ceratosaurus] was not realized!
[01Sep2026 01:04:30.407] [main/WARN] [dev.architectury.registry.registries.forge.RegistrarManagerImpl/]: Registry entry listened Registry Entry [minecraft:item / fossil:bone_ribcage_stegosaurus] was not realized!
[01Sep2026 01:04:30.407] [main/WARN] [dev.architectury.registry.registries.forge.RegistrarManagerImpl/]: Registry entry listened Registry Entry [minecraft:item / fossil:bone_unique_gastornis] was not realized!
[01Sep2026 01:04:30.407] [main/WARN] [dev.architectury.registry.registries.forge.RegistrarManagerImpl/]: Registry entry listened Registry Entry [minecraft:item / fossil:meat_walliserops] was not realized!
[01Sep2026 01:04:30.407] [main/WARN] [dev.architectury.registry.registries.forge.RegistrarManagerImpl/]: Registry entry listened Registry Entry [minecraft:item / fossil:egg_titanis] was not realized!
[01Sep2026 01:04:30.407] [main/WARN] [dev.architectury.registry.registries.forge.RegistrarManagerImpl/]: Registry entry listened Registry Entry [minecraft:item / fossil:bone_leg_edaphosaurus] was not realized!
[01Sep2026 01:04:30.407] [main/WARN] [dev.architectury.registry.registries.forge.RegistrarManagerImpl/]: Registry entry listened Registry Entry [minecraft:item / fossil:bone_leg_psittacosaurus] was not realized!
[01Sep2026 01:04:30.407] [main/WARN] [dev.architectury.registry.registries.forge.RegistrarManagerImpl/]: Registry entry listened Registry Entry [minecraft:item / fossil:bone_ribcage_gastornis] was not realized!
[01Sep2026 01:04:30.407] [main/WARN] [dev.architectury.registry.registries.forge.RegistrarManagerImpl/]: Registry entry listened Registry Entry [minecraft:item / fossil:bone_ribcage_edaphosaurus] was not realized!
[01Sep2026 01:04:30.407] [main/WARN] [dev.architectury.registry.registries.forge.RegistrarManagerImpl/]: Registry entry listened Registry Entry [minecraft:item / fossil:bone_tail_phorusrhacos] was not realized!
[01Sep2026 01:04:30.407] [main/WARN] [dev.architectury.registry.registries.forge.RegistrarManagerImpl/]: Registry entry listened Registry Entry [minecraft:item / fossil:bone_skull_triceratops] was not realized!
[01Sep2026 01:04:30.407] [main/WARN] [dev.architectury.registry.registries.forge.RegistrarManagerImpl/]: Registry entry listened Registry Entry [minecraft:item / fossil:bone_skull_dryosaurus] was not realized!
[01Sep2026 01:04:30.407] [main/WARN] [dev.architectury.registry.registries.forge.RegistrarManagerImpl/]: Registry entry listened Registry Entry [minecraft:item / fossil:bone_arm_stegosaurus] was not realized!
[01Sep2026 01:04:30.407] [main/WARN] [dev.architectury.registry.registries.forge.RegistrarManagerImpl/]: Registry entry listened Registry Entry [minecraft:item / fossil:bone_ribcage_pteranodon] was not realized!
[01Sep2026 01:04:30.407] [main/WARN] [dev.architectury.registry.registries.forge.RegistrarManagerImpl/]: Registry entry listened Registry Entry [minecraft:item / fossil:egg_item_pufferfish] was not realized!
[01Sep2026 01:04:30.407] [main/WARN] [dev.architectury.registry.registries.forge.RegistrarManagerImpl/]: Registry entry listened Registry Entry [minecraft:item / fossil:syringe_quagga] was not realized!
[01Sep2026 01:04:30.407] [main/WARN] [dev.architectury.registry.registries.forge.RegistrarManagerImpl/]: Registry entry listened Registry Entry [minecraft:item / fossil:meat_compsognathus] was not realized!
[01Sep2026 01:04:30.407] [main/WARN] [dev.architectury.registry.registries.forge.RegistrarManagerImpl/]: Registry entry listened Registry Entry [minecraft:item / fossil:bone_foot_elasmotherium] was not realized!
[01Sep2026 01:04:30.407] [main/WARN] [dev.architectury.registry.registries.forge.RegistrarManagerImpl/]: Registry entry listened Registry Entry [minecraft:item / fossil:cow_dna] was not realized!
[01Sep2026 01:04:30.407] [main/WARN] [dev.architectury.registry.registries.forge.RegistrarManagerImpl/]: Registry entry listened Registry Entry [minecraft:item / fossil:spawn_egg_edaphosaurus] was not realized!
[01Sep2026 01:04:30.407] [main/WARN] [dev.architectury.registry.registries.forge.RegistrarManagerImpl/]: Registry entry listened Registry Entry [minecraft:item / fossil:bone_vertebrae_dimetrodon] was not realized!
[01Sep2026 01:04:30.407] [main/WARN] [dev.architectury.registry.registries.forge.RegistrarManagerImpl/]: Registry entry listened Registry Entry [minecraft:item / fossil:cooked_mammoth] was not realized!
[01Sep2026 01:04:30.407] [main/WARN] [dev.architectury.registry.registries.forge.RegistrarManagerImpl/]: Registry entry listened Registry Entry [minecraft:item / fossil:bone_vertebrae_protoceratops] was not realized!
[01Sep2026 01:04:30.407] [main/WARN] [dev.architectury.registry.registries.forge.RegistrarManagerImpl/]: Registry entry listened Registry Entry [minecraft:item / fossil:egg_confuciusornis] was not realized!
[01Sep2026 01:04:30.407] [main/WARN] [dev.architectury.registry.registries.forge.RegistrarManagerImpl/]: Registry entry listened Registry Entry [minecraft:item / fossil:bone_arm_mammoth] was not realized!
[01Sep2026 01:04:30.407] [main/WARN] [dev.architectury.registry.registries.forge.RegistrarManagerImpl/]: Registry entry listened Registry Entry [minecraft:item / fossil:spawn_egg_gastornis] was not realized!
[01Sep2026 01:04:30.407] [main/WARN] [dev.architectury.registry.registries.forge.RegistrarManagerImpl/]: Registry entry listened Registry Entry [minecraft:item / fossil:cooked_megalograptus] was not realized!
[01Sep2026 01:04:30.407] [main/WARN] [dev.architectury.registry.registries.forge.RegistrarManagerImpl/]: Registry entry listened Registry Entry [minecraft:item / fossil:meat_therizinosaurus] was not realized!
[01Sep2026 01:04:30.407] [main/WARN] [dev.architectury.registry.registries.forge.RegistrarManagerImpl/]: Registry entry listened Registry Entry [minecraft:item / fossil:confuciusornis_dna] was not realized!
[01Sep2026 01:04:30.407] [main/WARN] [dev.architectury.registry.registries.forge.RegistrarManagerImpl/]: Registry entry listened Registry Entry [minecraft:item / fossil:egg_item_pachycephalosaurus] was not realized!
[01Sep2026 01:04:30.407] [main/WARN] [dev.architectury.registry.registries.forge.RegistrarManagerImpl/]: Registry entry listened Registry Entry [minecraft:item / fossil:bone_leg_dryosaurus] was not realized!
[01Sep2026 01:04:30.407] [main/WARN] [dev.architectury.registry.registries.forge.RegistrarManagerImpl/]: Registry entry listened Registry Entry [minecraft:item / fossil:bone_skull_allosaurus] was not realized!
[01Sep2026 01:04:30.407] [main/WARN] [dev.architectury.registry.registries.forge.RegistrarManagerImpl/]: Registry entry listened Registry Entry [minecraft:item / fossil:bone_foot_platybelodon] was not realized!
[01Sep2026 01:04:30.407] [main/WARN] [dev.architectury.registry.registries.forge.RegistrarManagerImpl/]: Registry entry listened Registry Entry [minecraft:item / fossil:bone_unique_therizinosaurus] was not realized!
[01Sep2026 01:04:30.407] [main/WARN] [dev.architectury.registry.registries.forge.RegistrarManagerImpl/]: Registry entry listened Registry Entry [minecraft:item / fossil:egg_item_liopleurodon] was not realized!
[01Sep2026 01:04:30.407] [main/WARN] [dev.architectury.registry.registries.forge.RegistrarManagerImpl/]: Registry entry listened Registry Entry [minecraft:item / fossil:bone_tail_deinonychus] was not realized!
[01Sep2026 01:04:30.407] [main/WARN] [dev.architectury.registry.registries.forge.RegistrarManagerImpl/]: Registry entry listened Registry Entry [minecraft:item / fossil:bone_leg_kelenken] was not realized!
[01Sep2026 01:04:30.407] [main/WARN] [dev.architectury.registry.registries.forge.RegistrarManagerImpl/]: Registry entry listened Registry Entry [minecraft:item / fossil:bone_tail_stegosaurus] was not realized!
[01Sep2026 01:04:30.407] [main/WARN] [dev.architectury.registry.registries.forge.RegistrarManagerImpl/]: Registry entry listened Registry Entry [minecraft:item / fossil:cooked_pteranodon] was not realized!
[01Sep2026 01:04:30.407] [main/WARN] [dev.architectury.registry.registries.forge.RegistrarManagerImpl/]: Registry entry listened Registry Entry [minecraft:item / fossil:bucket_item_henodus] was not realized!
[01Sep2026 01:04:30.407] [main/WARN] [dev.architectury.registry.registries.forge.RegistrarManagerImpl/]: Registry entry listened Registry Entry [minecraft:item / fossil:velociraptor_dna] was not realized!
[01Sep2026 01:04:30.407] [main/WARN] [dev.architectury.registry.registries.forge.RegistrarManagerImpl/]: Registry entry listened Registry Entry [minecraft:item / fossil:bone_skull_diplodocus] was not realized!
[01Sep2026 01:04:30.407] [main/WARN] [dev.architectury.registry.registries.forge.RegistrarManagerImpl/]: Registry entry listened Registry Entry [minecraft:item / fossil:meat_meganeura] was not realized!
[01Sep2026 01:04:30.407] [main/WARN] [dev.architectury.registry.registries.forge.RegistrarManagerImpl/]: Registry entry listened Registry Entry [minecraft:item / fossil:bone_foot_velociraptor] was not realized!
[01Sep2026 01:04:30.407] [main/WARN] [dev.architectury.registry.registries.forge.RegistrarManagerImpl/]: Registry entry listened Registry Entry [minecraft:item / fossil:bone_foot_dimetrodon] was not realized!
[01Sep2026 01:04:30.407] [main/WARN] [dev.architectury.registry.registries.forge.RegistrarManagerImpl/]: Registry entry listened Registry Entry [minecraft:item / fossil:cooked_edaphosaurus] was not realized!
[01Sep2026 01:04:30.407] [main/WARN] [dev.architectury.registry.registries.forge.RegistrarManagerImpl/]: Registry entry listened Registry Entry [minecraft:item / fossil:spawn_egg_pachyrhinosaurus] was not realized!
[01Sep2026 01:04:30.407] [main/WARN] [dev.architectury.registry.registries.forge.RegistrarManagerImpl/]: Registry entry listened Registry Entry [minecraft:item / fossil:parasaurolophus_dna] was not realized!
[01Sep2026 01:04:30.408] [main/WARN] [dev.architectury.registry.registries.forge.RegistrarManagerImpl/]: Registry entry listened Registry Entry [minecraft:item / fossil:bone_skull_psittacosaurus] was not realized!
[01Sep2026 01:04:30.408] [main/WARN] [dev.architectury.registry.registries.forge.RegistrarManagerImpl/]: Registry entry listened Registry Entry [minecraft:item / fossil:meat_ornitholestes] was not realized!
[01Sep2026 01:04:30.408] [main/WARN] [dev.architectury.registry.registries.forge.RegistrarManagerImpl/]: Registry entry listened Registry Entry [minecraft:item / fossil:bone_leg_confuciusornis] was not realized!
[01Sep2026 01:04:30.408] [main/WARN] [dev.architectury.registry.registries.forge.RegistrarManagerImpl/]: Registry entry listened Registry Entry [minecraft:item / fossil:bone_leg_tiktaalik] was not realized!
[01Sep2026 01:04:30.408] [main/WARN] [dev.architectury.registry.registries.forge.RegistrarManagerImpl/]: Registry entry listened Registry Entry [minecraft:item / fossil:meat_edaphosaurus] was not realized!
[01Sep2026 01:04:30.408] [main/WARN] [dev.architectury.registry.registries.forge.RegistrarManagerImpl/]: Registry entry listened Registry Entry [minecraft:item / fossil:bone_unique_platybelodon] was not realized!
[01Sep2026 01:04:30.408] [main/WARN] [dev.architectury.registry.registries.forge.RegistrarManagerImpl/]: Registry entry listened Registry Entry [minecraft:item / fossil:megalania_dna] was not realized!
[01Sep2026 01:04:30.408] [main/WARN] [dev.architectury.registry.registries.forge.RegistrarManagerImpl/]: Registry entry listened Registry Entry [minecraft:item / fossil:bone_tail_pachycephalosaurus] was not realized!
[01Sep2026 01:04:30.408] [main/WARN] [dev.architectury.registry.registries.forge.RegistrarManagerImpl/]: Registry entry listened Registry Entry [minecraft:item / fossil:bone_skull_gastornis] was not realized!
[01Sep2026 01:04:30.408] [main/WARN] [dev.architectury.registry.registries.forge.RegistrarManagerImpl/]: Registry entry listened Registry Entry [minecraft:item / fossil:cooked_triceratops] was not realized!
[01Sep2026 01:04:30.408] [main/WARN] [dev.architectury.registry.registries.forge.RegistrarManagerImpl/]: Registry entry listened Registry Entry [minecraft:item / fossil:bone_tail_tyrannosaurus] was not realized!
[01Sep2026 01:04:30.408] [main/WARN] [dev.architectury.registry.registries.forge.RegistrarManagerImpl/]: Registry entry listened Registry Entry [minecraft:item / fossil:syringe_megaloceros] was not realized!
[01Sep2026 01:04:30.408] [main/WARN] [dev.architectury.registry.registries.forge.RegistrarManagerImpl/]: Registry entry listened Registry Entry [minecraft:item / fossil:bone_vertebrae_elasmotherium] was not realized!
[01Sep2026 01:04:30.408] [main/WARN] [dev.architectury.registry.registries.forge.RegistrarManagerImpl/]: Registry entry listened Registry Entry [minecraft:item / fossil:cooked_walliserops] was not realized!
[01Sep2026 01:04:30.408] [main/WARN] [dev.architectury.registry.registries.forge.RegistrarManagerImpl/]: Registry entry listened Registry Entry [minecraft:item / fossil:cooked_therizinosaurus] was not realized!
[01Sep2026 01:04:30.408] [main/WARN] [dev.architectury.registry.registries.forge.RegistrarManagerImpl/]: Registry entry listened Registry Entry [minecraft:item / fossil:meat_plesiosaurus] was not realized!
[01Sep2026 01:04:30.408] [main/WARN] [dev.architectury.registry.registries.forge.RegistrarManagerImpl/]: Registry entry listened Registry Entry [minecraft:item / fossil:bone_arm_crassigyrinus] was not realized!
[01Sep2026 01:04:30.408] [main/WARN] [dev.architectury.registry.registries.forge.RegistrarManagerImpl/]: Registry entry listened Registry Entry [minecraft:item / fossil:meat_tiktaalik] was not realized!
[01Sep2026 01:04:30.408] [main/WARN] [dev.architectury.registry.registries.forge.RegistrarManagerImpl/]: Registry entry listened Registry Entry [minecraft:item / fossil:dimetrodon_dna] was not realized!
[01Sep2026 01:04:30.408] [main/WARN] [dev.architectury.registry.registries.forge.RegistrarManagerImpl/]: Registry entry listened Registry Entry [minecraft:item / fossil:cooked_dilophosaurus] was not realized!
[01Sep2026 01:04:30.408] [main/WARN] [dev.architectury.registry.registries.forge.RegistrarManagerImpl/]: Registry entry listened Registry Entry [minecraft:item / fossil:spawn_egg_meganeura] was not realized!
[01Sep2026 01:04:30.408] [main/WARN] [dev.architectury.registry.registries.forge.RegistrarManagerImpl/]: Registry entry listened Registry Entry [minecraft:item / fossil:bone_foot_protoceratops] was not realized!
[01Sep2026 01:04:30.408] [main/WARN] [dev.architectury.registry.registries.forge.RegistrarManagerImpl/]: Registry entry listened Registry Entry [minecraft:item / fossil:bucket_item_nautilus] was not realized!
[01Sep2026 01:04:30.408] [main/WARN] [dev.architectury.registry.registries.forge.RegistrarManagerImpl/]: Registry entry listened Registry Entry [minecraft:item / fossil:bucket_item_plesiosaurus] was not realized!
[01Sep2026 01:04:30.408] [main/WARN] [dev.architectury.registry.registries.forge.RegistrarManagerImpl/]: Registry entry listened Registry Entry [minecraft:item / fossil:meat_phorusrhacos] was not realized!
[01Sep2026 01:04:30.408] [main/WARN] [dev.architectury.registry.registries.forge.RegistrarManagerImpl/]: Registry entry listened Registry Entry [minecraft:item / fossil:meat_titanis] was not realized!
[01Sep2026 01:04:30.408] [main/WARN] [dev.architectury.registry.registries.forge.RegistrarManagerImpl/]: Registry entry listened Registry Entry [minecraft:item / fossil:egg_item_tyrannosaurus] was not realized!
[01Sep2026 01:04:30.408] [main/WARN] [dev.architectury.registry.registries.forge.RegistrarManagerImpl/]: Registry entry listened Registry Entry [minecraft:item / fossil:bone_foot_smilodon] was not realized!
[01Sep2026 01:04:30.409] [main/WARN] [dev.architectury.registry.registries.forge.RegistrarManagerImpl/]: Registry entry listened Registry Entry [minecraft:item / fossil:egg_item_parrot] was not realized!
[01Sep2026 01:04:30.409] [main/WARN] [dev.architectury.registry.registries.forge.RegistrarManagerImpl/]: Registry entry listened Registry Entry [minecraft:item / fossil:spawn_egg_parasaurolophus] was not realized!
[01Sep2026 01:04:30.409] [main/WARN] [dev.architectury.registry.registries.forge.RegistrarManagerImpl/]: Registry entry listened Registry Entry [minecraft:item / fossil:quetzalcoatlus_dna] was not realized!
[01Sep2026 01:04:30.409] [main/WARN] [dev.architectury.registry.registries.forge.RegistrarManagerImpl/]: Registry entry listened Registry Entry [minecraft:item / fossil:bone_vertebrae_pachyrhinosaurus] was not realized!
[01Sep2026 01:04:30.409] [main/WARN] [dev.architectury.registry.registries.forge.RegistrarManagerImpl/]: Registry entry listened Registry Entry [minecraft:item / fossil:egg_kelenken] was not realized!
[01Sep2026 01:04:30.409] [main/WARN] [dev.architectury.registry.registries.forge.RegistrarManagerImpl/]: Registry entry listened Registry Entry [minecraft:item / fossil:bone_skull_crassigyrinus] was not realized!
[01Sep2026 01:04:30.409] [main/WARN] [dev.architectury.registry.registries.forge.RegistrarManagerImpl/]: Registry entry listened Registry Entry [minecraft:item / fossil:cooked_diplocaulus] was not realized!
[01Sep2026 01:04:30.409] [main/WARN] [dev.architectury.registry.registries.forge.RegistrarManagerImpl/]: Registry entry listened Registry Entry [minecraft:item / fossil:bone_skull_quetzalcoatlus] was not realized!
[01Sep2026 01:04:30.409] [main/WARN] [dev.architectury.registry.registries.forge.RegistrarManagerImpl/]: Registry entry listened Registry Entry [minecraft:item / fossil:bone_skull_henodus] was not realized!
[01Sep2026 01:04:30.409] [main/WARN] [dev.architectury.registry.registries.forge.RegistrarManagerImpl/]: Registry entry listened Registry Entry [minecraft:item / fossil:bone_tail_henodus] was not realized!
[01Sep2026 01:04:30.409] [main/WARN] [dev.architectury.registry.registries.forge.RegistrarManagerImpl/]: Registry entry listened Registry Entry [minecraft:item / fossil:bone_vertebrae_deinonychus] was not realized!
[01Sep2026 01:04:30.409] [main/WARN] [dev.architectury.registry.registries.forge.RegistrarManagerImpl/]: Registry entry listened Registry Entry [minecraft:item / fossil:meat_diplocaulus] was not realized!
[01Sep2026 01:04:30.409] [main/WARN] [dev.architectury.registry.registries.forge.RegistrarManagerImpl/]: Registry entry listened Registry Entry [minecraft:item / fossil:bucket_item_walliserops] was not realized!
[01Sep2026 01:04:30.409] [main/WARN] [dev.architectury.registry.registries.forge.RegistrarManagerImpl/]: Registry entry listened Registry Entry [minecraft:item / fossil:meat_diplodocus] was not realized!
[01Sep2026 01:04:30.409] [main/WARN] [dev.architectury.registry.registries.forge.RegistrarManagerImpl/]: Registry entry listened Registry Entry [minecraft:item / fossil:bone_leg_dimetrodon] was not realized!
[01Sep2026 01:04:30.409] [main/WARN] [dev.architectury.registry.registries.forge.RegistrarManagerImpl/]: Registry entry listened Registry Entry [minecraft:item / fossil:egg_item_compsognathus] was not realized!
[01Sep2026 01:04:30.409] [main/WARN] [dev.architectury.registry.registries.forge.RegistrarManagerImpl/]: Registry entry listened Registry Entry [minecraft:item / fossil:gallimimus_dna] was not realized!
[01Sep2026 01:04:30.409] [main/WARN] [dev.architectury.registry.registries.forge.RegistrarManagerImpl/]: Registry entry listened Registry Entry [minecraft:item / fossil:bone_unique_titanis] was not realized!
[01Sep2026 01:04:30.409] [main/WARN] [dev.architectury.registry.registries.forge.RegistrarManagerImpl/]: Registry entry listened Registry Entry [minecraft:item / fossil:bone_leg_allosaurus] was not realized!
[01Sep2026 01:04:30.409] [main/WARN] [dev.architectury.registry.registries.forge.RegistrarManagerImpl/]: Registry entry listened Registry Entry [minecraft:item / fossil:bone_unique_tiktaalik] was not realized!
[01Sep2026 01:04:30.409] [main/WARN] [dev.architectury.registry.registries.forge.RegistrarManagerImpl/]: Registry entry listened Registry Entry [minecraft:item / fossil:bone_ribcage_deinonychus] was not realized!
[01Sep2026 01:04:30.409] [main/WARN] [dev.architectury.registry.registries.forge.RegistrarManagerImpl/]: Registry entry listened Registry Entry [minecraft:item / fossil:spawn_egg_sarcosuchus] was not realized!
[01Sep2026 01:04:30.409] [main/WARN] [dev.architectury.registry.registries.forge.RegistrarManagerImpl/]: Registry entry listened Registry Entry [minecraft:item / fossil:bone_foot_pteranodon] was not realized!
[01Sep2026 01:04:30.409] [main/WARN] [dev.architectury.registry.registries.forge.RegistrarManagerImpl/]: Registry entry listened Registry Entry [minecraft:item / fossil:bone_skull_confuciusornis] was not realized!
[01Sep2026 01:04:30.409] [main/WARN] [dev.architectury.registry.registries.forge.RegistrarManagerImpl/]: Registry entry listened Registry Entry [minecraft:item / fossil:cooked_gastornis] was not realized!
[01Sep2026 01:04:30.409] [main/WARN] [dev.architectury.registry.registries.forge.RegistrarManagerImpl/]: Registry entry listened Registry Entry [minecraft:item / fossil:egg_item_triceratops] was not realized!
[01Sep2026 01:04:30.409] [main/WARN] [dev.architectury.registry.registries.forge.RegistrarManagerImpl/]: Registry entry listened Registry Entry [minecraft:item / fossil:meat_megaloceros] was not realized!
[01Sep2026 01:04:30.409] [main/WARN] [dev.architectury.registry.registries.forge.RegistrarManagerImpl/]: Registry entry listened Registry Entry [minecraft:item / fossil:egg_item_walliserops] was not realized!
[01Sep2026 01:04:30.409] [main/WARN] [dev.architectury.registry.registries.forge.RegistrarManagerImpl/]: Registry entry listened Registry Entry [minecraft:item / fossil:bone_leg_deinonychus] was not realized!
[01Sep2026 01:04:30.409] [main/WARN] [dev.architectury.registry.registries.forge.RegistrarManagerImpl/]: Registry entry listened Registry Entry [minecraft:item / fossil:egg_item_pteranodon] was not realized!
[01Sep2026 01:04:30.409] [main/WARN] [dev.architectury.registry.registries.forge.RegistrarManagerImpl/]: Registry entry listened Registry Entry [minecraft:item / fossil:meat_nautilus] was not realized!
[01Sep2026 01:04:30.409] [main/WARN] [dev.architectury.registry.registries.forge.RegistrarManagerImpl/]: Registry entry listened Registry Entry [minecraft:item / fossil:bone_leg_quetzalcoatlus] was not realized!
[01Sep2026 01:04:30.409] [main/WARN] [dev.architectury.registry.registries.forge.RegistrarManagerImpl/]: Registry entry listened Registry Entry [minecraft:item / fossil:bone_vertebrae_quetzalcoatlus] was not realized!
[01Sep2026 01:04:30.409] [main/WARN] [dev.architectury.registry.registries.forge.RegistrarManagerImpl/]: Registry entry listened Registry Entry [minecraft:item / fossil:spawn_egg_triceratops] was not realized!
[01Sep2026 01:04:30.409] [main/WARN] [dev.architectury.registry.registries.forge.RegistrarManagerImpl/]: Registry entry listened Registry Entry [minecraft:item / fossil:pig_dna] was not realized!
[01Sep2026 01:04:30.409] [main/WARN] [dev.architectury.registry.registries.forge.RegistrarManagerImpl/]: Registry entry listened Registry Entry [minecraft:item / fossil:spawn_egg_ornitholestes] was not realized!
[01Sep2026 01:04:30.409] [main/WARN] [dev.architectury.registry.registries.forge.RegistrarManagerImpl/]: Registry entry listened Registry Entry [minecraft:item / fossil:meat_gastornis] was not realized!
[01Sep2026 01:04:30.409] [main/WARN] [dev.architectury.registry.registries.forge.RegistrarManagerImpl/]: Registry entry listened Registry Entry [minecraft:item / fossil:cooked_pachyrhinosaurus] was not realized!
[01Sep2026 01:04:30.409] [main/WARN] [dev.architectury.registry.registries.forge.RegistrarManagerImpl/]: Registry entry listened Registry Entry [minecraft:item / fossil:bone_ribcage_mosasaurus] was not realized!
[01Sep2026 01:04:30.409] [main/WARN] [dev.architectury.registry.registries.forge.RegistrarManagerImpl/]: Registry entry listened Registry Entry [minecraft:item / fossil:cooked_ceratosaurus] was not realized!
[01Sep2026 01:04:30.409] [main/WARN] [dev.architectury.registry.registries.forge.RegistrarManagerImpl/]: Registry entry listened Registry Entry [minecraft:item / fossil:meat_scotoharpes] was not realized!
[01Sep2026 01:04:30.409] [main/WARN] [dev.architectury.registry.registries.forge.RegistrarManagerImpl/]: Registry entry listened Registry Entry [minecraft:item / fossil:bone_ribcage_ankylosaurus] was not realized!
[01Sep2026 01:04:30.409] [main/WARN] [dev.architectury.registry.registries.forge.RegistrarManagerImpl/]: Registry entry listened Registry Entry [minecraft:item / fossil:bone_foot_dilophosaurus] was not realized!
[01Sep2026 01:04:30.409] [main/WARN] [dev.architectury.registry.registries.forge.RegistrarManagerImpl/]: Registry entry listened Registry Entry [minecraft:item / fossil:cooked_protoceratops] was not realized!
[01Sep2026 01:04:30.409] [main/WARN] [dev.architectury.registry.registries.forge.RegistrarManagerImpl/]: Registry entry listened Registry Entry [minecraft:item / fossil:bone_vertebrae_allosaurus] was not realized!
[01Sep2026 01:04:30.409] [main/WARN] [dev.architectury.registry.registries.forge.RegistrarManagerImpl/]: Registry entry listened Registry Entry [minecraft:item / fossil:egg_item_aquilolamna] was not realized!
[01Sep2026 01:04:30.409] [main/WARN] [dev.architectury.registry.registries.forge.RegistrarManagerImpl/]: Registry entry listened Registry Entry [minecraft:item / fossil:spawn_egg_pachycephalosaurus] was not realized!
[01Sep2026 01:04:30.409] [main/WARN] [dev.architectury.registry.registries.forge.RegistrarManagerImpl/]: Registry entry listened Registry Entry [minecraft:item / fossil:cooked_mosasaurus] was not realized!
[01Sep2026 01:04:30.409] [main/WARN] [dev.architectury.registry.registries.forge.RegistrarManagerImpl/]: Registry entry listened Registry Entry [minecraft:item / fossil:bone_skull_phorusrhacos] was not realized!
[01Sep2026 01:04:30.409] [main/WARN] [dev.architectury.registry.registries.forge.RegistrarManagerImpl/]: Registry entry listened Registry Entry [minecraft:item / fossil:egg_item_tropical_fish] was not realized!
[01Sep2026 01:04:30.409] [main/WARN] [dev.architectury.registry.registries.forge.RegistrarManagerImpl/]: Registry entry listened Registry Entry [minecraft:item / fossil:bone_tail_tiktaalik] was not realized!
[01Sep2026 01:04:30.409] [main/WARN] [dev.architectury.registry.registries.forge.RegistrarManagerImpl/]: Registry entry listened Registry Entry [minecraft:item / fossil:bone_unique_confuciusornis] was not realized!
[01Sep2026 01:04:30.409] [main/WARN] [dev.architectury.registry.registries.forge.RegistrarManagerImpl/]: Registry entry listened Registry Entry [minecraft:item / fossil:meat_citipati] was not realized!
[01Sep2026 01:04:30.409] [main/WARN] [dev.architectury.registry.registries.forge.RegistrarManagerImpl/]: Registry entry listened Registry Entry [minecraft:item / fossil:meat_smilodon] was not realized!
[01Sep2026 01:04:30.409] [main/WARN] [dev.architectury.registry.registries.forge.RegistrarManagerImpl/]: Registry entry listened Registry Entry [minecraft:item / fossil:bone_arm_megalania] was not realized!
[01Sep2026 01:04:30.409] [main/WARN] [dev.architectury.registry.registries.forge.RegistrarManagerImpl/]: Registry entry listened Registry Entry [minecraft:item / fossil:bone_leg_gastornis] was not realized!
[01Sep2026 01:04:30.409] [main/WARN] [dev.architectury.registry.registries.forge.RegistrarManagerImpl/]: Registry entry listened Registry Entry [minecraft:item / fossil:bone_unique_postosuchus] was not realized!
[01Sep2026 01:04:30.409] [main/WARN] [dev.architectury.registry.registries.forge.RegistrarManagerImpl/]: Registry entry listened Registry Entry [minecraft:item / fossil:bone_unique_dryosaurus] was not realized!
[01Sep2026 01:04:30.409] [main/WARN] [dev.architectury.registry.registries.forge.RegistrarManagerImpl/]: Registry entry listened Registry Entry [minecraft:item / fossil:bone_unique_ichthyosaurus] was not realized!
[01Sep2026 01:04:30.409] [main/WARN] [dev.architectury.registry.registries.forge.RegistrarManagerImpl/]: Registry entry listened Registry Entry [minecraft:item / fossil:walliserops_dna] was not realized!
[01Sep2026 01:04:30.409] [main/WARN] [dev.architectury.registry.registries.forge.RegistrarManagerImpl/]: Registry entry listened Registry Entry [minecraft:item / fossil:cooked_aquilolamna] was not realized!
[01Sep2026 01:04:30.409] [main/WARN] [dev.architectury.registry.registries.forge.RegistrarManagerImpl/]: Registry entry listened Registry Entry [minecraft:item / fossil:ankylosaurus_dna] was not realized!
[01Sep2026 01:04:30.409] [main/WARN] [dev.architectury.registry.registries.forge.RegistrarManagerImpl/]: Registry entry listened Registry Entry [minecraft:item / fossil:bone_arm_dodo] was not realized!
[01Sep2026 01:04:30.409] [main/WARN] [dev.architectury.registry.registries.forge.RegistrarManagerImpl/]: Registry entry listened Registry Entry [minecraft:item / fossil:bucket_item_scotoharpes] was not realized!
[01Sep2026 01:04:30.409] [main/WARN] [dev.architectury.registry.registries.forge.RegistrarManagerImpl/]: Registry entry listened Registry Entry [minecraft:item / fossil:bone_tail_dryosaurus] was not realized!
[01Sep2026 01:04:30.409] [main/WARN] [dev.architectury.registry.registries.forge.RegistrarManagerImpl/]: Registry entry listened Registry Entry [minecraft:item / fossil:bone_arm_titanis] was not realized!
[01Sep2026 01:04:30.409] [main/WARN] [dev.architectury.registry.registries.forge.RegistrarManagerImpl/]: Registry entry listened Registry Entry [minecraft:item / fossil:bone_skull_sarcosuchus] was not realized!
[01Sep2026 01:04:30.409] [main/WARN] [dev.architectury.registry.registries.forge.RegistrarManagerImpl/]: Registry entry listened Registry Entry [minecraft:item / fossil:meat_elasmotherium] was not realized!
[01Sep2026 01:04:30.409] [main/WARN] [dev.architectury.registry.registries.forge.RegistrarManagerImpl/]: Registry entry listened Registry Entry [minecraft:item / fossil:dicranurus_dna] was not realized!
[01Sep2026 01:04:30.409] [main/WARN] [dev.architectury.registry.registries.forge.RegistrarManagerImpl/]: Registry entry listened Registry Entry [minecraft:item / fossil:bone_skull_plesiosaurus] was not realized!
[01Sep2026 01:04:30.409] [main/WARN] [dev.architectury.registry.registries.forge.RegistrarManagerImpl/]: Registry entry listened Registry Entry [minecraft:item / fossil:dodo_dna] was not realized!
[01Sep2026 01:04:30.409] [main/WARN] [dev.architectury.registry.registries.forge.RegistrarManagerImpl/]: Registry entry listened Registry Entry [minecraft:item / fossil:bone_tail_mammoth] was not realized!
[01Sep2026 01:04:30.409] [main/WARN] [dev.architectury.registry.registries.forge.RegistrarManagerImpl/]: Registry entry listened Registry Entry [minecraft:item / fossil:bone_skull_pachyrhinosaurus] was not realized!
[01Sep2026 01:04:30.409] [main/WARN] [dev.architectury.registry.registries.forge.RegistrarManagerImpl/]: Registry entry listened Registry Entry [minecraft:item / fossil:cooked_phorusrhacos] was not realized!
[01Sep2026 01:04:30.409] [main/WARN] [dev.architectury.registry.registries.forge.RegistrarManagerImpl/]: Registry entry listened Registry Entry [minecraft:item / fossil:meat_aquilolamna] was not realized!
[01Sep2026 01:04:30.409] [main/WARN] [dev.architectury.registry.registries.forge.RegistrarManagerImpl/]: Registry entry listened Registry Entry [minecraft:item / fossil:bone_vertebrae_gallimimus] was not realized!
[01Sep2026 01:04:30.409] [main/WARN] [dev.architectury.registry.registries.forge.RegistrarManagerImpl/]: Registry entry listened Registry Entry [minecraft:item / fossil:bone_leg_ankylosaurus] was not realized!
[01Sep2026 01:04:30.409] [main/WARN] [dev.architectury.registry.registries.forge.RegistrarManagerImpl/]: Registry entry listened Registry Entry [minecraft:item / fossil:spawn_egg_ankylosaurus] was not realized!
[01Sep2026 01:04:30.409] [main/WARN] [dev.architectury.registry.registries.forge.RegistrarManagerImpl/]: Registry entry listened Registry Entry [minecraft:item / fossil:bucket_item_sturgeon] was not realized!
[01Sep2026 01:04:30.410] [main/WARN] [dev.architectury.registry.registries.forge.RegistrarManagerImpl/]: Registry entry listened Registry Entry [minecraft:item / fossil:bone_arm_pteranodon] was not realized!
[01Sep2026 01:04:30.410] [main/WARN] [dev.architectury.registry.registries.forge.RegistrarManagerImpl/]: Registry entry listened Registry Entry [minecraft:item / fossil:bone_vertebrae_quagga] was not realized!
[01Sep2026 01:04:30.410] [main/WARN] [dev.architectury.registry.registries.forge.RegistrarManagerImpl/]: Registry entry listened Registry Entry [minecraft:item / fossil:bee_dna] was not realized!
[01Sep2026 01:04:30.410] [main/WARN] [dev.architectury.registry.registries.forge.RegistrarManagerImpl/]: Registry entry listened Registry Entry [minecraft:item / fossil:egg_item_brachiosaurus] was not realized!
[01Sep2026 01:04:30.410] [main/WARN] [dev.architectury.registry.registries.forge.RegistrarManagerImpl/]: Registry entry listened Registry Entry [minecraft:item / fossil:syringe_smilodon] was not realized!
[01Sep2026 01:04:30.410] [main/WARN] [dev.architectury.registry.registries.forge.RegistrarManagerImpl/]: Registry entry listened Registry Entry [minecraft:item / fossil:cod_dna] was not realized!
[01Sep2026 01:04:30.410] [main/WARN] [dev.architectury.registry.registries.forge.RegistrarManagerImpl/]: Registry entry listened Registry Entry [minecraft:item / fossil:bat_dna] was not realized!
[01Sep2026 01:04:30.410] [main/WARN] [dev.architectury.registry.registries.forge.RegistrarManagerImpl/]: Registry entry listened Registry Entry [minecraft:item / fossil:cooked_quetzalcoatlus] was not realized!
[01Sep2026 01:04:30.410] [main/WARN] [dev.architectury.registry.registries.forge.RegistrarManagerImpl/]: Registry entry listened Registry Entry [minecraft:item / fossil:bone_ribcage_tyrannosaurus] was not realized!
[01Sep2026 01:04:30.410] [main/WARN] [dev.architectury.registry.registries.forge.RegistrarManagerImpl/]: Registry entry listened Registry Entry [minecraft:item / fossil:bone_ribcage_parasaurolophus] was not realized!
[01Sep2026 01:04:30.410] [main/WARN] [dev.architectury.registry.registries.forge.RegistrarManagerImpl/]: Registry entry listened Registry Entry [minecraft:item / fossil:fox_dna] was not realized!
[01Sep2026 01:04:30.410] [main/WARN] [dev.architectury.registry.registries.forge.RegistrarManagerImpl/]: Registry entry listened Registry Entry [minecraft:item / fossil:bone_foot_gallimimus] was not realized!
[01Sep2026 01:04:30.410] [main/WARN] [dev.architectury.registry.registries.forge.RegistrarManagerImpl/]: Registry entry listened Registry Entry [minecraft:item / fossil:bone_arm_deinonychus] was not realized!
[01Sep2026 01:04:30.410] [main/WARN] [dev.architectury.registry.registries.forge.RegistrarManagerImpl/]: Registry entry listened Registry Entry [minecraft:item / fossil:bone_tail_edaphosaurus] was not realized!
[01Sep2026 01:04:30.410] [main/WARN] [dev.architectury.registry.registries.forge.RegistrarManagerImpl/]: Registry entry listened Registry Entry [minecraft:item / fossil:bucket_item_aquilolamna] was not realized!
[01Sep2026 01:04:30.410] [main/WARN] [dev.architectury.registry.registries.forge.RegistrarManagerImpl/]: Registry entry listened Registry Entry [minecraft:item / fossil:bone_ribcage_dimetrodon] was not realized!
[01Sep2026 01:04:30.410] [main/WARN] [dev.architectury.registry.registries.forge.RegistrarManagerImpl/]: Registry entry listened Registry Entry [minecraft:item / fossil:bone_vertebrae_plesiosaurus] was not realized!
[01Sep2026 01:04:30.410] [main/WARN] [dev.architectury.registry.registries.forge.RegistrarManagerImpl/]: Registry entry listened Registry Entry [minecraft:item / fossil:bone_arm_protoceratops] was not realized!
[01Sep2026 01:04:30.410] [main/WARN] [dev.architectury.registry.registries.forge.RegistrarManagerImpl/]: Registry entry listened Registry Entry [minecraft:item / fossil:bone_vertebrae_sarcosuchus] was not realized!
[01Sep2026 01:04:30.410] [main/WARN] [dev.architectury.registry.registries.forge.RegistrarManagerImpl/]: Registry entry listened Registry Entry [minecraft:item / fossil:bone_tail_spinosaurus] was not realized!
[01Sep2026 01:04:30.410] [main/WARN] [dev.architectury.registry.registries.forge.RegistrarManagerImpl/]: Registry entry listened Registry Entry [minecraft:item / fossil:ceratosaurus_dna] was not realized!
[01Sep2026 01:04:30.410] [main/WARN] [dev.architectury.registry.registries.forge.RegistrarManagerImpl/]: Registry entry listened Registry Entry [minecraft:item / fossil:bone_tail_gallimimus] was not realized!
[01Sep2026 01:04:30.410] [main/WARN] [dev.architectury.registry.registries.forge.RegistrarManagerImpl/]: Registry entry listened Registry Entry [minecraft:item / fossil:egg_item_parasaurolophus] was not realized!
[01Sep2026 01:04:30.410] [main/WARN] [dev.architectury.registry.registries.forge.RegistrarManagerImpl/]: Registry entry listened Registry Entry [minecraft:item / fossil:spawn_egg_diplodocus] was not realized!
[01Sep2026 01:04:30.410] [main/WARN] [dev.architectury.registry.registries.forge.RegistrarManagerImpl/]: Registry entry listened Registry Entry [minecraft:item / fossil:bone_unique_allosaurus] was not realized!
[01Sep2026 01:04:30.410] [main/WARN] [dev.architectury.registry.registries.forge.RegistrarManagerImpl/]: Registry entry listened Registry Entry [minecraft:item / fossil:meat_allosaurus] was not realized!
[01Sep2026 01:04:30.410] [main/WARN] [dev.architectury.registry.registries.forge.RegistrarManagerImpl/]: Registry entry listened Registry Entry [minecraft:item / fossil:edaphosaurus_dna] was not realized!
[01Sep2026 01:04:30.410] [main/WARN] [dev.architectury.registry.registries.forge.RegistrarManagerImpl/]: Registry entry listened Registry Entry [minecraft:item / fossil:bone_vertebrae_pachycephalosaurus] was not realized!
[01Sep2026 01:04:30.410] [main/WARN] [dev.architectury.registry.registries.forge.RegistrarManagerImpl/]: Registry entry listened Registry Entry [minecraft:item / fossil:egg_item_edaphosaurus] was not realized!
[01Sep2026 01:04:30.410] [main/WARN] [dev.architectury.registry.registries.forge.RegistrarManagerImpl/]: Registry entry listened Registry Entry [minecraft:item / fossil:bone_ribcage_mammoth] was not realized!
[01Sep2026 01:04:30.410] [main/WARN] [dev.architectury.registry.registries.forge.RegistrarManagerImpl/]: Registry entry listened Registry Entry [minecraft:item / fossil:bone_leg_ichthyosaurus] was not realized!
[01Sep2026 01:04:30.410] [main/WARN] [dev.architectury.registry.registries.forge.RegistrarManagerImpl/]: Registry entry listened Registry Entry [minecraft:item / fossil:egg_item_meganeura] was not realized!
[01Sep2026 01:04:30.410] [main/WARN] [dev.architectury.registry.registries.forge.RegistrarManagerImpl/]: Registry entry listened Registry Entry [minecraft:item / fossil:bucket_item_alligator_gar] was not realized!
[01Sep2026 01:04:30.410] [main/WARN] [dev.architectury.registry.registries.forge.RegistrarManagerImpl/]: Registry entry listened Registry Entry [minecraft:item / fossil:megaloceros_dna] was not realized!
[01Sep2026 01:04:30.410] [main/WARN] [dev.architectury.registry.registries.forge.RegistrarManagerImpl/]: Registry entry listened Registry Entry [minecraft:item / fossil:syringe_cat] was not realized!
[01Sep2026 01:04:30.410] [main/WARN] [dev.architectury.registry.registries.forge.RegistrarManagerImpl/]: Registry entry listened Registry Entry [minecraft:item / fossil:spawn_egg_lonchodomas] was not realized!
[01Sep2026 01:04:30.410] [main/WARN] [dev.architectury.registry.registries.forge.RegistrarManagerImpl/]: Registry entry listened Registry Entry [minecraft:item / fossil:bone_leg_dodo] was not realized!
[01Sep2026 01:04:30.410] [main/WARN] [dev.architectury.registry.registries.forge.RegistrarManagerImpl/]: Registry entry listened Registry Entry [minecraft:item / fossil:protoceratops_dna] was not realized!
[01Sep2026 01:04:30.410] [main/WARN] [dev.architectury.registry.registries.forge.RegistrarManagerImpl/]: Registry entry listened Registry Entry [minecraft:item / fossil:cooked_liopleurodon] was not realized!
[01Sep2026 01:04:30.410] [main/WARN] [dev.architectury.registry.registries.forge.RegistrarManagerImpl/]: Registry entry listened Registry Entry [minecraft:item / fossil:megalodon_dna] was not realized!
[01Sep2026 01:04:30.410] [main/WARN] [dev.architectury.registry.registries.forge.RegistrarManagerImpl/]: Registry entry listened Registry Entry [minecraft:item / fossil:bone_unique_ornitholestes] was not realized!
[01Sep2026 01:04:30.410] [main/WARN] [dev.architectury.registry.registries.forge.RegistrarManagerImpl/]: Registry entry listened Registry Entry [minecraft:item / fossil:bone_leg_elasmotherium] was not realized!
[01Sep2026 01:04:30.410] [main/WARN] [dev.architectury.registry.registries.forge.RegistrarManagerImpl/]: Registry entry listened Registry Entry [minecraft:item / fossil:megalograptus_dna] was not realized!
[01Sep2026 01:04:30.410] [main/WARN] [dev.architectury.registry.registries.forge.RegistrarManagerImpl/]: Registry entry listened Registry Entry [minecraft:item / fossil:wolf_dna] was not realized!
[01Sep2026 01:04:30.410] [main/WARN] [dev.architectury.registry.registries.forge.RegistrarManagerImpl/]: Registry entry listened Registry Entry [minecraft:item / fossil:bone_leg_mammoth] was not realized!
[01Sep2026 01:04:30.410] [main/WARN] [dev.architectury.registry.registries.forge.RegistrarManagerImpl/]: Registry entry listened Registry Entry [minecraft:item / fossil:egg_item_ankylosaurus] was not realized!
[01Sep2026 01:04:30.410] [main/WARN] [dev.architectury.registry.registries.forge.RegistrarManagerImpl/]: Registry entry listened Registry Entry [minecraft:item / fossil:tiktaalik_dna] was not realized!
[01Sep2026 01:04:30.410] [main/WARN] [dev.architectury.registry.registries.forge.RegistrarManagerImpl/]: Registry entry listened Registry Entry [minecraft:item / fossil:bone_tail_crassigyrinus] was not realized!
[01Sep2026 01:04:30.410] [main/WARN] [dev.architectury.registry.registries.forge.RegistrarManagerImpl/]: Registry entry listened Registry Entry [minecraft:item / fossil:bone_arm_ichthyosaurus] was not realized!
[01Sep2026 01:04:30.410] [main/WARN] [dev.architectury.registry.registries.forge.RegistrarManagerImpl/]: Registry entry listened Registry Entry [minecraft:item / fossil:meat_triceratops] was not realized!
[01Sep2026 01:04:30.410] [main/WARN] [dev.architectury.registry.registries.forge.RegistrarManagerImpl/]: Registry entry listened Registry Entry [minecraft:item / fossil:dilophosaurus_dna] was not realized!
[01Sep2026 01:04:30.410] [main/WARN] [dev.architectury.registry.registries.forge.RegistrarManagerImpl/]: Registry entry listened Registry Entry [minecraft:item / fossil:bone_unique_gallimimus] was not realized!
[01Sep2026 01:04:30.410] [main/WARN] [dev.architectury.registry.registries.forge.RegistrarManagerImpl/]: Registry entry listened Registry Entry [minecraft:item / fossil:bone_unique_velociraptor] was not realized!
[01Sep2026 01:04:30.410] [main/WARN] [dev.architectury.registry.registries.forge.RegistrarManagerImpl/]: Registry entry listened Registry Entry [minecraft:item / fossil:bucket_item_dicranurus] was not realized!
[01Sep2026 01:04:30.411] [main/WARN] [dev.architectury.registry.registries.forge.RegistrarManagerImpl/]: Registry entry listened Registry Entry [minecraft:item / fossil:egg_item_salmon] was not realized!
[01Sep2026 01:04:30.411] [main/WARN] [dev.architectury.registry.registries.forge.RegistrarManagerImpl/]: Registry entry listened Registry Entry [minecraft:item / fossil:cooked_alligator_gar] was not realized!
[01Sep2026 01:04:30.411] [main/WARN] [dev.architectury.registry.registries.forge.RegistrarManagerImpl/]: Registry entry listened Registry Entry [minecraft:item / fossil:bone_vertebrae_citipati] was not realized!
[01Sep2026 01:04:30.411] [main/WARN] [dev.architectury.registry.registries.forge.RegistrarManagerImpl/]: Registry entry listened Registry Entry [minecraft:item / fossil:bone_vertebrae_parasaurolophus] was not realized!
[01Sep2026 01:04:30.411] [main/WARN] [dev.architectury.registry.registries.forge.RegistrarManagerImpl/]: Registry entry listened Registry Entry [minecraft:item / fossil:egg_item_nautilus] was not realized!
[01Sep2026 01:04:30.411] [main/WARN] [dev.architectury.registry.registries.forge.RegistrarManagerImpl/]: Registry entry listened Registry Entry [minecraft:item / fossil:spawn_egg_postosuchus] was not realized!
[01Sep2026 01:04:30.411] [main/WARN] [dev.architectury.registry.registries.forge.RegistrarManagerImpl/]: Registry entry listened Registry Entry [minecraft:item / fossil:bone_leg_diplodocus] was not realized!
[01Sep2026 01:04:30.411] [main/WARN] [dev.architectury.registry.registries.forge.RegistrarManagerImpl/]: Registry entry listened Registry Entry [minecraft:item / fossil:cooked_arthropleura] was not realized!
[01Sep2026 01:04:30.411] [main/WARN] [dev.architectury.registry.registries.forge.RegistrarManagerImpl/]: Registry entry listened Registry Entry [minecraft:item / fossil:syringe_mooshroom] was not realized!
[01Sep2026 01:04:30.411] [main/WARN] [dev.architectury.registry.registries.forge.RegistrarManagerImpl/]: Registry entry listened Registry Entry [minecraft:item / fossil:bone_tail_protoceratops] was not realized!
[01Sep2026 01:04:30.411] [main/WARN] [dev.architectury.registry.registries.forge.RegistrarManagerImpl/]: Registry entry listened Registry Entry [minecraft:item / fossil:bone_vertebrae_phorusrhacos] was not realized!
[01Sep2026 01:04:30.411] [main/WARN] [dev.architectury.registry.registries.forge.RegistrarManagerImpl/]: Registry entry listened Registry Entry [minecraft:item / fossil:bucket_item_tiktaalik] was not realized!
[01Sep2026 01:04:30.411] [main/WARN] [dev.architectury.registry.registries.forge.RegistrarManagerImpl/]: Registry entry listened Registry Entry [minecraft:item / fossil:bone_ribcage_ornitholestes] was not realized!
[01Sep2026 01:04:30.411] [main/WARN] [dev.architectury.registry.registries.forge.RegistrarManagerImpl/]: Registry entry listened Registry Entry [minecraft:item / fossil:bone_leg_quagga] was not realized!
[01Sep2026 01:04:30.411] [main/WARN] [dev.architectury.registry.registries.forge.RegistrarManagerImpl/]: Registry entry listened Registry Entry [minecraft:item / fossil:bone_arm_pachycephalosaurus] was not realized!
[01Sep2026 01:04:30.411] [main/WARN] [dev.architectury.registry.registries.forge.RegistrarManagerImpl/]: Registry entry listened Registry Entry [minecraft:item / fossil:bone_skull_mammoth] was not realized!
[01Sep2026 01:04:30.411] [main/WARN] [dev.architectury.registry.registries.forge.RegistrarManagerImpl/]: Registry entry listened Registry Entry [minecraft:item / fossil:meat_arthropleura] was not realized!
[01Sep2026 01:04:30.411] [main/WARN] [dev.architectury.registry.registries.forge.RegistrarManagerImpl/]: Registry entry listened Registry Entry [minecraft:item / fossil:cooked_megalania] was not realized!
[01Sep2026 01:04:30.411] [main/WARN] [dev.architectury.registry.registries.forge.RegistrarManagerImpl/]: Registry entry listened Registry Entry [minecraft:item / fossil:bone_skull_postosuchus] was not realized!
[01Sep2026 01:04:30.411] [main/WARN] [dev.architectury.registry.registries.forge.RegistrarManagerImpl/]: Registry entry listened Registry Entry [minecraft:item / fossil:meat_crassigyrinus] was not realized!
[01Sep2026 01:04:30.411] [main/WARN] [dev.architectury.registry.registries.forge.RegistrarManagerImpl/]: Registry entry listened Registry Entry [minecraft:item / fossil:egg_item_megalograptus] was not realized!
[01Sep2026 01:04:30.411] [main/WARN] [dev.architectury.registry.registries.forge.RegistrarManagerImpl/]: Registry entry listened Registry Entry [minecraft:item / fossil:bone_ribcage_quetzalcoatlus] was not realized!
[01Sep2026 01:04:30.411] [main/WARN] [dev.architectury.registry.registries.forge.RegistrarManagerImpl/]: Registry entry listened Registry Entry [minecraft:item / fossil:bone_skull_pachycephalosaurus] was not realized!
[01Sep2026 01:04:30.411] [main/WARN] [dev.architectury.registry.registries.forge.RegistrarManagerImpl/]: Registry entry listened Registry Entry [minecraft:item / fossil:bone_unique_diplocaulus] was not realized!
[01Sep2026 01:04:30.411] [main/WARN] [dev.architectury.registry.registries.forge.RegistrarManagerImpl/]: Registry entry listened Registry Entry [minecraft:item / fossil:bone_unique_megaloceros] was not realized!
[01Sep2026 01:04:30.411] [main/WARN] [dev.architectury.registry.registries.forge.RegistrarManagerImpl/]: Registry entry listened Registry Entry [minecraft:item / fossil:bone_leg_postosuchus] was not realized!
[01Sep2026 01:04:30.411] [main/WARN] [dev.architectury.registry.registries.forge.RegistrarManagerImpl/]: Registry entry listened Registry Entry [minecraft:item / fossil:meat_platybelodon] was not realized!
[01Sep2026 01:04:30.411] [main/WARN] [dev.architectury.registry.registries.forge.RegistrarManagerImpl/]: Registry entry listened Registry Entry [minecraft:item / fossil:sniffer_dna] was not realized!
[01Sep2026 01:04:30.411] [main/WARN] [dev.architectury.registry.registries.forge.RegistrarManagerImpl/]: Registry entry listened Registry Entry [minecraft:item / fossil:bone_unique_sarcosuchus] was not realized!
[01Sep2026 01:04:30.411] [main/WARN] [dev.architectury.registry.registries.forge.RegistrarManagerImpl/]: Registry entry listened Registry Entry [minecraft:item / fossil:cooked_psittacosaurus] was not realized!
[01Sep2026 01:04:30.411] [main/WARN] [dev.architectury.registry.registries.forge.RegistrarManagerImpl/]: Registry entry listened Registry Entry [minecraft:item / fossil:bone_leg_pachyrhinosaurus] was not realized!
[01Sep2026 01:04:30.411] [main/WARN] [dev.architectury.registry.registries.forge.RegistrarManagerImpl/]: Registry entry listened Registry Entry [minecraft:item / fossil:egg_item_glow_squid] was not realized!
[01Sep2026 01:04:30.411] [main/WARN] [dev.architectury.registry.registries.forge.RegistrarManagerImpl/]: Registry entry listened Registry Entry [minecraft:item / fossil:bone_tail_compsognathus] was not realized!
[01Sep2026 01:04:30.411] [main/WARN] [dev.architectury.registry.registries.forge.RegistrarManagerImpl/]: Registry entry listened Registry Entry [minecraft:item / fossil:bone_unique_liopleurodon] was not realized!
[01Sep2026 01:04:30.411] [main/WARN] [dev.architectury.registry.registries.forge.RegistrarManagerImpl/]: Registry entry listened Registry Entry [minecraft:item / fossil:bone_arm_kelenken] was not realized!
[01Sep2026 01:04:30.411] [main/WARN] [dev.architectury.registry.registries.forge.RegistrarManagerImpl/]: Registry entry listened Registry Entry [minecraft:item / fossil:bone_foot_stegosaurus] was not realized!
[01Sep2026 01:04:30.411] [main/WARN] [dev.architectury.registry.registries.forge.RegistrarManagerImpl/]: Registry entry listened Registry Entry [minecraft:item / fossil:syringe_dolphin] was not realized!
[01Sep2026 01:04:30.411] [main/WARN] [dev.architectury.registry.registries.forge.RegistrarManagerImpl/]: Registry entry listened Registry Entry [minecraft:item / fossil:egg_item_postosuchus] was not realized!
[01Sep2026 01:04:30.411] [main/WARN] [dev.architectury.registry.registries.forge.RegistrarManagerImpl/]: Registry entry listened Registry Entry [minecraft:item / fossil:bone_foot_ankylosaurus] was not realized!
[01Sep2026 01:04:30.411] [main/WARN] [dev.architectury.registry.registries.forge.RegistrarManagerImpl/]: Registry entry listened Registry Entry [minecraft:item / fossil:bone_ribcage_tiktaalik] was not realized!
[01Sep2026 01:04:30.411] [main/WARN] [dev.architectury.registry.registries.forge.RegistrarManagerImpl/]: Registry entry listened Registry Entry [minecraft:item / fossil:arthropleura_dna] was not realized!
[01Sep2026 01:04:30.411] [main/WARN] [dev.architectury.registry.registries.forge.RegistrarManagerImpl/]: Registry entry listened Registry Entry [minecraft:item / fossil:bone_foot_dryosaurus] was not realized!
[01Sep2026 01:04:30.411] [main/WARN] [dev.architectury.registry.registries.forge.RegistrarManagerImpl/]: Registry entry listened Registry Entry [minecraft:item / fossil:bone_arm_therizinosaurus] was not realized!
[01Sep2026 01:04:30.411] [main/WARN] [dev.architectury.registry.registries.forge.RegistrarManagerImpl/]: Registry entry listened Registry Entry [minecraft:item / fossil:lonchodomas_dna] was not realized!
[01Sep2026 01:04:30.411] [main/WARN] [dev.architectury.registry.registries.forge.RegistrarManagerImpl/]: Registry entry listened Registry Entry [minecraft:item / fossil:spawn_egg_ichthyosaurus] was not realized!
[01Sep2026 01:04:30.411] [main/WARN] [dev.architectury.registry.registries.forge.RegistrarManagerImpl/]: Registry entry listened Registry Entry [minecraft:item / fossil:egg_item_tiktaalik] was not realized!
[01Sep2026 01:04:30.411] [main/WARN] [dev.architectury.registry.registries.forge.RegistrarManagerImpl/]: Registry entry listened Registry Entry [minecraft:item / fossil:spawn_egg_arthropleura] was not realized!
[01Sep2026 01:04:30.411] [main/WARN] [dev.architectury.registry.registries.forge.RegistrarManagerImpl/]: Registry entry listened Registry Entry [minecraft:item / fossil:bone_tail_allosaurus] was not realized!
[01Sep2026 01:04:30.411] [main/WARN] [dev.architectury.registry.registries.forge.RegistrarManagerImpl/]: Registry entry listened Registry Entry [minecraft:item / fossil:bone_foot_pachycephalosaurus] was not realized!
[01Sep2026 01:04:30.411] [main/WARN] [dev.architectury.registry.registries.forge.RegistrarManagerImpl/]: Registry entry listened Registry Entry [minecraft:item / fossil:bone_arm_liopleurodon] was not realized!
[01Sep2026 01:04:30.411] [main/WARN] [dev.architectury.registry.registries.forge.RegistrarManagerImpl/]: Registry entry listened Registry Entry [minecraft:item / fossil:bone_leg_pteranodon] was not realized!
[01Sep2026 01:04:30.411] [main/WARN] [dev.architectury.registry.registries.forge.RegistrarManagerImpl/]: Registry entry listened Registry Entry [minecraft:item / fossil:cooked_sarcosuchus] was not realized!
[01Sep2026 01:04:30.411] [main/WARN] [dev.architectury.registry.registries.forge.RegistrarManagerImpl/]: Registry entry listened Registry Entry [minecraft:item / fossil:bone_foot_henodus] was not realized!
[01Sep2026 01:04:30.411] [main/WARN] [dev.architectury.registry.registries.forge.RegistrarManagerImpl/]: Registry entry listened Registry Entry [minecraft:item / fossil:bone_unique_psittacosaurus] was not realized!
[01Sep2026 01:04:30.411] [main/WARN] [dev.architectury.registry.registries.forge.RegistrarManagerImpl/]: Registry entry listened Registry Entry [minecraft:item / fossil:bone_arm_confuciusornis] was not realized!
[01Sep2026 01:04:30.411] [main/WARN] [dev.architectury.registry.registries.forge.RegistrarManagerImpl/]: Registry entry listened Registry Entry [minecraft:item / fossil:bone_ribcage_liopleurodon] was not realized!
[01Sep2026 01:04:30.411] [main/WARN] [dev.architectury.registry.registries.forge.RegistrarManagerImpl/]: Registry entry listened Registry Entry [minecraft:item / fossil:bone_unique_protoceratops] was not realized!
[01Sep2026 01:04:30.411] [main/WARN] [dev.architectury.registry.registries.forge.RegistrarManagerImpl/]: Registry entry listened Registry Entry [minecraft:item / fossil:egg_item_sturgeon] was not realized!
[01Sep2026 01:04:30.411] [main/WARN] [dev.architectury.registry.registries.forge.RegistrarManagerImpl/]: Registry entry listened Registry Entry [minecraft:item / fossil:egg_item_sarcosuchus] was not realized!
[01Sep2026 01:04:30.411] [main/WARN] [dev.architectury.registry.registries.forge.RegistrarManagerImpl/]: Registry entry listened Registry Entry [minecraft:item / fossil:egg_gastornis] was not realized!
[01Sep2026 01:04:30.411] [main/WARN] [dev.architectury.registry.registries.forge.RegistrarManagerImpl/]: Registry entry listened Registry Entry [minecraft:item / fossil:bone_arm_pachyrhinosaurus] was not realized!
[01Sep2026 01:04:30.411] [main/WARN] [dev.architectury.registry.registries.forge.RegistrarManagerImpl/]: Registry entry listened Registry Entry [minecraft:item / fossil:bone_arm_platybelodon] was not realized!
[01Sep2026 01:04:30.411] [main/WARN] [dev.architectury.registry.registries.forge.RegistrarManagerImpl/]: Registry entry listened Registry Entry [minecraft:item / fossil:meat_dodo] was not realized!
[01Sep2026 01:04:30.411] [main/WARN] [dev.architectury.registry.registries.forge.RegistrarManagerImpl/]: Registry entry listened Registry Entry [minecraft:item / fossil:bone_foot_pachyrhinosaurus] was not realized!
[01Sep2026 01:04:30.411] [main/WARN] [dev.architectury.registry.registries.forge.RegistrarManagerImpl/]: Registry entry listened Registry Entry [minecraft:item / fossil:spawn_egg_titanis] was not realized!
[01Sep2026 01:04:30.411] [main/WARN] [dev.architectury.registry.registries.forge.RegistrarManagerImpl/]: Registry entry listened Registry Entry [minecraft:item / fossil:meat_sarcosuchus] was not realized!
[01Sep2026 01:04:30.411] [main/WARN] [dev.architectury.registry.registries.forge.RegistrarManagerImpl/]: Registry entry listened Registry Entry [minecraft:item / fossil:bone_tail_quagga] was not realized!
[01Sep2026 01:04:30.411] [main/WARN] [dev.architectury.registry.registries.forge.RegistrarManagerImpl/]: Registry entry listened Registry Entry [minecraft:item / fossil:postosuchus_dna] was not realized!
[01Sep2026 01:04:30.411] [main/WARN] [dev.architectury.registry.registries.forge.RegistrarManagerImpl/]: Registry entry listened Registry Entry [minecraft:item / fossil:bone_tail_ankylosaurus] was not realized!
[01Sep2026 01:04:30.411] [main/WARN] [dev.architectury.registry.registries.forge.RegistrarManagerImpl/]: Registry entry listened Registry Entry [minecraft:item / fossil:cooked_ichthyosaurus] was not realized!
[01Sep2026 01:04:30.411] [main/WARN] [dev.architectury.registry.registries.forge.RegistrarManagerImpl/]: Registry entry listened Registry Entry [minecraft:item / fossil:bone_ribcage_dodo] was not realized!
[01Sep2026 01:04:30.411] [main/WARN] [dev.architectury.registry.registries.forge.RegistrarManagerImpl/]: Registry entry listened Registry Entry [minecraft:item / fossil:bone_leg_protoceratops] was not realized!
[01Sep2026 01:04:30.411] [main/WARN] [dev.architectury.registry.registries.forge.RegistrarManagerImpl/]: Registry entry listened Registry Entry [minecraft:item / fossil:bone_arm_velociraptor] was not realized!
[01Sep2026 01:04:30.411] [main/WARN] [dev.architectury.registry.registries.forge.RegistrarManagerImpl/]: Registry entry listened Registry Entry [minecraft:item / fossil:coelacanth_dna] was not realized!
[01Sep2026 01:04:30.411] [main/WARN] [dev.architectury.registry.registries.forge.RegistrarManagerImpl/]: Registry entry listened Registry Entry [minecraft:item / fossil:bone_vertebrae_ichthyosaurus] was not realized!
[01Sep2026 01:04:30.411] [main/WARN] [dev.architectury.registry.registries.forge.RegistrarManagerImpl/]: Registry entry listened Registry Entry [minecraft:item / fossil:bone_skull_tyrannosaurus] was not realized!
[01Sep2026 01:04:30.411] [main/WARN] [dev.architectury.registry.registries.forge.RegistrarManagerImpl/]: Registry entry listened Registry Entry [minecraft:item / fossil:spawn_egg_henodus] was not realized!
[01Sep2026 01:04:30.411] [main/WARN] [dev.architectury.registry.registries.forge.RegistrarManagerImpl/]: Registry entry listened Registry Entry [minecraft:item / fossil:bone_foot_mosasaurus] was not realized!
[01Sep2026 01:04:30.411] [main/WARN] [dev.architectury.registry.registries.forge.RegistrarManagerImpl/]: Registry entry listened Registry Entry [minecraft:item / fossil:bone_ribcage_crassigyrinus] was not realized!
[01Sep2026 01:04:30.411] [main/WARN] [dev.architectury.registry.registries.forge.RegistrarManagerImpl/]: Registry entry listened Registry Entry [minecraft:item / fossil:bone_foot_dodo] was not realized!
[01Sep2026 01:04:30.411] [main/WARN] [dev.architectury.registry.registries.forge.RegistrarManagerImpl/]: Registry entry listened Registry Entry [minecraft:item / fossil:bone_skull_brachiosaurus] was not realized!
[01Sep2026 01:04:30.411] [main/WARN] [dev.architectury.registry.registries.forge.RegistrarManagerImpl/]: Registry entry listened Registry Entry [minecraft:item / fossil:gastornis_dna] was not realized!
[01Sep2026 01:04:30.411] [main/WARN] [dev.architectury.registry.registries.forge.RegistrarManagerImpl/]: Registry entry listened Registry Entry [minecraft:item / fossil:bone_ribcage_henodus] was not realized!
[01Sep2026 01:04:30.411] [main/WARN] [dev.architectury.registry.registries.forge.RegistrarManagerImpl/]: Registry entry listened Registry Entry [minecraft:item / fossil:bone_tail_dodo] was not realized!
[01Sep2026 01:04:30.411] [main/WARN] [dev.architectury.registry.registries.forge.RegistrarManagerImpl/]: Registry entry listened Registry Entry [minecraft:item / fossil:bone_ribcage_quagga] was not realized!
[01Sep2026 01:04:30.411] [main/WARN] [dev.architectury.registry.registries.forge.RegistrarManagerImpl/]: Registry entry listened Registry Entry [minecraft:item / fossil:spawn_egg_mammoth] was not realized!
[01Sep2026 01:04:30.411] [main/WARN] [dev.architectury.registry.registries.forge.RegistrarManagerImpl/]: Registry entry listened Registry Entry [minecraft:item / fossil:cooked_allosaurus] was not realized!
[01Sep2026 01:04:30.411] [main/WARN] [dev.architectury.registry.registries.forge.RegistrarManagerImpl/]: Registry entry listened Registry Entry [minecraft:item / fossil:bone_arm_citipati] was not realized!
[01Sep2026 01:04:30.411] [main/WARN] [dev.architectury.registry.registries.forge.RegistrarManagerImpl/]: Registry entry listened Registry Entry [minecraft:item / fossil:bone_arm_smilodon] was not realized!
[01Sep2026 01:04:30.411] [main/WARN] [dev.architectury.registry.registries.forge.RegistrarManagerImpl/]: Registry entry listened Registry Entry [minecraft:item / fossil:cooked_nautilus] was not realized!
[01Sep2026 01:04:30.412] [main/WARN] [dev.architectury.registry.registries.forge.RegistrarManagerImpl/]: Registry entry listened Registry Entry [minecraft:item / fossil:spawn_egg_confuciusornis] was not realized!
[01Sep2026 01:04:30.412] [main/WARN] [dev.architectury.registry.registries.forge.RegistrarManagerImpl/]: Registry entry listened Registry Entry [minecraft:item / fossil:bone_leg_liopleurodon] was not realized!
[01Sep2026 01:04:30.412] [main/WARN] [dev.architectury.registry.registries.forge.RegistrarManagerImpl/]: Registry entry listened Registry Entry [minecraft:item / fossil:syringe_pig] was not realized!
[01Sep2026 01:04:30.412] [main/WARN] [dev.architectury.registry.registries.forge.RegistrarManagerImpl/]: Registry entry listened Registry Entry [minecraft:item / fossil:bone_foot_confuciusornis] was not realized!
[01Sep2026 01:04:30.412] [main/WARN] [dev.architectury.registry.registries.forge.RegistrarManagerImpl/]: Registry entry listened Registry Entry [minecraft:item / fossil:syringe_cow] was not realized!
[01Sep2026 01:04:30.412] [main/WARN] [dev.architectury.registry.registries.forge.RegistrarManagerImpl/]: Registry entry listened Registry Entry [minecraft:item / fossil:bone_vertebrae_psittacosaurus] was not realized!
[01Sep2026 01:04:30.412] [main/WARN] [dev.architectury.registry.registries.forge.RegistrarManagerImpl/]: Registry entry listened Registry Entry [minecraft:item / fossil:spawn_egg_liopleurodon] was not realized!
[01Sep2026 01:04:30.412] [main/WARN] [dev.architectury.registry.registries.forge.RegistrarManagerImpl/]: Registry entry listened Registry Entry [minecraft:item / fossil:syringe_elasmotherium] was not realized!
[01Sep2026 01:04:30.412] [main/WARN] [dev.architectury.registry.registries.forge.RegistrarManagerImpl/]: Registry entry listened Registry Entry [minecraft:item / fossil:egg_item_dilophosaurus] was not realized!
[01Sep2026 01:04:30.412] [main/WARN] [dev.architectury.registry.registries.forge.RegistrarManagerImpl/]: Registry entry listened Registry Entry [minecraft:item / fossil:bone_vertebrae_tiktaalik] was not realized!
[01Sep2026 01:04:30.412] [main/WARN] [dev.architectury.registry.registries.forge.RegistrarManagerImpl/]: Registry entry listened Registry Entry [minecraft:item / fossil:bone_foot_titanis] was not realized!
[01Sep2026 01:04:30.412] [main/WARN] [dev.architectury.registry.registries.forge.RegistrarManagerImpl/]: Registry entry listened Registry Entry [minecraft:item / fossil:citipati_dna] was not realized!
[01Sep2026 01:04:30.412] [main/WARN] [dev.architectury.registry.registries.forge.RegistrarManagerImpl/]: Registry entry listened Registry Entry [minecraft:item / fossil:cooked_postosuchus] was not realized!
[01Sep2026 01:04:30.412] [main/WARN] [dev.architectury.registry.registries.forge.RegistrarManagerImpl/]: Registry entry listened Registry Entry [minecraft:item / fossil:meat_tyrannosaurus] was not realized!
[01Sep2026 01:04:30.412] [main/WARN] [dev.architectury.registry.registries.forge.RegistrarManagerImpl/]: Registry entry listened Registry Entry [minecraft:item / fossil:diplocaulus_dna] was not realized!
[01Sep2026 01:04:30.412] [main/WARN] [dev.architectury.registry.registries.forge.RegistrarManagerImpl/]: Registry entry listened Registry Entry [minecraft:item / fossil:bone_tail_ornitholestes] was not realized!
[01Sep2026 01:04:30.412] [main/WARN] [dev.architectury.registry.registries.forge.RegistrarManagerImpl/]: Registry entry listened Registry Entry [minecraft:item / fossil:bone_unique_pachyrhinosaurus] was not realized!
[01Sep2026 01:04:30.412] [main/WARN] [dev.architectury.registry.registries.forge.RegistrarManagerImpl/]: Registry entry listened Registry Entry [minecraft:item / fossil:syringe_ocelot] was not realized!
[01Sep2026 01:04:30.412] [main/WARN] [dev.architectury.registry.registries.forge.RegistrarManagerImpl/]: Registry entry listened Registry Entry [minecraft:item / fossil:sarcosuchus_dna] was not realized!
[01Sep2026 01:04:30.412] [main/WARN] [dev.architectury.registry.registries.forge.RegistrarManagerImpl/]: Registry entry listened Registry Entry [minecraft:item / fossil:liopleurodon_dna] was not realized!
[01Sep2026 01:04:30.412] [main/WARN] [dev.architectury.registry.registries.forge.RegistrarManagerImpl/]: Registry entry listened Registry Entry [minecraft:item / fossil:bone_unique_triceratops] was not realized!
[01Sep2026 01:04:30.412] [main/WARN] [dev.architectury.registry.registries.forge.RegistrarManagerImpl/]: Registry entry listened Registry Entry [minecraft:item / fossil:bone_tail_pachyrhinosaurus] was not realized!
[01Sep2026 01:04:30.412] [main/WARN] [dev.architectury.registry.registries.forge.RegistrarManagerImpl/]: Registry entry listened Registry Entry [minecraft:item / fossil:bone_foot_dimorphodon] was not realized!
[01Sep2026 01:04:30.412] [main/WARN] [dev.architectury.registry.registries.forge.RegistrarManagerImpl/]: Registry entry listened Registry Entry [minecraft:item / fossil:psittacosaurus_dna] was not realized!
[01Sep2026 01:04:30.412] [main/WARN] [dev.architectury.registry.registries.forge.RegistrarManagerImpl/]: Registry entry listened Registry Entry [minecraft:item / fossil:bone_tail_elasmotherium] was not realized!
[01Sep2026 01:04:30.412] [main/WARN] [dev.architectury.registry.registries.forge.RegistrarManagerImpl/]: Registry entry listened Registry Entry [minecraft:item / fossil:sturgeon_dna] was not realized!
[01Sep2026 01:04:30.412] [main/WARN] [dev.architectury.registry.registries.forge.RegistrarManagerImpl/]: Registry entry listened Registry Entry [minecraft:item / fossil:egg_item_mosasaurus] was not realized!
[01Sep2026 01:04:30.412] [main/WARN] [dev.architectury.registry.registries.forge.RegistrarManagerImpl/]: Registry entry listened Registry Entry [minecraft:item / fossil:bone_foot_spinosaurus] was not realized!
[01Sep2026 01:04:30.412] [main/WARN] [dev.architectury.registry.registries.forge.RegistrarManagerImpl/]: Registry entry listened Registry Entry [minecraft:item / fossil:aquilolamna_dna] was not realized!
[01Sep2026 01:04:30.412] [main/WARN] [dev.architectury.registry.registries.forge.RegistrarManagerImpl/]: Registry entry listened Registry Entry [minecraft:item / fossil:spawn_egg_alligator_gar] was not realized!
[01Sep2026 01:04:30.412] [main/WARN] [dev.architectury.registry.registries.forge.RegistrarManagerImpl/]: Registry entry listened Registry Entry [minecraft:item / fossil:cooked_sturgeon] was not realized!
[01Sep2026 01:04:30.412] [main/WARN] [dev.architectury.registry.registries.forge.RegistrarManagerImpl/]: Registry entry listened Registry Entry [minecraft:item / fossil:cooked_gallimimus] was not realized!
[01Sep2026 01:04:30.412] [main/WARN] [dev.architectury.registry.registries.forge.RegistrarManagerImpl/]: Registry entry listened Registry Entry [minecraft:item / fossil:cat_dna] was not realized!
[01Sep2026 01:04:30.412] [main/WARN] [dev.architectury.registry.registries.forge.RegistrarManagerImpl/]: Registry entry listened Registry Entry [minecraft:item / fossil:pteranodon_dna] was not realized!
[01Sep2026 01:04:30.412] [main/WARN] [dev.architectury.registry.registries.forge.RegistrarManagerImpl/]: Registry entry listened Registry Entry [minecraft:item / fossil:cooked_deinonychus] was not realized!
[01Sep2026 01:04:30.412] [main/WARN] [dev.architectury.registry.registries.forge.RegistrarManagerImpl/]: Registry entry listened Registry Entry [minecraft:item / fossil:bone_ribcage_compsognathus] was not realized!
[01Sep2026 01:04:30.412] [main/WARN] [dev.architectury.registry.registries.forge.RegistrarManagerImpl/]: Registry entry listened Registry Entry [minecraft:item / fossil:pachycephalosaurus_dna] was not realized!
[01Sep2026 01:04:30.412] [main/WARN] [dev.architectury.registry.registries.forge.RegistrarManagerImpl/]: Registry entry listened Registry Entry [minecraft:item / fossil:bone_arm_allosaurus] was not realized!
[01Sep2026 01:04:30.412] [main/WARN] [dev.architectury.registry.registries.forge.RegistrarManagerImpl/]: Registry entry listened Registry Entry [minecraft:item / fossil:bone_foot_edaphosaurus] was not realized!
[01Sep2026 01:04:30.412] [main/WARN] [dev.architectury.registry.registries.forge.RegistrarManagerImpl/]: Registry entry listened Registry Entry [minecraft:item / fossil:spawn_egg_protoceratops] was not realized!
[01Sep2026 01:04:30.412] [main/WARN] [dev.architectury.registry.registries.forge.RegistrarManagerImpl/]: Registry entry listened Registry Entry [minecraft:item / fossil:bone_vertebrae_edaphosaurus] was not realized!
[01Sep2026 01:04:30.412] [main/WARN] [dev.architectury.registry.registries.forge.RegistrarManagerImpl/]: Registry entry listened Registry Entry [minecraft:item / fossil:bone_unique_elasmotherium] was not realized!
[01Sep2026 01:04:30.412] [main/WARN] [dev.architectury.registry.registries.forge.RegistrarManagerImpl/]: Registry entry listened Registry Entry [minecraft:item / fossil:dolphin_dna] was not realized!
[01Sep2026 01:04:30.412] [main/WARN] [dev.architectury.registry.registries.forge.RegistrarManagerImpl/]: Registry entry listened Registry Entry [minecraft:item / fossil:cooked_crassigyrinus] was not realized!
[01Sep2026 01:04:30.412] [main/WARN] [dev.architectury.registry.registries.forge.RegistrarManagerImpl/]: Registry entry listened Registry Entry [minecraft:item / fossil:bone_tail_diplocaulus] was not realized!
[01Sep2026 01:04:30.412] [main/WARN] [dev.architectury.registry.registries.forge.RegistrarManagerImpl/]: Registry entry listened Registry Entry [minecraft:item / fossil:bone_ribcage_sarcosuchus] was not realized!
[01Sep2026 01:04:30.412] [main/WARN] [dev.architectury.registry.registries.forge.RegistrarManagerImpl/]: Registry entry listened Registry Entry [minecraft:item / fossil:bone_arm_tiktaalik] was not realized!
[01Sep2026 01:04:30.412] [main/WARN] [dev.architectury.registry.registries.forge.RegistrarManagerImpl/]: Registry entry listened Registry Entry [minecraft:item / fossil:bone_tail_quetzalcoatlus] was not realized!
[01Sep2026 01:04:30.412] [main/WARN] [dev.architectury.registry.registries.forge.RegistrarManagerImpl/]: Registry entry listened Registry Entry [minecraft:item / fossil:egg_item_dryosaurus] was not realized!
[01Sep2026 01:04:30.412] [main/WARN] [dev.architectury.registry.registries.forge.RegistrarManagerImpl/]: Registry entry listened Registry Entry [minecraft:item / fossil:bone_foot_ichthyosaurus] was not realized!
[01Sep2026 01:04:30.412] [main/WARN] [dev.architectury.registry.registries.forge.RegistrarManagerImpl/]: Registry entry listened Registry Entry [minecraft:item / fossil:bone_vertebrae_postosuchus] was not realized!
[01Sep2026 01:04:30.412] [main/WARN] [dev.architectury.registry.registries.forge.RegistrarManagerImpl/]: Registry entry listened Registry Entry [minecraft:item / fossil:egg_item_coelacanth] was not realized!
[01Sep2026 01:04:30.412] [main/WARN] [dev.architectury.registry.registries.forge.RegistrarManagerImpl/]: Registry entry listened Registry Entry [minecraft:item / fossil:cooked_coelacanth] was not realized!
[01Sep2026 01:04:30.412] [main/WARN] [dev.architectury.registry.registries.forge.RegistrarManagerImpl/]: Registry entry listened Registry Entry [minecraft:item / fossil:bone_arm_dryosaurus] was not realized!
[01Sep2026 01:04:30.412] [main/WARN] [dev.architectury.registry.registries.forge.RegistrarManagerImpl/]: Registry entry listened Registry Entry [minecraft:item / fossil:bone_leg_velociraptor] was not realized!
[01Sep2026 01:04:30.412] [main/WARN] [dev.architectury.registry.registries.forge.RegistrarManagerImpl/]: Registry entry listened Registry Entry [minecraft:item / fossil:meat_kelenken] was not realized!
[01Sep2026 01:04:30.412] [main/WARN] [dev.architectury.registry.registries.forge.RegistrarManagerImpl/]: Registry entry listened Registry Entry [minecraft:item / fossil:spawn_egg_quetzalcoatlus] was not realized!
[01Sep2026 01:04:30.412] [main/WARN] [dev.architectury.registry.registries.forge.RegistrarManagerImpl/]: Registry entry listened Registry Entry [minecraft:item / fossil:egg_item_deinonychus] was not realized!
[01Sep2026 01:04:30.412] [main/WARN] [dev.architectury.registry.registries.forge.RegistrarManagerImpl/]: Registry entry listened Registry Entry [minecraft:item / fossil:bone_vertebrae_therizinosaurus] was not realized!
[01Sep2026 01:04:30.412] [main/WARN] [dev.architectury.registry.registries.forge.RegistrarManagerImpl/]: Registry entry listened Registry Entry [minecraft:item / fossil:cooked_platybelodon] was not realized!
[01Sep2026 01:04:30.412] [main/WARN] [dev.architectury.registry.registries.forge.RegistrarManagerImpl/]: Registry entry listened Registry Entry [minecraft:item / fossil:bone_foot_mammoth] was not realized!
[01Sep2026 01:04:30.412] [main/WARN] [dev.architectury.registry.registries.forge.RegistrarManagerImpl/]: Registry entry listened Registry Entry [minecraft:item / fossil:spawn_egg_stegosaurus] was not realized!
[01Sep2026 01:04:30.412] [main/WARN] [dev.architectury.registry.registries.forge.RegistrarManagerImpl/]: Registry entry listened Registry Entry [minecraft:item / fossil:panda_dna] was not realized!
[01Sep2026 01:04:30.412] [main/WARN] [dev.architectury.registry.registries.forge.RegistrarManagerImpl/]: Registry entry listened Registry Entry [minecraft:item / fossil:spawn_egg_quagga] was not realized!
[01Sep2026 01:04:30.412] [main/WARN] [dev.architectury.registry.registries.forge.RegistrarManagerImpl/]: Registry entry listened Registry Entry [minecraft:item / fossil:bone_ribcage_triceratops] was not realized!
[01Sep2026 01:04:30.412] [main/WARN] [dev.architectury.registry.registries.forge.RegistrarManagerImpl/]: Registry entry listened Registry Entry [minecraft:item / fossil:egg_item_allosaurus] was not realized!
[01Sep2026 01:04:30.412] [main/WARN] [dev.architectury.registry.registries.forge.RegistrarManagerImpl/]: Registry entry listened Registry Entry [minecraft:item / fossil:spawn_egg_psittacosaurus] was not realized!
[01Sep2026 01:04:30.412] [main/WARN] [dev.architectury.registry.registries.forge.RegistrarManagerImpl/]: Registry entry listened Registry Entry [minecraft:item / fossil:bone_unique_ankylosaurus] was not realized!
[01Sep2026 01:04:30.412] [main/WARN] [dev.architectury.registry.registries.forge.RegistrarManagerImpl/]: Registry entry listened Registry Entry [minecraft:item / fossil:spawn_egg_tyrannosaurus] was not realized!
[01Sep2026 01:04:30.412] [main/WARN] [dev.architectury.registry.registries.forge.RegistrarManagerImpl/]: Registry entry listened Registry Entry [minecraft:item / fossil:cooked_diplodocus] was not realized!
[01Sep2026 01:04:30.412] [main/WARN] [dev.architectury.registry.registries.forge.RegistrarManagerImpl/]: Registry entry listened Registry Entry [minecraft:item / fossil:spawn_egg_megalodon] was not realized!
[01Sep2026 01:04:30.412] [main/WARN] [dev.architectury.registry.registries.forge.RegistrarManagerImpl/]: Registry entry listened Registry Entry [minecraft:item / fossil:meat_lonchodomas] was not realized!
[01Sep2026 01:04:30.412] [main/WARN] [dev.architectury.registry.registries.forge.RegistrarManagerImpl/]: Registry entry listened Registry Entry [minecraft:item / fossil:bone_tail_sarcosuchus] was not realized!
[01Sep2026 01:04:30.412] [main/WARN] [dev.architectury.registry.registries.forge.RegistrarManagerImpl/]: Registry entry listened Registry Entry [minecraft:item / fossil:bone_skull_ankylosaurus] was not realized!
[01Sep2026 01:04:30.412] [main/WARN] [dev.architectury.registry.registries.forge.RegistrarManagerImpl/]: Registry entry listened Registry Entry [minecraft:item / fossil:bone_leg_citipati] was not realized!
[01Sep2026 01:04:30.412] [main/WARN] [dev.architectury.registry.registries.forge.RegistrarManagerImpl/]: Registry entry listened Registry Entry [minecraft:item / fossil:bone_tail_triceratops] was not realized!
[01Sep2026 01:04:30.412] [main/WARN] [dev.architectury.registry.registries.forge.RegistrarManagerImpl/]: Registry entry listened Registry Entry [minecraft:item / fossil:spawn_egg_therizinosaurus] was not realized!
[01Sep2026 01:04:30.412] [main/WARN] [dev.architectury.registry.registries.forge.RegistrarManagerImpl/]: Registry entry listened Registry Entry [minecraft:item / fossil:spinosaurus_dna] was not realized!
[01Sep2026 01:04:30.412] [main/WARN] [dev.architectury.registry.registries.forge.RegistrarManagerImpl/]: Registry entry listened Registry Entry [minecraft:item / fossil:cooked_dryosaurus] was not realized!
[01Sep2026 01:04:30.412] [main/WARN] [dev.architectury.registry.registries.forge.RegistrarManagerImpl/]: Registry entry listened Registry Entry [minecraft:item / fossil:cooked_kelenken] was not realized!
[01Sep2026 01:04:30.412] [main/WARN] [dev.architectury.registry.registries.forge.RegistrarManagerImpl/]: Registry entry listened Registry Entry [minecraft:item / fossil:bone_ribcage_diplodocus] was not realized!
[01Sep2026 01:04:30.412] [main/WARN] [dev.architectury.registry.registries.forge.RegistrarManagerImpl/]: Registry entry listened Registry Entry [minecraft:item / fossil:egg_item_phorusrhacos] was not realized!
[01Sep2026 01:04:30.412] [main/WARN] [dev.architectury.registry.registries.forge.RegistrarManagerImpl/]: Registry entry listened Registry Entry [minecraft:item / fossil:llama_dna] was not realized!
[01Sep2026 01:04:30.412] [main/WARN] [dev.architectury.registry.registries.forge.RegistrarManagerImpl/]: Registry entry listened Registry Entry [minecraft:item / fossil:spawn_egg_dimetrodon] was not realized!
[01Sep2026 01:04:30.412] [main/WARN] [dev.architectury.registry.registries.forge.RegistrarManagerImpl/]: Registry entry listened Registry Entry [minecraft:item / fossil:bone_vertebrae_dodo] was not realized!
[01Sep2026 01:04:30.412] [main/WARN] [dev.architectury.registry.registries.forge.RegistrarManagerImpl/]: Registry entry listened Registry Entry [minecraft:item / fossil:bone_ribcage_dryosaurus] was not realized!
[01Sep2026 01:04:30.412] [main/WARN] [dev.architectury.registry.registries.forge.RegistrarManagerImpl/]: Registry entry listened Registry Entry [minecraft:item / fossil:egg_item_ichthyosaurus] was not realized!
[01Sep2026 01:04:30.412] [main/WARN] [dev.architectury.registry.registries.forge.RegistrarManagerImpl/]: Registry entry listened Registry Entry [minecraft:item / fossil:bone_vertebrae_ceratosaurus] was not realized!
[01Sep2026 01:04:30.412] [main/WARN] [dev.architectury.registry.registries.forge.RegistrarManagerImpl/]: Registry entry listened Registry Entry [minecraft:item / fossil:bone_foot_parasaurolophus] was not realized!
[01Sep2026 01:04:30.412] [main/WARN] [dev.architectury.registry.registries.forge.RegistrarManagerImpl/]: Registry entry listened Registry Entry [minecraft:item / fossil:bone_tail_brachiosaurus] was not realized!
[01Sep2026 01:04:30.412] [main/WARN] [dev.architectury.registry.registries.forge.RegistrarManagerImpl/]: Registry entry listened Registry Entry [minecraft:item / fossil:bone_foot_ceratosaurus] was not realized!
[01Sep2026 01:04:30.412] [main/WARN] [dev.architectury.registry.registries.forge.RegistrarManagerImpl/]: Registry entry listened Registry Entry [minecraft:item / fossil:bone_tail_dilophosaurus] was not realized!
[01Sep2026 01:04:30.412] [main/WARN] [dev.architectury.registry.registries.forge.RegistrarManagerImpl/]: Registry entry listened Registry Entry [minecraft:item / fossil:bone_tail_pteranodon] was not realized!
[01Sep2026 01:04:30.413] [main/WARN] [dev.architectury.registry.registries.forge.RegistrarManagerImpl/]: Registry entry listened Registry Entry [minecraft:item / fossil:meat_dimetrodon] was not realized!
[01Sep2026 01:04:30.413] [main/WARN] [dev.architectury.registry.registries.forge.RegistrarManagerImpl/]: Registry entry listened Registry Entry [minecraft:item / fossil:bone_skull_pteranodon] was not realized!
[01Sep2026 01:04:30.413] [main/WARN] [dev.architectury.registry.registries.forge.RegistrarManagerImpl/]: Registry entry listened Registry Entry [minecraft:item / fossil:egg_item_chicken] was not realized!
[01Sep2026 01:04:30.413] [main/WARN] [dev.architectury.registry.registries.forge.RegistrarManagerImpl/]: Registry entry listened Registry Entry [minecraft:item / fossil:axolotl_dna] was not realized!
[01Sep2026 01:04:30.413] [main/WARN] [dev.architectury.registry.registries.forge.RegistrarManagerImpl/]: Registry entry listened Registry Entry [minecraft:item / fossil:egg_item_confuciusornis] was not realized!
[01Sep2026 01:04:30.413] [main/WARN] [dev.architectury.registry.registries.forge.RegistrarManagerImpl/]: Registry entry listened Registry Entry [minecraft:item / fossil:bone_arm_dimorphodon] was not realized!
[01Sep2026 01:04:30.413] [main/WARN] [dev.architectury.registry.registries.forge.RegistrarManagerImpl/]: Registry entry listened Registry Entry [minecraft:item / fossil:meat_quagga] was not realized!
[01Sep2026 01:04:30.413] [main/WARN] [dev.architectury.registry.registries.forge.RegistrarManagerImpl/]: Registry entry listened Registry Entry [minecraft:item / fossil:bone_unique_quagga] was not realized!
[01Sep2026 01:04:30.413] [main/WARN] [dev.architectury.registry.registries.forge.RegistrarManagerImpl/]: Registry entry listened Registry Entry [minecraft:item / fossil:spawn_egg_scotoharpes] was not realized!
[01Sep2026 01:04:30.413] [main/WARN] [dev.architectury.registry.registries.forge.RegistrarManagerImpl/]: Registry entry listened Registry Entry [minecraft:item / fossil:tyrannosaurus_dna] was not realized!
[01Sep2026 01:04:30.413] [main/WARN] [dev.architectury.registry.registries.forge.RegistrarManagerImpl/]: Registry entry listened Registry Entry [minecraft:item / fossil:bone_skull_edaphosaurus] was not realized!
[01Sep2026 01:04:30.413] [main/WARN] [dev.architectury.registry.registries.forge.RegistrarManagerImpl/]: Registry entry listened Registry Entry [minecraft:item / fossil:bone_leg_platybelodon] was not realized!
[01Sep2026 01:04:30.413] [main/WARN] [dev.architectury.registry.registries.forge.RegistrarManagerImpl/]: Registry entry listened Registry Entry [minecraft:item / fossil:syringe_panda] was not realized!
[01Sep2026 01:04:30.413] [main/WARN] [dev.architectury.registry.registries.forge.RegistrarManagerImpl/]: Registry entry listened Registry Entry [minecraft:item / fossil:salmon_dna] was not realized!
[01Sep2026 01:04:30.413] [main/WARN] [dev.architectury.registry.registries.forge.RegistrarManagerImpl/]: Registry entry listened Registry Entry [minecraft:item / fossil:bone_arm_parasaurolophus] was not realized!
[01Sep2026 01:04:30.413] [main/WARN] [dev.architectury.registry.registries.forge.RegistrarManagerImpl/]: Registry entry listened Registry Entry [minecraft:item / fossil:bone_ribcage_therizinosaurus] was not realized!
[01Sep2026 01:04:30.413] [main/WARN] [dev.architectury.registry.registries.forge.RegistrarManagerImpl/]: Registry entry listened Registry Entry [minecraft:item / fossil:egg_item_titanis] was not realized!
[01Sep2026 01:04:30.413] [main/WARN] [dev.architectury.registry.registries.forge.RegistrarManagerImpl/]: Registry entry listened Registry Entry [minecraft:item / fossil:bone_ribcage_pachycephalosaurus] was not realized!
[01Sep2026 01:04:30.413] [main/WARN] [dev.architectury.registry.registries.forge.RegistrarManagerImpl/]: Registry entry listened Registry Entry [minecraft:item / fossil:bone_leg_henodus] was not realized!
[01Sep2026 01:04:30.413] [main/WARN] [dev.architectury.registry.registries.forge.RegistrarManagerImpl/]: Registry entry listened Registry Entry [minecraft:item / fossil:bone_leg_dimorphodon] was not realized!
[01Sep2026 01:04:30.413] [main/WARN] [dev.architectury.registry.registries.forge.RegistrarManagerImpl/]: Registry entry listened Registry Entry [minecraft:item / fossil:bone_foot_tiktaalik] was not realized!
[01Sep2026 01:04:30.413] [main/WARN] [dev.architectury.registry.registries.forge.RegistrarManagerImpl/]: Registry entry listened Registry Entry [minecraft:item / fossil:stegosaurus_dna] was not realized!
[01Sep2026 01:04:30.413] [main/WARN] [dev.architectury.registry.registries.forge.RegistrarManagerImpl/]: Registry entry listened Registry Entry [minecraft:item / fossil:egg_item_cod] was not realized!
[01Sep2026 01:04:30.413] [main/WARN] [dev.architectury.registry.registries.forge.RegistrarManagerImpl/]: Registry entry listened Registry Entry [minecraft:item / fossil:bone_ribcage_velociraptor] was not realized!
[01Sep2026 01:04:30.413] [main/WARN] [dev.architectury.registry.registries.forge.RegistrarManagerImpl/]: Registry entry listened Registry Entry [minecraft:item / fossil:donkey_dna] was not realized!
[01Sep2026 01:04:30.413] [main/WARN] [dev.architectury.registry.registries.forge.RegistrarManagerImpl/]: Registry entry listened Registry Entry [minecraft:item / fossil:bone_ribcage_elasmotherium] was not realized!
[01Sep2026 01:04:30.413] [main/WARN] [dev.architectury.registry.registries.forge.RegistrarManagerImpl/]: Registry entry listened Registry Entry [minecraft:item / fossil:bone_leg_triceratops] was not realized!
[01Sep2026 01:04:30.413] [main/WARN] [dev.architectury.registry.registries.forge.RegistrarManagerImpl/]: Registry entry listened Registry Entry [minecraft:item / fossil:bone_ribcage_megalania] was not realized!
[01Sep2026 01:04:30.413] [main/WARN] [dev.architectury.registry.registries.forge.RegistrarManagerImpl/]: Registry entry listened Registry Entry [minecraft:item / fossil:bone_leg_mosasaurus] was not realized!
[01Sep2026 01:04:30.413] [main/WARN] [dev.architectury.registry.registries.forge.RegistrarManagerImpl/]: Registry entry listened Registry Entry [minecraft:item / fossil:bone_unique_compsognathus] was not realized!
[01Sep2026 01:04:30.413] [main/WARN] [dev.architectury.registry.registries.forge.RegistrarManagerImpl/]: Registry entry listened Registry Entry [minecraft:item / fossil:spawn_egg_gallimimus] was not realized!
[01Sep2026 01:04:30.413] [main/WARN] [dev.architectury.registry.registries.forge.RegistrarManagerImpl/]: Registry entry listened Registry Entry [minecraft:item / fossil:spawn_egg_velociraptor] was not realized!
[01Sep2026 01:04:30.413] [main/WARN] [dev.architectury.registry.registries.forge.RegistrarManagerImpl/]: Registry entry listened Registry Entry [minecraft:item / fossil:meat_velociraptor] was not realized!
[01Sep2026 01:04:30.413] [main/WARN] [dev.architectury.registry.registries.forge.RegistrarManagerImpl/]: Registry entry listened Registry Entry [minecraft:item / fossil:bone_arm_ceratosaurus] was not realized!
[01Sep2026 01:04:30.413] [main/WARN] [dev.architectury.registry.registries.forge.RegistrarManagerImpl/]: Registry entry listened Registry Entry [minecraft:item / fossil:bone_ribcage_diplocaulus] was not realized!
[01Sep2026 01:04:30.413] [main/WARN] [dev.architectury.registry.registries.forge.RegistrarManagerImpl/]: Registry entry listened Registry Entry [minecraft:item / fossil:bone_leg_dilophosaurus] was not realized!
[01Sep2026 01:04:30.413] [main/WARN] [dev.architectury.registry.registries.forge.RegistrarManagerImpl/]: Registry entry listened Registry Entry [minecraft:item / fossil:bone_ribcage_megaloceros] was not realized!
[01Sep2026 01:04:30.413] [main/WARN] [dev.architectury.registry.registries.forge.RegistrarManagerImpl/]: Registry entry listened Registry Entry [minecraft:item / fossil:cooked_velociraptor] was not realized!
[01Sep2026 01:04:30.413] [main/WARN] [dev.architectury.registry.registries.forge.RegistrarManagerImpl/]: Registry entry listened Registry Entry [minecraft:item / fossil:spawn_egg_dicranurus] was not realized!
[01Sep2026 01:04:30.413] [main/WARN] [dev.architectury.registry.registries.forge.RegistrarManagerImpl/]: Registry entry listened Registry Entry [minecraft:item / fossil:bucket_item_ichthyosaurus] was not realized!
[01Sep2026 01:04:30.413] [main/WARN] [dev.architectury.registry.registries.forge.RegistrarManagerImpl/]: Registry entry listened Registry Entry [minecraft:item / fossil:bone_ribcage_confuciusornis] was not realized!
[01Sep2026 01:04:30.413] [main/WARN] [dev.architectury.registry.registries.forge.RegistrarManagerImpl/]: Registry entry listened Registry Entry [minecraft:item / fossil:bone_vertebrae_ankylosaurus] was not realized!
[01Sep2026 01:04:30.413] [main/WARN] [dev.architectury.registry.registries.forge.RegistrarManagerImpl/]: Registry entry listened Registry Entry [minecraft:item / fossil:bone_unique_henodus] was not realized!
[01Sep2026 01:04:30.413] [main/WARN] [dev.architectury.registry.registries.forge.RegistrarManagerImpl/]: Registry entry listened Registry Entry [minecraft:item / fossil:bone_arm_dilophosaurus] was not realized!
[01Sep2026 01:04:30.413] [main/WARN] [dev.architectury.registry.registries.forge.RegistrarManagerImpl/]: Registry entry listened Registry Entry [minecraft:item / fossil:camel_dna] was not realized!
[01Sep2026 01:04:30.413] [main/WARN] [dev.architectury.registry.registries.forge.RegistrarManagerImpl/]: Registry entry listened Registry Entry [minecraft:item / fossil:meat_megalania] was not realized!
[01Sep2026 01:04:30.413] [main/WARN] [dev.architectury.registry.registries.forge.RegistrarManagerImpl/]: Registry entry listened Registry Entry [minecraft:item / fossil:bone_foot_diplocaulus] was not realized!
[01Sep2026 01:04:30.413] [main/WARN] [dev.architectury.registry.registries.forge.RegistrarManagerImpl/]: Registry entry listened Registry Entry [minecraft:item / fossil:spawn_egg_platybelodon] was not realized!
[01Sep2026 01:04:30.413] [main/WARN] [dev.architectury.registry.registries.forge.RegistrarManagerImpl/]: Registry entry listened Registry Entry [minecraft:item / fossil:bone_tail_titanis] was not realized!
[01Sep2026 01:04:30.413] [main/WARN] [dev.architectury.registry.registries.forge.RegistrarManagerImpl/]: Registry entry listened Registry Entry [minecraft:item / fossil:bone_foot_megaloceros] was not realized!
[01Sep2026 01:04:30.413] [main/WARN] [dev.architectury.registry.registries.forge.RegistrarManagerImpl/]: Registry entry listened Registry Entry [minecraft:item / fossil:triceratops_dna] was not realized!
[01Sep2026 01:04:30.413] [main/WARN] [dev.architectury.registry.registries.forge.RegistrarManagerImpl/]: Registry entry listened Registry Entry [minecraft:item / fossil:bone_skull_dilophosaurus] was not realized!
[01Sep2026 01:04:30.413] [main/WARN] [dev.architectury.registry.registries.forge.RegistrarManagerImpl/]: Registry entry listened Registry Entry [minecraft:item / fossil:bone_skull_mosasaurus] was not realized!
[01Sep2026 01:04:30.413] [main/WARN] [dev.architectury.registry.registries.forge.RegistrarManagerImpl/]: Registry entry listened Registry Entry [minecraft:item / fossil:bone_foot_sarcosuchus] was not realized!
[01Sep2026 01:04:30.413] [main/WARN] [dev.architectury.registry.registries.forge.RegistrarManagerImpl/]: Registry entry listened Registry Entry [minecraft:item / fossil:bone_skull_ceratosaurus] was not realized!
[01Sep2026 01:04:30.413] [main/WARN] [dev.architectury.registry.registries.forge.RegistrarManagerImpl/]: Registry entry listened Registry Entry [minecraft:item / fossil:meat_megalodon] was not realized!
[01Sep2026 01:04:30.413] [main/WARN] [dev.architectury.registry.registries.forge.RegistrarManagerImpl/]: Registry entry listened Registry Entry [minecraft:item / fossil:bone_unique_megalodon] was not realized!
[01Sep2026 01:04:30.413] [main/WARN] [dev.architectury.registry.registries.forge.RegistrarManagerImpl/]: Registry entry listened Registry Entry [minecraft:item / fossil:bone_skull_megalania] was not realized!
[01Sep2026 01:04:30.413] [main/WARN] [dev.architectury.registry.registries.forge.RegistrarManagerImpl/]: Registry entry listened Registry Entry [minecraft:item / fossil:egg_item_gallimimus] was not realized!
[01Sep2026 01:04:30.413] [main/WARN] [dev.architectury.registry.registries.forge.RegistrarManagerImpl/]: Registry entry listened Registry Entry [minecraft:item / fossil:egg_item_megalodon] was not realized!
[01Sep2026 01:04:30.413] [main/WARN] [dev.architectury.registry.registries.forge.RegistrarManagerImpl/]: Registry entry listened Registry Entry [minecraft:item / fossil:diplodocus_dna] was not realized!
[01Sep2026 01:04:30.413] [main/WARN] [dev.architectury.registry.registries.forge.RegistrarManagerImpl/]: Registry entry listened Registry Entry [minecraft:item / fossil:bone_arm_gallimimus] was not realized!
[01Sep2026 01:04:30.413] [main/WARN] [dev.architectury.registry.registries.forge.RegistrarManagerImpl/]: Registry entry listened Registry Entry [minecraft:item / fossil:bone_ribcage_pachyrhinosaurus] was not realized!
[01Sep2026 01:04:30.413] [main/WARN] [dev.architectury.registry.registries.forge.RegistrarManagerImpl/]: Registry entry listened Registry Entry [minecraft:item / fossil:bone_vertebrae_kelenken] was not realized!
[01Sep2026 01:04:30.413] [main/WARN] [dev.architectury.registry.registries.forge.RegistrarManagerImpl/]: Registry entry listened Registry Entry [minecraft:item / fossil:spawn_egg_sturgeon] was not realized!
[01Sep2026 01:04:30.413] [main/WARN] [dev.architectury.registry.registries.forge.RegistrarManagerImpl/]: Registry entry listened Registry Entry [minecraft:item / fossil:egg_item_lonchodomas] was not realized!
[01Sep2026 01:04:30.413] [main/WARN] [dev.architectury.registry.registries.forge.RegistrarManagerImpl/]: Registry entry listened Registry Entry [minecraft:item / fossil:egg_dodo] was not realized!
[01Sep2026 01:04:30.413] [main/WARN] [dev.architectury.registry.registries.forge.RegistrarManagerImpl/]: Registry entry listened Registry Entry [minecraft:item / fossil:bone_unique_dimorphodon] was not realized!
[01Sep2026 01:04:30.413] [main/WARN] [dev.architectury.registry.registries.forge.RegistrarManagerImpl/]: Registry entry listened Registry Entry [minecraft:item / fossil:bone_skull_elasmotherium] was not realized!
[01Sep2026 01:04:30.413] [main/WARN] [dev.architectury.registry.registries.forge.RegistrarManagerImpl/]: Registry entry listened Registry Entry [minecraft:item / fossil:rabbit_dna] was not realized!
[01Sep2026 01:04:30.413] [main/WARN] [dev.architectury.registry.registries.forge.RegistrarManagerImpl/]: Registry entry listened Registry Entry [minecraft:item / fossil:horse_dna] was not realized!
[01Sep2026 01:04:30.413] [main/WARN] [dev.architectury.registry.registries.forge.RegistrarManagerImpl/]: Registry entry listened Registry Entry [minecraft:item / fossil:bone_ribcage_brachiosaurus] was not realized!
[01Sep2026 01:04:30.413] [main/WARN] [dev.architectury.registry.registries.forge.RegistrarManagerImpl/]: Registry entry listened Registry Entry [minecraft:item / fossil:bone_tail_dimorphodon] was not realized!
[01Sep2026 01:04:30.413] [main/WARN] [dev.architectury.registry.registries.forge.RegistrarManagerImpl/]: Registry entry listened Registry Entry [minecraft:item / fossil:bucket_item_diplocaulus] was not realized!
[01Sep2026 01:04:30.413] [main/WARN] [dev.architectury.registry.registries.forge.RegistrarManagerImpl/]: Registry entry listened Registry Entry [minecraft:item / fossil:meat_liopleurodon] was not realized!
[01Sep2026 01:04:30.413] [main/WARN] [dev.architectury.registry.registries.forge.RegistrarManagerImpl/]: Registry entry listened Registry Entry [minecraft:item / fossil:bone_arm_henodus] was not realized!
[01Sep2026 01:04:30.413] [main/WARN] [dev.architectury.registry.registries.forge.RegistrarManagerImpl/]: Registry entry listened Registry Entry [minecraft:item / fossil:frog_dna] was not realized!
[01Sep2026 01:04:30.413] [main/WARN] [dev.architectury.registry.registries.forge.RegistrarManagerImpl/]: Registry entry listened Registry Entry [minecraft:item / fossil:egg_item_dicranurus] was not realized!
[01Sep2026 01:04:30.413] [main/WARN] [dev.architectury.registry.registries.forge.RegistrarManagerImpl/]: Registry entry listened Registry Entry [minecraft:item / fossil:bone_skull_dodo] was not realized!
[01Sep2026 01:04:30.413] [main/WARN] [dev.architectury.registry.registries.forge.RegistrarManagerImpl/]: Registry entry listened Registry Entry [minecraft:item / fossil:bone_foot_psittacosaurus] was not realized!
[01Sep2026 01:04:30.413] [main/WARN] [dev.architectury.registry.registries.forge.RegistrarManagerImpl/]: Registry entry listened Registry Entry [minecraft:item / fossil:bone_unique_edaphosaurus] was not realized!
[01Sep2026 01:04:30.413] [main/WARN] [dev.architectury.registry.registries.forge.RegistrarManagerImpl/]: Registry entry listened Registry Entry [minecraft:item / fossil:bone_unique_pachycephalosaurus] was not realized!
[01Sep2026 01:04:30.413] [main/WARN] [dev.architectury.registry.registries.forge.RegistrarManagerImpl/]: Registry entry listened Registry Entry [minecraft:item / fossil:bone_ribcage_dimorphodon] was not realized!
[01Sep2026 01:04:30.413] [main/WARN] [dev.architectury.registry.registries.forge.RegistrarManagerImpl/]: Registry entry listened Registry Entry [minecraft:item / fossil:bone_unique_quetzalcoatlus] was not realized!
[01Sep2026 01:04:30.413] [main/WARN] [dev.architectury.registry.registries.forge.RegistrarManagerImpl/]: Registry entry listened Registry Entry [minecraft:item / fossil:bone_arm_ornitholestes] was not realized!
[01Sep2026 01:04:30.413] [main/WARN] [dev.architectury.registry.registries.forge.RegistrarManagerImpl/]: Registry entry listened Registry Entry [minecraft:item / fossil:phorusrhacos_dna] was not realized!
[01Sep2026 01:04:30.413] [main/WARN] [dev.architectury.registry.registries.forge.RegistrarManagerImpl/]: Registry entry listened Registry Entry [minecraft:item / fossil:bone_ribcage_platybelodon] was not realized!
[01Sep2026 01:04:30.414] [main/WARN] [dev.architectury.registry.registries.forge.RegistrarManagerImpl/]: Registry entry listened Registry Entry [minecraft:item / fossil:cooked_lonchodomas] was not realized!
[01Sep2026 01:04:30.414] [main/WARN] [dev.architectury.registry.registries.forge.RegistrarManagerImpl/]: Registry entry listened Registry Entry [minecraft:item / fossil:turtle_dna] was not realized!
[01Sep2026 01:04:30.414] [main/WARN] [dev.architectury.registry.registries.forge.RegistrarManagerImpl/]: Registry entry listened Registry Entry [minecraft:item / fossil:meat_confuciusornis] was not realized!
[01Sep2026 01:04:30.414] [main/WARN] [dev.architectury.registry.registries.forge.RegistrarManagerImpl/]: Registry entry listened Registry Entry [minecraft:item / fossil:cooked_megalodon] was not realized!
[01Sep2026 01:04:30.414] [main/WARN] [dev.architectury.registry.registries.forge.RegistrarManagerImpl/]: Registry entry listened Registry Entry [minecraft:item / fossil:bone_unique_deinonychus] was not realized!
[01Sep2026 01:04:30.414] [main/WARN] [dev.architectury.registry.registries.forge.RegistrarManagerImpl/]: Registry entry listened Registry Entry [minecraft:item / fossil:bone_vertebrae_ornitholestes] was not realized!
[01Sep2026 01:04:30.414] [main/WARN] [dev.architectury.registry.registries.forge.RegistrarManagerImpl/]: Registry entry listened Registry Entry [minecraft:item / fossil:bone_leg_ornitholestes] was not realized!
[01Sep2026 01:04:30.414] [main/WARN] [dev.architectury.registry.registries.forge.RegistrarManagerImpl/]: Registry entry listened Registry Entry [minecraft:item / fossil:spawn_egg_elasmotherium] was not realized!
[01Sep2026 01:04:30.414] [main/WARN] [dev.architectury.registry.registries.forge.RegistrarManagerImpl/]: Registry entry listened Registry Entry [minecraft:item / fossil:bone_tail_therizinosaurus] was not realized!
[01Sep2026 01:04:30.414] [main/WARN] [dev.architectury.registry.registries.forge.RegistrarManagerImpl/]: Registry entry listened Registry Entry [minecraft:item / fossil:sheep_dna] was not realized!
[01Sep2026 01:04:30.414] [main/WARN] [dev.architectury.registry.registries.forge.RegistrarManagerImpl/]: Registry entry listened Registry Entry [minecraft:item / fossil:bone_ribcage_psittacosaurus] was not realized!
[01Sep2026 01:04:30.414] [main/WARN] [dev.architectury.registry.registries.forge.RegistrarManagerImpl/]: Registry entry listened Registry Entry [minecraft:item / fossil:bone_arm_spinosaurus] was not realized!
[01Sep2026 01:04:30.414] [main/WARN] [dev.architectury.registry.registries.forge.RegistrarManagerImpl/]: Registry entry listened Registry Entry [minecraft:item / fossil:bone_skull_stegosaurus] was not realized!
[01Sep2026 01:04:30.414] [main/WARN] [dev.architectury.registry.registries.forge.RegistrarManagerImpl/]: Registry entry listened Registry Entry [minecraft:item / fossil:bone_leg_compsognathus] was not realized!
[01Sep2026 01:04:30.414] [main/WARN] [dev.architectury.registry.registries.forge.RegistrarManagerImpl/]: Registry entry listened Registry Entry [minecraft:item / fossil:bone_arm_diplocaulus] was not realized!
[01Sep2026 01:04:30.414] [main/WARN] [dev.architectury.registry.registries.forge.RegistrarManagerImpl/]: Registry entry listened Registry Entry [minecraft:item / fossil:bone_skull_deinonychus] was not realized!
[01Sep2026 01:04:30.414] [main/WARN] [dev.architectury.registry.registries.forge.RegistrarManagerImpl/]: Registry entry listened Registry Entry [minecraft:item / fossil:bone_arm_diplodocus] was not realized!
[01Sep2026 01:04:30.414] [main/WARN] [dev.architectury.registry.registries.forge.RegistrarManagerImpl/]: Registry entry listened Registry Entry [minecraft:item / fossil:bone_arm_elasmotherium] was not realized!
[01Sep2026 01:04:30.414] [main/WARN] [dev.architectury.registry.registries.forge.RegistrarManagerImpl/]: Registry entry listened Registry Entry [minecraft:item / fossil:bone_tail_megaloceros] was not realized!
[01Sep2026 01:04:30.414] [main/WARN] [dev.architectury.registry.registries.forge.RegistrarManagerImpl/]: Registry entry listened Registry Entry [minecraft:item / fossil:chicken_dna] was not realized!
[01Sep2026 01:04:30.414] [main/WARN] [dev.architectury.registry.registries.forge.RegistrarManagerImpl/]: Registry entry listened Registry Entry [minecraft:item / fossil:bone_skull_ornitholestes] was not realized!
[01Sep2026 01:04:30.414] [main/WARN] [dev.architectury.registry.registries.forge.RegistrarManagerImpl/]: Registry entry listened Registry Entry [minecraft:item / fossil:alligator_gar_dna] was not realized!
[01Sep2026 01:04:30.414] [main/WARN] [dev.architectury.registry.registries.forge.RegistrarManagerImpl/]: Registry entry listened Registry Entry [minecraft:item / fossil:hoglin_dna] was not realized!
[01Sep2026 01:04:30.414] [main/WARN] [dev.architectury.registry.registries.forge.RegistrarManagerImpl/]: Registry entry listened Registry Entry [minecraft:item / fossil:spawn_egg_kelenken] was not realized!
[01Sep2026 01:04:30.414] [main/WARN] [dev.architectury.registry.registries.forge.RegistrarManagerImpl/]: Registry entry listened Registry Entry [minecraft:item / fossil:bone_foot_triceratops] was not realized!
[01Sep2026 01:04:30.414] [main/WARN] [dev.architectury.registry.registries.forge.RegistrarManagerImpl/]: Registry entry listened Registry Entry [minecraft:item / fossil:bone_leg_megalania] was not realized!
[01Sep2026 01:04:30.414] [main/WARN] [dev.architectury.registry.registries.forge.RegistrarManagerImpl/]: Registry entry listened Registry Entry [minecraft:item / fossil:bone_leg_sarcosuchus] was not realized!
[01Sep2026 01:04:30.414] [main/WARN] [dev.architectury.registry.registries.forge.RegistrarManagerImpl/]: Registry entry listened Registry Entry [minecraft:item / fossil:egg_item_diplodocus] was not realized!
[01Sep2026 01:04:30.414] [main/WARN] [dev.architectury.registry.registries.forge.RegistrarManagerImpl/]: Registry entry listened Registry Entry [minecraft:item / fossil:bone_unique_dimetrodon] was not realized!
[01Sep2026 01:04:30.414] [main/WARN] [dev.architectury.registry.registries.forge.RegistrarManagerImpl/]: Registry entry listened Registry Entry [minecraft:item / fossil:bone_skull_tiktaalik] was not realized!
[01Sep2026 01:04:30.414] [main/WARN] [dev.architectury.registry.registries.forge.RegistrarManagerImpl/]: Registry entry listened Registry Entry [minecraft:item / fossil:egg_item_plesiosaurus] was not realized!
[01Sep2026 01:04:30.414] [main/WARN] [dev.architectury.registry.registries.forge.RegistrarManagerImpl/]: Registry entry listened Registry Entry [minecraft:item / fossil:bone_tail_confuciusornis] was not realized!
[01Sep2026 01:04:30.414] [main/WARN] [dev.architectury.registry.registries.forge.RegistrarManagerImpl/]: Registry entry listened Registry Entry [minecraft:item / fossil:bone_skull_dimetrodon] was not realized!
[01Sep2026 01:04:30.414] [main/WARN] [dev.architectury.registry.registries.forge.RegistrarManagerImpl/]: Registry entry listened Registry Entry [minecraft:item / fossil:pufferfish_dna] was not realized!
[01Sep2026 01:04:30.414] [main/WARN] [dev.architectury.registry.registries.forge.RegistrarManagerImpl/]: Registry entry listened Registry Entry [minecraft:item / fossil:cooked_parasaurolophus] was not realized!
[01Sep2026 01:04:30.414] [main/WARN] [dev.architectury.registry.registries.forge.RegistrarManagerImpl/]: Registry entry listened Registry Entry [minecraft:item / fossil:quagga_dna] was not realized!
[01Sep2026 01:04:30.414] [main/WARN] [dev.architectury.registry.registries.forge.RegistrarManagerImpl/]: Registry entry listened Registry Entry [minecraft:item / fossil:meat_dicranurus] was not realized!
[01Sep2026 01:04:30.414] [main/WARN] [dev.architectury.registry.registries.forge.RegistrarManagerImpl/]: Registry entry listened Registry Entry [minecraft:item / fossil:bone_arm_compsognathus] was not realized!
[01Sep2026 01:04:30.414] [main/WARN] [dev.architectury.registry.registries.forge.RegistrarManagerImpl/]: Registry entry listened Registry Entry [minecraft:item / fossil:bone_leg_therizinosaurus] was not realized!
[01Sep2026 01:04:30.414] [main/WARN] [dev.architectury.registry.registries.forge.RegistrarManagerImpl/]: Registry entry listened Registry Entry [minecraft:item / fossil:bone_skull_compsognathus] was not realized!
[01Sep2026 01:04:30.414] [main/WARN] [dev.architectury.registry.registries.forge.RegistrarManagerImpl/]: Registry entry listened Registry Entry [minecraft:item / fossil:nautilus_dna] was not realized!
[01Sep2026 01:04:30.414] [main/WARN] [dev.architectury.registry.registries.forge.RegistrarManagerImpl/]: Registry entry listened Registry Entry [minecraft:item / fossil:bone_unique_megalania] was not realized!
[01Sep2026 01:04:30.414] [main/WARN] [dev.architectury.registry.registries.forge.RegistrarManagerImpl/]: Registry entry listened Registry Entry [minecraft:item / fossil:bucket_item_coelacanth] was not realized!
[01Sep2026 01:04:30.414] [main/WARN] [dev.architectury.registry.registries.forge.RegistrarManagerImpl/]: Registry entry listened Registry Entry [minecraft:item / fossil:syringe_mammoth] was not realized!
[01Sep2026 01:04:30.414] [main/WARN] [dev.architectury.registry.registries.forge.RegistrarManagerImpl/]: Registry entry listened Registry Entry [minecraft:item / fossil:bone_ribcage_dilophosaurus] was not realized!
[01Sep2026 01:04:30.414] [main/WARN] [dev.architectury.registry.registries.forge.RegistrarManagerImpl/]: Registry entry listened Registry Entry [minecraft:item / fossil:meat_gallimimus] was not realized!
[01Sep2026 01:04:30.414] [main/WARN] [dev.architectury.registry.registries.forge.RegistrarManagerImpl/]: Registry entry listened Registry Entry [minecraft:item / fossil:spawn_egg_megalania] was not realized!
[01Sep2026 01:04:30.414] [main/WARN] [dev.architectury.registry.registries.forge.RegistrarManagerImpl/]: Registry entry listened Registry Entry [minecraft:item / fossil:bucket_item_crassigyrinus] was not realized!
[01Sep2026 01:04:30.414] [main/WARN] [dev.architectury.registry.registries.forge.RegistrarManagerImpl/]: Registry entry listened Registry Entry [minecraft:item / fossil:bone_foot_citipati] was not realized!
[01Sep2026 01:04:30.414] [main/WARN] [dev.architectury.registry.registries.forge.RegistrarManagerImpl/]: Registry entry listened Registry Entry [minecraft:item / fossil:bone_tail_liopleurodon] was not realized!
[01Sep2026 01:04:30.414] [main/WARN] [dev.architectury.registry.registries.forge.RegistrarManagerImpl/]: Registry entry listened Registry Entry [minecraft:item / fossil:bucket_item_lonchodomas] was not realized!
[01Sep2026 01:04:30.414] [main/WARN] [dev.architectury.registry.registries.forge.RegistrarManagerImpl/]: Registry entry listened Registry Entry [minecraft:item / fossil:egg_item_crassigyrinus] was not realized!
[01Sep2026 01:04:30.414] [main/WARN] [dev.architectury.registry.registries.forge.RegistrarManagerImpl/]: Registry entry listened Registry Entry [minecraft:item / fossil:bone_tail_parasaurolophus] was not realized!
[01Sep2026 01:04:30.414] [main/WARN] [dev.architectury.registry.registries.forge.RegistrarManagerImpl/]: Registry entry listened Registry Entry [minecraft:item / fossil:polar_bear_dna] was not realized!
[01Sep2026 01:04:30.414] [main/WARN] [dev.architectury.registry.registries.forge.RegistrarManagerImpl/]: Registry entry listened Registry Entry [minecraft:item / fossil:elasmotherium_dna] was not realized!
[01Sep2026 01:04:30.414] [main/WARN] [dev.architectury.registry.registries.forge.RegistrarManagerImpl/]: Registry entry listened Registry Entry [minecraft:item / fossil:spawn_egg_pteranodon] was not realized!
[01Sep2026 01:04:30.414] [main/WARN] [dev.architectury.registry.registries.forge.RegistrarManagerImpl/]: Registry entry listened Registry Entry [minecraft:item / fossil:bone_foot_phorusrhacos] was not realized!
[01Sep2026 01:04:30.414] [main/WARN] [dev.architectury.registry.registries.forge.RegistrarManagerImpl/]: Registry entry listened Registry Entry [minecraft:item / fossil:bone_foot_allosaurus] was not realized!
[01Sep2026 01:04:30.414] [main/WARN] [dev.architectury.registry.registries.forge.RegistrarManagerImpl/]: Registry entry listened Registry Entry [minecraft:item / fossil:cooked_titanis] was not realized!
[01Sep2026 01:04:30.414] [main/WARN] [dev.architectury.registry.registries.forge.RegistrarManagerImpl/]: Registry entry listened Registry Entry [minecraft:item / fossil:bone_foot_diplodocus] was not realized!
[01Sep2026 01:04:30.414] [main/WARN] [dev.architectury.registry.registries.forge.RegistrarManagerImpl/]: Registry entry listened Registry Entry [minecraft:item / fossil:meat_pachycephalosaurus] was not realized!
[01Sep2026 01:04:30.414] [main/WARN] [dev.architectury.registry.registries.forge.RegistrarManagerImpl/]: Registry entry listened Registry Entry [minecraft:item / fossil:cooked_plesiosaurus] was not realized!
[01Sep2026 01:04:30.414] [main/WARN] [dev.architectury.registry.registries.forge.RegistrarManagerImpl/]: Registry entry listened Registry Entry [minecraft:item / fossil:bone_tail_mosasaurus] was not realized!
[01Sep2026 01:04:30.414] [main/WARN] [dev.architectury.registry.registries.forge.RegistrarManagerImpl/]: Registry entry listened Registry Entry [minecraft:item / fossil:egg_item_scotoharpes] was not realized!
[01Sep2026 01:04:30.414] [main/WARN] [dev.architectury.registry.registries.forge.RegistrarManagerImpl/]: Registry entry listened Registry Entry [minecraft:item / fossil:ocelot_dna] was not realized!
[01Sep2026 01:04:30.414] [main/WARN] [dev.architectury.registry.registries.forge.RegistrarManagerImpl/]: Registry entry listened Registry Entry [minecraft:item / fossil:bone_ribcage_postosuchus] was not realized!
[01Sep2026 01:04:30.414] [main/WARN] [dev.architectury.registry.registries.forge.RegistrarManagerImpl/]: Registry entry listened Registry Entry [minecraft:item / fossil:bone_tail_megalania] was not realized!
[01Sep2026 01:04:30.414] [main/WARN] [dev.architectury.registry.registries.forge.RegistrarManagerImpl/]: Registry entry listened Registry Entry [minecraft:item / fossil:tropical_fish_dna] was not realized!
[01Sep2026 01:04:30.414] [main/WARN] [dev.architectury.registry.registries.forge.RegistrarManagerImpl/]: Registry entry listened Registry Entry [minecraft:item / fossil:platybelodon_dna] was not realized!
[01Sep2026 01:04:30.414] [main/WARN] [dev.architectury.registry.registries.forge.RegistrarManagerImpl/]: Registry entry listened Registry Entry [minecraft:item / fossil:bone_skull_titanis] was not realized!
[01Sep2026 01:04:30.414] [main/WARN] [dev.architectury.registry.registries.forge.RegistrarManagerImpl/]: Registry entry listened Registry Entry [minecraft:item / fossil:egg_item_ceratosaurus] was not realized!
[01Sep2026 01:04:30.414] [main/WARN] [dev.architectury.registry.registries.forge.RegistrarManagerImpl/]: Registry entry listened Registry Entry [minecraft:item / fossil:egg_item_psittacosaurus] was not realized!
[01Sep2026 01:04:30.414] [main/WARN] [dev.architectury.registry.registries.forge.RegistrarManagerImpl/]: Registry entry listened Registry Entry [minecraft:item / fossil:bone_unique_spinosaurus] was not realized!
[01Sep2026 01:04:30.414] [main/WARN] [dev.architectury.registry.registries.forge.RegistrarManagerImpl/]: Registry entry listened Registry Entry [minecraft:item / fossil:egg_item_axolotl] was not realized!
[01Sep2026 01:04:30.414] [main/WARN] [dev.architectury.registry.registries.forge.RegistrarManagerImpl/]: Registry entry listened Registry Entry [minecraft:item / fossil:bone_tail_ichthyosaurus] was not realized!
[01Sep2026 01:04:30.414] [main/WARN] [dev.architectury.registry.registries.forge.RegistrarManagerImpl/]: Registry entry listened Registry Entry [minecraft:item / fossil:syringe_llama] was not realized!
[01Sep2026 01:04:30.414] [main/WARN] [dev.architectury.registry.registries.forge.RegistrarManagerImpl/]: Registry entry listened Registry Entry [minecraft:item / fossil:bone_unique_dodo] was not realized!
[01Sep2026 01:04:30.414] [main/WARN] [dev.architectury.registry.registries.forge.RegistrarManagerImpl/]: Registry entry listened Registry Entry [minecraft:item / fossil:bone_unique_mosasaurus] was not realized!
[01Sep2026 01:04:30.414] [main/WARN] [dev.architectury.registry.registries.forge.RegistrarManagerImpl/]: Registry entry listened Registry Entry [minecraft:item / fossil:cooked_scotoharpes] was not realized!
[01Sep2026 01:04:30.414] [main/WARN] [dev.architectury.registry.registries.forge.RegistrarManagerImpl/]: Registry entry listened Registry Entry [minecraft:item / fossil:meat_stegosaurus] was not realized!
[01Sep2026 01:04:30.414] [main/WARN] [dev.architectury.registry.registries.forge.RegistrarManagerImpl/]: Registry entry listened Registry Entry [minecraft:item / fossil:meat_mosasaurus] was not realized!
[01Sep2026 01:04:30.414] [main/WARN] [dev.architectury.registry.registries.forge.RegistrarManagerImpl/]: Registry entry listened Registry Entry [minecraft:item / fossil:bone_tail_velociraptor] was not realized!
[01Sep2026 01:04:30.414] [main/WARN] [dev.architectury.registry.registries.forge.RegistrarManagerImpl/]: Registry entry listened Registry Entry [minecraft:item / fossil:bone_vertebrae_pteranodon] was not realized!
[01Sep2026 01:04:30.414] [main/WARN] [dev.architectury.registry.registries.forge.RegistrarManagerImpl/]: Registry entry listened Registry Entry [minecraft:item / fossil:spawn_egg_aquilolamna] was not realized!
[01Sep2026 01:04:30.414] [main/WARN] [dev.architectury.registry.registries.forge.RegistrarManagerImpl/]: Registry entry listened Registry Entry [minecraft:item / fossil:bone_vertebrae_titanis] was not realized!
[01Sep2026 01:04:30.415] [main/WARN] [dev.architectury.registry.registries.forge.RegistrarManagerImpl/]: Registry entry listened Registry Entry [minecraft:item / fossil:cooked_dodo] was not realized!
[01Sep2026 01:04:30.415] [main/WARN] [dev.architectury.registry.registries.forge.RegistrarManagerImpl/]: Registry entry listened Registry Entry [minecraft:item / fossil:bone_vertebrae_diplodocus] was not realized!
[01Sep2026 01:04:30.415] [main/WARN] [dev.architectury.registry.registries.forge.RegistrarManagerImpl/]: Registry entry listened Registry Entry [minecraft:item / fossil:spawn_egg_coelacanth] was not realized!
[01Sep2026 01:04:30.415] [main/WARN] [dev.architectury.registry.registries.forge.RegistrarManagerImpl/]: Registry entry listened Registry Entry [minecraft:item / fossil:bone_ribcage_spinosaurus] was not realized!
[01Sep2026 01:04:30.415] [main/WARN] [dev.architectury.registry.registries.forge.RegistrarManagerImpl/]: Registry entry listened Registry Entry [minecraft:item / fossil:bone_vertebrae_dilophosaurus] was not realized!
[01Sep2026 01:04:30.415] [main/WARN] [dev.architectury.registry.registries.forge.RegistrarManagerImpl/]: Registry entry listened Registry Entry [minecraft:item / fossil:bone_vertebrae_liopleurodon] was not realized!
[01Sep2026 01:04:30.415] [main/WARN] [dev.architectury.registry.registries.forge.RegistrarManagerImpl/]: Registry entry listened Registry Entry [minecraft:item / fossil:bone_foot_liopleurodon] was not realized!
[01Sep2026 01:04:30.415] [main/WARN] [dev.architectury.registry.registries.forge.RegistrarManagerImpl/]: Registry entry listened Registry Entry [minecraft:item / fossil:egg_item_dimetrodon] was not realized!
[01Sep2026 01:04:30.415] [main/WARN] [dev.architectury.registry.registries.forge.RegistrarManagerImpl/]: Registry entry listened Registry Entry [minecraft:item / fossil:spawn_egg_nautilus] was not realized!
[01Sep2026 01:04:30.415] [main/WARN] [dev.architectury.registry.registries.forge.RegistrarManagerImpl/]: Registry entry listened Registry Entry [minecraft:item / fossil:syringe_bat] was not realized!
[01Sep2026 01:04:30.415] [main/WARN] [dev.architectury.registry.registries.forge.RegistrarManagerImpl/]: Registry entry listened Registry Entry [minecraft:item / fossil:bone_foot_plesiosaurus] was not realized!
[01Sep2026 01:04:30.415] [main/WARN] [dev.architectury.registry.registries.forge.RegistrarManagerImpl/]: Registry entry listened Registry Entry [minecraft:item / fossil:spawn_egg_dryosaurus] was not realized!
[01Sep2026 01:04:30.415] [main/WARN] [dev.architectury.registry.registries.forge.RegistrarManagerImpl/]: Registry entry listened Registry Entry [minecraft:item / fossil:cooked_henodus] was not realized!
[01Sep2026 01:04:30.415] [main/WARN] [dev.architectury.registry.registries.forge.RegistrarManagerImpl/]: Registry entry listened Registry Entry [minecraft:item / fossil:bone_foot_brachiosaurus] was not realized!
[01Sep2026 01:04:30.415] [main/WARN] [dev.architectury.registry.registries.forge.RegistrarManagerImpl/]: Registry entry listened Registry Entry [minecraft:item / fossil:scotoharpes_dna] was not realized!
[01Sep2026 01:04:30.415] [main/WARN] [dev.architectury.registry.registries.forge.RegistrarManagerImpl/]: Registry entry listened Registry Entry [minecraft:item / fossil:cooked_ornitholestes] was not realized!
[01Sep2026 01:04:30.415] [main/WARN] [dev.architectury.registry.registries.forge.RegistrarManagerImpl/]: Registry entry listened Registry Entry [minecraft:item / fossil:cooked_dimetrodon] was not realized!
[01Sep2026 01:04:30.415] [main/WARN] [dev.architectury.registry.registries.forge.RegistrarManagerImpl/]: Registry entry listened Registry Entry [minecraft:item / fossil:bone_leg_plesiosaurus] was not realized!
[01Sep2026 01:04:30.415] [main/WARN] [dev.architectury.registry.registries.forge.RegistrarManagerImpl/]: Registry entry listened Registry Entry [minecraft:item / fossil:meat_quetzalcoatlus] was not realized!
[01Sep2026 01:04:30.415] [main/WARN] [dev.architectury.registry.registries.forge.RegistrarManagerImpl/]: Registry entry listened Registry Entry [minecraft:item / fossil:bone_foot_therizinosaurus] was not realized!
[01Sep2026 01:04:30.415] [main/WARN] [dev.architectury.registry.registries.forge.RegistrarManagerImpl/]: Registry entry listened Registry Entry [minecraft:item / fossil:bone_tail_gastornis] was not realized!
[01Sep2026 01:04:30.415] [main/WARN] [dev.architectury.registry.registries.forge.RegistrarManagerImpl/]: Registry entry listened Registry Entry [minecraft:item / fossil:bone_vertebrae_triceratops] was not realized!
[01Sep2026 01:04:30.415] [main/WARN] [dev.architectury.registry.registries.forge.RegistrarManagerImpl/]: Registry entry listened Registry Entry [minecraft:item / fossil:bone_ribcage_protoceratops] was not realized!
[01Sep2026 01:04:30.415] [main/WARN] [dev.architectury.registry.registries.forge.RegistrarManagerImpl/]: Registry entry listened Registry Entry [minecraft:item / fossil:syringe_hoglin] was not realized!
[01Sep2026 01:04:30.415] [main/WARN] [dev.architectury.registry.registries.forge.RegistrarManagerImpl/]: Registry entry listened Registry Entry [minecraft:item / fossil:ornitholestes_dna] was not realized!
[01Sep2026 01:04:30.415] [main/WARN] [dev.architectury.registry.registries.forge.RegistrarManagerImpl/]: Registry entry listened Registry Entry [minecraft:item / fossil:bone_leg_smilodon] was not realized!
[01Sep2026 01:04:30.415] [main/WARN] [dev.architectury.registry.registries.forge.RegistrarManagerImpl/]: Registry entry listened Registry Entry [minecraft:item / fossil:cooked_dimorphodon] was not realized!
[01Sep2026 01:04:30.415] [main/WARN] [dev.architectury.registry.registries.forge.RegistrarManagerImpl/]: Registry entry listened Registry Entry [minecraft:item / fossil:spawn_egg_compsognathus] was not realized!
[01Sep2026 01:04:30.415] [main/WARN] [dev.architectury.registry.registries.forge.RegistrarManagerImpl/]: Registry entry listened Registry Entry [minecraft:item / fossil:bone_arm_dimetrodon] was not realized!
[01Sep2026 01:04:30.415] [main/WARN] [dev.architectury.registry.registries.forge.RegistrarManagerImpl/]: Registry entry listened Registry Entry [minecraft:item / fossil:meat_dimorphodon] was not realized!
[01Sep2026 01:04:30.415] [main/WARN] [dev.architectury.registry.registries.forge.RegistrarManagerImpl/]: Registry entry listened Registry Entry [minecraft:item / fossil:brachiosaurus_dna] was not realized!
[01Sep2026 01:04:30.415] [main/WARN] [dev.architectury.registry.registries.forge.RegistrarManagerImpl/]: Registry entry listened Registry Entry [minecraft:item / fossil:egg_item_squid] was not realized!
[01Sep2026 01:04:30.415] [main/WARN] [dev.architectury.registry.registries.forge.RegistrarManagerImpl/]: Registry entry listened Registry Entry [minecraft:item / fossil:meat_pachyrhinosaurus] was not realized!
[01Sep2026 01:04:30.415] [main/WARN] [dev.architectury.registry.registries.forge.RegistrarManagerImpl/]: Registry entry listened Registry Entry [minecraft:item / fossil:bone_arm_megaloceros] was not realized!
[01Sep2026 01:04:30.415] [main/WARN] [dev.architectury.registry.registries.forge.RegistrarManagerImpl/]: Registry entry listened Registry Entry [minecraft:item / fossil:bone_skull_protoceratops] was not realized!
[01Sep2026 01:04:30.415] [main/WARN] [dev.architectury.registry.registries.forge.RegistrarManagerImpl/]: Registry entry listened Registry Entry [minecraft:item / fossil:dimorphodon_dna] was not realized!
[01Sep2026 01:04:30.415] [main/WARN] [dev.architectury.registry.registries.forge.RegistrarManagerImpl/]: Registry entry listened Registry Entry [minecraft:item / fossil:bone_skull_gallimimus] was not realized!
[01Sep2026 01:04:30.415] [main/WARN] [dev.architectury.registry.registries.forge.RegistrarManagerImpl/]: Registry entry listened Registry Entry [minecraft:item / fossil:spawn_egg_tiktaalik] was not realized!
[01Sep2026 01:04:30.415] [main/WARN] [dev.architectury.registry.registries.forge.RegistrarManagerImpl/]: Registry entry listened Registry Entry [minecraft:item / fossil:bone_vertebrae_stegosaurus] was not realized!
[01Sep2026 01:04:30.415] [main/WARN] [dev.architectury.registry.registries.forge.RegistrarManagerImpl/]: Registry entry listened Registry Entry [minecraft:item / fossil:spawn_egg_allosaurus] was not realized!
[01Sep2026 01:04:30.415] [main/WARN] [dev.architectury.registry.registries.forge.RegistrarManagerImpl/]: Registry entry listened Registry Entry [minecraft:item / fossil:syringe_horse] was not realized!
[01Sep2026 01:04:30.415] [main/WARN] [dev.architectury.registry.registries.forge.RegistrarManagerImpl/]: Registry entry listened Registry Entry [minecraft:item / fossil:bone_vertebrae_dryosaurus] was not realized!
[01Sep2026 01:04:30.415] [main/WARN] [dev.architectury.registry.registries.forge.RegistrarManagerImpl/]: Registry entry listened Registry Entry [minecraft:item / fossil:spawn_egg_citipati] was not realized!
[01Sep2026 01:04:30.415] [main/WARN] [dev.architectury.registry.registries.forge.RegistrarManagerImpl/]: Registry entry listened Registry Entry [minecraft:item / fossil:compsognathus_dna] was not realized!
[01Sep2026 01:04:30.415] [main/WARN] [dev.architectury.registry.registries.forge.RegistrarManagerImpl/]: Registry entry listened Registry Entry [minecraft:item / fossil:bone_arm_quagga] was not realized!
[01Sep2026 01:04:30.415] [main/WARN] [dev.architectury.registry.registries.forge.RegistrarManagerImpl/]: Registry entry listened Registry Entry [minecraft:item / fossil:bone_tail_platybelodon] was not realized!
[01Sep2026 01:04:30.415] [main/WARN] [dev.architectury.registry.registries.forge.RegistrarManagerImpl/]: Registry entry listened Registry Entry [minecraft:item / fossil:syringe_strider] was not realized!
[01Sep2026 01:04:30.415] [main/WARN] [dev.architectury.registry.registries.forge.RegistrarManagerImpl/]: Registry entry listened Registry Entry [minecraft:item / fossil:bone_foot_gastornis] was not realized!
[01Sep2026 01:04:30.415] [main/WARN] [dev.architectury.registry.registries.forge.RegistrarManagerImpl/]: Registry entry listened Registry Entry [minecraft:item / fossil:spawn_egg_walliserops] was not realized!
[01Sep2026 01:04:30.415] [main/WARN] [dev.architectury.registry.registries.forge.RegistrarManagerImpl/]: Registry entry listened Registry Entry [minecraft:item / fossil:squid_dna] was not realized!
[01Sep2026 01:04:30.415] [main/WARN] [dev.architectury.registry.registries.forge.RegistrarManagerImpl/]: Registry entry listened Registry Entry [minecraft:item / fossil:bone_arm_ankylosaurus] was not realized!
[01Sep2026 01:04:30.415] [main/WARN] [dev.architectury.registry.registries.forge.RegistrarManagerImpl/]: Registry entry listened Registry Entry [minecraft:item / fossil:bone_skull_smilodon] was not realized!
[01Sep2026 01:04:30.415] [main/WARN] [dev.architectury.registry.registries.forge.RegistrarManagerImpl/]: Registry entry listened Registry Entry [minecraft:item / fossil:egg_item_citipati] was not realized!
[01Sep2026 01:04:30.415] [main/WARN] [dev.architectury.registry.registries.forge.RegistrarManagerImpl/]: Registry entry listened Registry Entry [minecraft:item / fossil:mosasaurus_dna] was not realized!
[01Sep2026 01:04:30.415] [main/WARN] [dev.architectury.registry.registries.forge.RegistrarManagerImpl/]: Registry entry listened Registry Entry [minecraft:item / fossil:egg_item_dimorphodon] was not realized!
[01Sep2026 01:04:30.415] [main/WARN] [dev.architectury.registry.registries.forge.RegistrarManagerImpl/]: Registry entry listened Registry Entry [minecraft:item / fossil:bone_skull_parasaurolophus] was not realized!
[01Sep2026 01:04:30.415] [main/WARN] [dev.architectury.registry.registries.forge.RegistrarManagerImpl/]: Registry entry listened Registry Entry [minecraft:item / fossil:bone_unique_tyrannosaurus] was not realized!
[01Sep2026 01:04:30.415] [main/WARN] [dev.architectury.registry.registries.forge.RegistrarManagerImpl/]: Registry entry listened Registry Entry [minecraft:item / fossil:bone_vertebrae_compsognathus] was not realized!
[01Sep2026 01:04:30.415] [main/WARN] [dev.architectury.registry.registries.forge.RegistrarManagerImpl/]: Registry entry listened Registry Entry [minecraft:item / fossil:bone_arm_gastornis] was not realized!
[01Sep2026 01:04:30.415] [main/WARN] [dev.architectury.registry.registries.forge.RegistrarManagerImpl/]: Registry entry listened Registry Entry [minecraft:item / fossil:plesiosaurus_dna] was not realized!
[01Sep2026 01:04:30.415] [main/WARN] [dev.architectury.registry.registries.forge.RegistrarManagerImpl/]: Registry entry listened Registry Entry [minecraft:item / fossil:cooked_pachycephalosaurus] was not realized!
[01Sep2026 01:04:30.415] [main/WARN] [dev.architectury.registry.registries.forge.RegistrarManagerImpl/]: Registry entry listened Registry Entry [minecraft:item / fossil:bone_leg_spinosaurus] was not realized!
[01Sep2026 01:04:30.415] [main/WARN] [dev.architectury.registry.registries.forge.RegistrarManagerImpl/]: Registry entry listened Registry Entry [minecraft:item / fossil:meat_sturgeon] was not realized!
[01Sep2026 01:04:30.415] [main/WARN] [dev.architectury.registry.registries.forge.RegistrarManagerImpl/]: Registry entry listened Registry Entry [minecraft:item / fossil:bone_skull_liopleurodon] was not realized!
[01Sep2026 01:04:30.415] [main/WARN] [dev.architectury.registry.registries.forge.RegistrarManagerImpl/]: Registry entry listened Registry Entry [minecraft:item / fossil:bone_unique_brachiosaurus] was not realized!
[01Sep2026 01:04:30.415] [main/WARN] [dev.architectury.registry.registries.forge.RegistrarManagerImpl/]: Registry entry listened Registry Entry [minecraft:item / fossil:bone_arm_postosuchus] was not realized!
[01Sep2026 01:04:30.415] [main/WARN] [dev.architectury.registry.registries.forge.RegistrarManagerImpl/]: Registry entry listened Registry Entry [minecraft:item / fossil:spawn_egg_crassigyrinus] was not realized!
[01Sep2026 01:04:30.415] [main/WARN] [dev.architectury.registry.registries.forge.RegistrarManagerImpl/]: Registry entry listened Registry Entry [minecraft:item / fossil:egg_item_gastornis] was not realized!
[01Sep2026 01:04:30.415] [main/WARN] [dev.architectury.registry.registries.forge.RegistrarManagerImpl/]: Registry entry listened Registry Entry [minecraft:item / fossil:meat_coelacanth] was not realized!
[01Sep2026 01:04:30.415] [main/WARN] [dev.architectury.registry.registries.forge.RegistrarManagerImpl/]: Registry entry listened Registry Entry [minecraft:item / fossil:meat_protoceratops] was not realized!
[01Sep2026 01:04:30.415] [main/WARN] [dev.architectury.registry.registries.forge.RegistrarManagerImpl/]: Registry entry listened Registry Entry [minecraft:item / fossil:bone_arm_psittacosaurus] was not realized!
[01Sep2026 01:04:30.415] [main/WARN] [dev.architectury.registry.registries.forge.RegistrarManagerImpl/]: Registry entry listened Registry Entry [minecraft:item / fossil:bone_tail_postosuchus] was not realized!
[01Sep2026 01:04:30.415] [main/WARN] [dev.architectury.registry.registries.forge.RegistrarManagerImpl/]: Registry entry listened Registry Entry [minecraft:item / fossil:cooked_tiktaalik] was not realized!
[01Sep2026 01:04:30.415] [main/WARN] [dev.architectury.registry.registries.forge.RegistrarManagerImpl/]: Registry entry listened Registry Entry [minecraft:item / fossil:bone_vertebrae_brachiosaurus] was not realized!
[01Sep2026 01:04:30.415] [main/WARN] [dev.architectury.registry.registries.forge.RegistrarManagerImpl/]: Registry entry listened Registry Entry [minecraft:item / fossil:bone_unique_parasaurolophus] was not realized!
[01Sep2026 01:04:30.415] [main/WARN] [dev.architectury.registry.registries.forge.RegistrarManagerImpl/]: Registry entry listened Registry Entry [minecraft:item / fossil:strider_dna] was not realized!
[01Sep2026 01:04:30.415] [main/WARN] [dev.architectury.registry.registries.forge.RegistrarManagerImpl/]: Registry entry listened Registry Entry [minecraft:item / fossil:bone_skull_ichthyosaurus] was not realized!
[01Sep2026 01:04:30.415] [main/WARN] [dev.architectury.registry.registries.forge.RegistrarManagerImpl/]: Registry entry listened Registry Entry [minecraft:item / fossil:bone_vertebrae_henodus] was not realized!
[01Sep2026 01:04:30.415] [main/WARN] [dev.architectury.registry.registries.forge.RegistrarManagerImpl/]: Registry entry listened Registry Entry [minecraft:item / fossil:egg_phorusrhacos] was not realized!
[01Sep2026 01:04:30.415] [main/WARN] [dev.architectury.registry.registries.forge.RegistrarManagerImpl/]: Registry entry listened Registry Entry [minecraft:item / fossil:bone_leg_crassigyrinus] was not realized!
[01Sep2026 01:04:30.415] [main/WARN] [dev.architectury.registry.registries.forge.RegistrarManagerImpl/]: Registry entry listened Registry Entry [minecraft:item / fossil:bone_foot_kelenken] was not realized!
[01Sep2026 01:04:30.415] [main/WARN] [dev.architectury.registry.registries.forge.RegistrarManagerImpl/]: Registry entry listened Registry Entry [minecraft:item / fossil:bone_unique_stegosaurus] was not realized!
[01Sep2026 01:04:30.415] [main/WARN] [dev.architectury.registry.registries.forge.RegistrarManagerImpl/]: Registry entry listened Registry Entry [minecraft:item / fossil:meat_dryosaurus] was not realized!
[01Sep2026 01:04:30.415] [main/WARN] [dev.architectury.registry.registries.forge.RegistrarManagerImpl/]: Registry entry listened Registry Entry [minecraft:item / fossil:spawn_egg_deinonychus] was not realized!
[01Sep2026 01:04:30.415] [main/WARN] [dev.architectury.registry.registries.forge.RegistrarManagerImpl/]: Registry entry listened Registry Entry [minecraft:item / fossil:crassigyrinus_dna] was not realized!
[01Sep2026 01:04:30.415] [main/WARN] [dev.architectury.registry.registries.forge.RegistrarManagerImpl/]: Registry entry listened Registry Entry [minecraft:item / fossil:bone_foot_quagga] was not realized!
[01Sep2026 01:04:30.415] [main/WARN] [dev.architectury.registry.registries.forge.RegistrarManagerImpl/]: Registry entry listened Registry Entry [minecraft:item / fossil:bone_unique_kelenken] was not realized!
[01Sep2026 01:04:30.415] [main/WARN] [dev.architectury.registry.registries.forge.RegistrarManagerImpl/]: Registry entry listened Registry Entry [minecraft:item / fossil:mooshroom_dna] was not realized!
[01Sep2026 01:04:30.415] [main/WARN] [dev.architectury.registry.registries.forge.RegistrarManagerImpl/]: Registry entry listened Registry Entry [minecraft:item / fossil:bone_tail_ceratosaurus] was not realized!
[01Sep2026 01:04:30.415] [main/WARN] [dev.architectury.registry.registries.forge.RegistrarManagerImpl/]: Registry entry listened Registry Entry [minecraft:item / fossil:cooked_tyrannosaurus] was not realized!
[01Sep2026 01:04:30.415] [main/WARN] [dev.architectury.registry.registries.forge.RegistrarManagerImpl/]: Registry entry listened Registry Entry [minecraft:item / fossil:goat_dna] was not realized!
[01Sep2026 01:04:30.415] [main/WARN] [dev.architectury.registry.registries.forge.RegistrarManagerImpl/]: Registry entry listened Registry Entry [minecraft:item / fossil:bone_tail_dimetrodon] was not realized!
[01Sep2026 01:04:30.416] [main/WARN] [dev.architectury.registry.registries.forge.RegistrarManagerImpl/]: Registry entry listened Registry Entry [minecraft:item / fossil:bone_skull_spinosaurus] was not realized!
[01Sep2026 01:04:30.416] [main/WARN] [dev.architectury.registry.registries.forge.RegistrarManagerImpl/]: Registry entry listened Registry Entry [minecraft:item / fossil:bone_foot_ornitholestes] was not realized!
[01Sep2026 01:04:30.416] [main/WARN] [dev.architectury.registry.registries.forge.RegistrarManagerImpl/]: Registry entry listened Registry Entry [minecraft:item / fossil:meat_parasaurolophus] was not realized!
[01Sep2026 01:04:30.416] [main/WARN] [dev.architectury.registry.registries.forge.RegistrarManagerImpl/]: Registry entry listened Registry Entry [minecraft:item / fossil:cooked_brachiosaurus] was not realized!
[01Sep2026 01:04:30.416] [main/WARN] [dev.architectury.registry.registries.forge.RegistrarManagerImpl/]: Registry entry listened Registry Entry [minecraft:item / fossil:cooked_smilodon] was not realized!
[01Sep2026 01:04:30.416] [main/WARN] [dev.architectury.registry.registries.forge.RegistrarManagerImpl/]: Registry entry listened Registry Entry [minecraft:item / fossil:bone_arm_plesiosaurus] was not realized!
[01Sep2026 01:04:30.416] [main/WARN] [dev.architectury.registry.registries.forge.RegistrarManagerImpl/]: Registry entry listened Registry Entry [minecraft:item / fossil:bone_foot_megalania] was not realized!
[01Sep2026 01:04:30.416] [main/WARN] [dev.architectury.registry.registries.forge.RegistrarManagerImpl/]: Registry entry listened Registry Entry [minecraft:item / fossil:egg_item_kelenken] was not realized!
[01Sep2026 01:04:30.416] [main/WARN] [dev.architectury.registry.registries.forge.RegistrarManagerImpl/]: Registry entry listened Registry Entry [minecraft:item / fossil:egg_item_alligator_gar] was not realized!
[01Sep2026 01:04:30.416] [main/WARN] [dev.architectury.registry.registries.forge.RegistrarManagerImpl/]: Registry entry listened Registry Entry [minecraft:item / fossil:spawn_egg_dilophosaurus] was not realized!
[01Sep2026 01:04:30.416] [main/WARN] [dev.architectury.registry.registries.forge.RegistrarManagerImpl/]: Registry entry listened Registry Entry [minecraft:item / fossil:meat_pteranodon] was not realized!
[01Sep2026 01:04:30.416] [main/WARN] [dev.architectury.registry.registries.forge.RegistrarManagerImpl/]: Registry entry listened Registry Entry [minecraft:item / fossil:bone_foot_tyrannosaurus] was not realized!
[01Sep2026 01:04:30.416] [main/WARN] [dev.architectury.registry.registries.forge.RegistrarManagerImpl/]: Registry entry listened Registry Entry [minecraft:item / fossil:cooked_meganeura] was not realized!
[01Sep2026 01:04:30.416] [main/WARN] [dev.architectury.registry.registries.forge.RegistrarManagerImpl/]: Registry entry listened Registry Entry [minecraft:item / fossil:allosaurus_dna] was not realized!
[01Sep2026 01:04:30.416] [main/WARN] [dev.architectury.registry.registries.forge.RegistrarManagerImpl/]: Registry entry listened Registry Entry [minecraft:item / fossil:bone_skull_therizinosaurus] was not realized!
[01Sep2026 01:04:30.416] [main/WARN] [dev.architectury.registry.registries.forge.RegistrarManagerImpl/]: Registry entry listened Registry Entry [minecraft:item / fossil:bone_ribcage_ichthyosaurus] was not realized!
[01Sep2026 01:04:30.416] [main/WARN] [dev.architectury.registry.registries.forge.RegistrarManagerImpl/]: Registry entry listened Registry Entry [minecraft:item / fossil:bone_foot_quetzalcoatlus] was not realized!
[01Sep2026 01:04:30.416] [main/WARN] [dev.architectury.registry.registries.forge.RegistrarManagerImpl/]: Registry entry listened Registry Entry [minecraft:item / fossil:syringe_camel] was not realized!
[01Sep2026 01:04:30.416] [main/WARN] [dev.architectury.registry.registries.forge.RegistrarManagerImpl/]: Registry entry listened Registry Entry [minecraft:item / fossil:bone_leg_tyrannosaurus] was not realized!
[01Sep2026 01:04:30.416] [main/WARN] [dev.architectury.registry.registries.forge.RegistrarManagerImpl/]: Registry entry listened Registry Entry [minecraft:item / fossil:cooked_quagga] was not realized!
[01Sep2026 01:04:30.416] [main/WARN] [dev.architectury.registry.registries.forge.RegistrarManagerImpl/]: Registry entry listened Registry Entry [minecraft:item / fossil:spawn_egg_ceratosaurus] was not realized!
[01Sep2026 01:04:30.416] [main/WARN] [dev.architectury.registry.registries.forge.RegistrarManagerImpl/]: Registry entry listened Registry Entry [minecraft:item / fossil:meganeura_dna] was not realized!
[01Sep2026 01:04:30.416] [main/WARN] [dev.architectury.registry.registries.forge.RegistrarManagerImpl/]: Registry entry listened Registry Entry [minecraft:item / fossil:bone_foot_compsognathus] was not realized!
[01Sep2026 01:04:30.416] [main/WARN] [dev.architectury.registry.registries.forge.RegistrarManagerImpl/]: Registry entry listened Registry Entry [minecraft:item / fossil:bone_vertebrae_crassigyrinus] was not realized!
[01Sep2026 01:04:30.416] [main/WARN] [dev.architectury.registry.registries.forge.RegistrarManagerImpl/]: Registry entry listened Registry Entry [minecraft:item / fossil:bone_arm_sarcosuchus] was not realized!
[01Sep2026 01:04:30.416] [main/WARN] [dev.architectury.registry.registries.forge.RegistrarManagerImpl/]: Registry entry listened Registry Entry [minecraft:item / fossil:egg_item_dodo] was not realized!
[01Sep2026 01:04:30.416] [main/WARN] [dev.architectury.registry.registries.forge.RegistrarManagerImpl/]: Registry entry listened Registry Entry [minecraft:item / fossil:egg_item_ornitholestes] was not realized!
[01Sep2026 01:04:30.416] [main/WARN] [dev.architectury.registry.registries.forge.RegistrarManagerImpl/]: Registry entry listened Registry Entry [minecraft:item / fossil:bone_arm_phorusrhacos] was not realized!
[01Sep2026 01:04:30.416] [main/WARN] [dev.architectury.registry.registries.forge.RegistrarManagerImpl/]: Registry entry listened Registry Entry [minecraft:item / fossil:bone_vertebrae_megaloceros] was not realized!
[01Sep2026 01:04:30.416] [main/WARN] [dev.architectury.registry.registries.forge.RegistrarManagerImpl/]: Registry entry listened Registry Entry [minecraft:item / fossil:bone_unique_phorusrhacos] was not realized!
[01Sep2026 01:04:30.416] [main/WARN] [dev.architectury.registry.registries.forge.RegistrarManagerImpl/]: Registry entry listened Registry Entry [minecraft:item / fossil:deinonychus_dna] was not realized!
[01Sep2026 01:04:30.416] [main/WARN] [dev.architectury.registry.registries.forge.RegistrarManagerImpl/]: Registry entry listened Registry Entry [minecraft:item / fossil:bone_skull_dimorphodon] was not realized!
[01Sep2026 01:04:30.416] [main/WARN] [dev.architectury.registry.registries.forge.RegistrarManagerImpl/]: Registry entry listened Registry Entry [minecraft:item / fossil:cooked_dicranurus] was not realized!
[01Sep2026 01:04:30.416] [main/WARN] [dev.architectury.registry.registries.forge.RegistrarManagerImpl/]: Registry entry listened Registry Entry [minecraft:item / fossil:cooked_ankylosaurus] was not realized!
[01Sep2026 01:04:30.416] [main/WARN] [dev.architectury.registry.registries.forge.RegistrarManagerImpl/]: Registry entry listened Registry Entry [minecraft:item / fossil:cooked_spinosaurus] was not realized!
[01Sep2026 01:04:30.416] [main/WARN] [dev.architectury.registry.registries.forge.RegistrarManagerImpl/]: Registry entry listened Registry Entry [minecraft:item / fossil:bone_vertebrae_mosasaurus] was not realized!
[01Sep2026 01:04:30.416] [main/WARN] [dev.architectury.registry.registries.forge.RegistrarManagerImpl/]: Registry entry listened Registry Entry [minecraft:item / fossil:meat_henodus] was not realized!
[01Sep2026 01:04:30.416] [main/WARN] [dev.architectury.registry.registries.forge.RegistrarManagerImpl/]: Registry entry listened Registry Entry [minecraft:item / fossil:bone_skull_velociraptor] was not realized!
[01Sep2026 01:04:30.416] [main/WARN] [dev.architectury.registry.registries.forge.RegistrarManagerImpl/]: Registry entry listened Registry Entry [minecraft:item / fossil:bone_vertebrae_gastornis] was not realized!
[01Sep2026 01:04:30.416] [main/WARN] [dev.architectury.registry.registries.forge.RegistrarManagerImpl/]: Registry entry listened Registry Entry [minecraft:item / fossil:egg_item_quetzalcoatlus] was not realized!
[01Sep2026 01:04:30.416] [main/WARN] [dev.architectury.registry.registries.forge.RegistrarManagerImpl/]: Registry entry listened Registry Entry [minecraft:item / fossil:therizinosaurus_dna] was not realized!
[01Sep2026 01:04:30.416] [main/WARN] [dev.architectury.registry.registries.forge.RegistrarManagerImpl/]: Registry entry listened Registry Entry [minecraft:item / fossil:bone_arm_quetzalcoatlus] was not realized!
[01Sep2026 01:04:30.416] [main/WARN] [dev.architectury.registry.registries.forge.RegistrarManagerImpl/]: Registry entry listened Registry Entry [minecraft:item / fossil:egg_item_stegosaurus] was not realized!
[01Sep2026 01:04:30.416] [main/WARN] [dev.architectury.registry.registries.forge.RegistrarManagerImpl/]: Registry entry listened Registry Entry [minecraft:item / fossil:bone_leg_pachycephalosaurus] was not realized!
[01Sep2026 01:04:30.416] [main/WARN] [dev.architectury.registry.registries.forge.RegistrarManagerImpl/]: Registry entry listened Registry Entry [minecraft:item / fossil:bone_unique_smilodon] was not realized!
[01Sep2026 01:04:30.416] [main/WARN] [dev.architectury.registry.registries.forge.RegistrarManagerImpl/]: Registry entry listened Registry Entry [minecraft:item / fossil:bone_unique_citipati] was not realized!
[01Sep2026 01:04:30.416] [main/WARN] [dev.architectury.registry.registries.forge.RegistrarManagerImpl/]: Registry entry listened Registry Entry [minecraft:item / fossil:egg_item_pachyrhinosaurus] was not realized!
[01Sep2026 01:04:30.416] [main/WARN] [dev.architectury.registry.registries.forge.RegistrarManagerImpl/]: Registry entry listened Registry Entry [minecraft:item / fossil:syringe_rabbit] was not realized!
[01Sep2026 01:04:30.416] [main/WARN] [dev.architectury.registry.registries.forge.RegistrarManagerImpl/]: Registry entry listened Registry Entry [minecraft:item / fossil:syringe_sheep] was not realized!
[01Sep2026 01:04:30.416] [main/WARN] [dev.architectury.registry.registries.forge.RegistrarManagerImpl/]: Registry entry listened Registry Entry [minecraft:item / fossil:egg_item_spinosaurus] was not realized!
[01Sep2026 01:04:30.416] [main/WARN] [dev.architectury.registry.registries.forge.RegistrarManagerImpl/]: Registry entry listened Registry Entry [minecraft:item / fossil:egg_item_protoceratops] was not realized!
[01Sep2026 01:04:30.416] [main/WARN] [dev.architectury.registry.registries.forge.RegistrarManagerImpl/]: Registry entry listened Registry Entry [minecraft:item / fossil:bone_skull_quagga] was not realized!
[01Sep2026 01:04:30.416] [main/WARN] [dev.architectury.registry.registries.forge.RegistrarManagerImpl/]: Registry entry listened Registry Entry [minecraft:item / fossil:egg_item_velociraptor] was not realized!
[01Sep2026 01:04:30.416] [main/WARN] [dev.architectury.registry.registries.forge.RegistrarManagerImpl/]: Registry entry listened Registry Entry [minecraft:item / fossil:bone_unique_diplodocus] was not realized!
[01Sep2026 01:04:30.416] [main/WARN] [dev.architectury.registry.registries.forge.RegistrarManagerImpl/]: Registry entry listened Registry Entry [minecraft:item / fossil:bucket_item_megalograptus] was not realized!
[01Sep2026 01:04:30.416] [main/WARN] [dev.architectury.registry.registries.forge.RegistrarManagerImpl/]: Registry entry listened Registry Entry [minecraft:item / fossil:bone_vertebrae_dimorphodon] was not realized!
[01Sep2026 01:04:30.416] [main/WARN] [dev.architectury.registry.registries.forge.RegistrarManagerImpl/]: Registry entry listened Registry Entry [minecraft:item / fossil:kelenken_dna] was not realized!
[01Sep2026 01:04:30.416] [main/WARN] [dev.architectury.registry.registries.forge.RegistrarManagerImpl/]: Registry entry listened Registry Entry [minecraft:item / fossil:egg_item_megalania] was not realized!
[01Sep2026 01:04:30.416] [main/WARN] [dev.architectury.registry.registries.forge.RegistrarManagerImpl/]: Registry entry listened Registry Entry [minecraft:item / fossil:spawn_egg_spinosaurus] was not realized!
[01Sep2026 01:04:30.416] [main/WARN] [dev.architectury.registry.registries.forge.RegistrarManagerImpl/]: Registry entry listened Registry Entry [minecraft:item / fossil:spawn_egg_mosasaurus] was not realized!
[01Sep2026 01:04:30.416] [main/WARN] [dev.architectury.registry.registries.forge.RegistrarManagerImpl/]: Registry entry listened Registry Entry [minecraft:item / fossil:pachyrhinosaurus_dna] was not realized!
[01Sep2026 01:04:30.416] [main/WARN] [dev.architectury.registry.registries.forge.RegistrarManagerImpl/]: Registry entry listened Registry Entry [minecraft:item / fossil:egg_item_arthropleura] was not realized!
[01Sep2026 01:04:30.416] [main/WARN] [dev.architectury.registry.registries.forge.RegistrarManagerImpl/]: Registry entry listened Registry Entry [minecraft:item / fossil:meat_spinosaurus] was not realized!
[01Sep2026 01:04:30.416] [main/WARN] [dev.architectury.registry.registries.forge.RegistrarManagerImpl/]: Registry entry listened Registry Entry [minecraft:item / fossil:bone_arm_triceratops] was not realized!
[01Sep2026 01:04:30.416] [main/WARN] [dev.architectury.registry.registries.forge.RegistrarManagerImpl/]: Registry entry listened Registry Entry [minecraft:item / fossil:syringe_fox] was not realized!
[01Sep2026 01:04:30.416] [main/WARN] [dev.architectury.registry.registries.forge.RegistrarManagerImpl/]: Registry entry listened Registry Entry [minecraft:item / fossil:cooked_confuciusornis] was not realized!
[01Sep2026 01:04:30.416] [main/WARN] [dev.architectury.registry.registries.forge.RegistrarManagerImpl/]: Registry entry listened Registry Entry [minecraft:item / fossil:bone_skull_citipati] was not realized!
[01Sep2026 01:04:30.416] [main/WARN] [dev.architectury.registry.registries.forge.RegistrarManagerImpl/]: Registry entry listened Registry Entry [minecraft:item / fossil:syringe_platybelodon] was not realized!
[01Sep2026 01:04:30.416] [main/WARN] [dev.architectury.registry.registries.forge.RegistrarManagerImpl/]: Registry entry listened Registry Entry [minecraft:item / fossil:spawn_egg_diplocaulus] was not realized!
[01Sep2026 01:04:30.416] [main/WARN] [dev.architectury.registry.registries.forge.RegistrarManagerImpl/]: Registry entry listened Registry Entry [minecraft:item / fossil:bone_ribcage_kelenken] was not realized!
[01Sep2026 01:04:30.416] [main/WARN] [dev.architectury.registry.registries.forge.RegistrarManagerImpl/]: Registry entry listened Registry Entry [minecraft:item / fossil:meat_deinonychus] was not realized!
[01Sep2026 01:04:30.416] [main/WARN] [dev.architectury.registry.registries.forge.RegistrarManagerImpl/]: Registry entry listened Registry Entry [minecraft:item / fossil:cooked_stegosaurus] was not realized!
[01Sep2026 01:04:30.416] [main/WARN] [dev.architectury.registry.registries.forge.RegistrarManagerImpl/]: Registry entry listened Registry Entry [minecraft:item / fossil:meat_alligator_gar] was not realized!
[01Sep2026 01:04:30.416] [main/WARN] [dev.architectury.registry.registries.forge.RegistrarManagerImpl/]: Registry entry listened Registry Entry [minecraft:item / fossil:bone_arm_tyrannosaurus] was not realized!
[01Sep2026 01:04:30.416] [main/WARN] [dev.architectury.registry.registries.forge.RegistrarManagerImpl/]: Registry entry listened Registry Entry [minecraft:item / fossil:henodus_dna] was not realized!
[01Sep2026 01:04:30.416] [main/WARN] [dev.architectury.registry.registries.forge.RegistrarManagerImpl/]: Registry entry listened Registry Entry [minecraft:item / fossil:bone_unique_ceratosaurus] was not realized!
[01Sep2026 01:04:30.416] [main/WARN] [dev.architectury.registry.registries.forge.RegistrarManagerImpl/]: Registry entry listened Registry Entry [minecraft:item / fossil:bone_skull_megaloceros] was not realized!
[01Sep2026 01:04:30.416] [main/WARN] [dev.architectury.registry.registries.forge.RegistrarManagerImpl/]: Registry entry listened Registry Entry [minecraft:item / fossil:bone_ribcage_plesiosaurus] was not realized!
[01Sep2026 01:04:30.416] [main/WARN] [dev.architectury.registry.registries.forge.RegistrarManagerImpl/]: Registry entry listened Registry Entry [minecraft:item / fossil:syringe_wolf] was not realized!
[01Sep2026 01:04:30.416] [main/WARN] [dev.architectury.registry.registries.forge.RegistrarManagerImpl/]: Registry entry listened Registry Entry [minecraft:item / fossil:bone_vertebrae_diplocaulus] was not realized!
[01Sep2026 01:04:30.416] [main/WARN] [dev.architectury.registry.registries.forge.RegistrarManagerImpl/]: Registry entry listened Registry Entry [minecraft:item / fossil:spawn_egg_megaloceros] was not realized!
[01Sep2026 01:04:30.416] [main/WARN] [dev.architectury.registry.registries.forge.RegistrarManagerImpl/]: Registry entry listened Registry Entry [minecraft:item / fossil:bone_vertebrae_tyrannosaurus] was not realized!
[01Sep2026 01:04:30.417] [main/WARN] [dev.architectury.registry.registries.forge.RegistrarManagerImpl/]: Registry entry listened Registry Entry [minecraft:item / fossil:glow_squid_dna] was not realized!
[01Sep2026 01:04:30.417] [main/WARN] [dev.architectury.registry.registries.forge.RegistrarManagerImpl/]: Registry entry listened Registry Entry [minecraft:item / fossil:spawn_egg_plesiosaurus] was not realized!
[01Sep2026 01:04:30.417] [main/WARN] [dev.architectury.registry.registries.forge.RegistrarManagerImpl/]: Registry entry listened Registry Entry [minecraft:item / fossil:syringe_goat] was not realized!
[01Sep2026 01:04:30.417] [main/WARN] [dev.architectury.registry.registries.forge.RegistrarManagerImpl/]: Registry entry listened Registry Entry [minecraft:item / fossil:meat_mammoth] was not realized!
[01Sep2026 01:04:30.417] [main/WARN] [dev.architectury.registry.registries.forge.RegistrarManagerImpl/]: Registry entry listened Registry Entry [minecraft:item / fossil:syringe_polar_bear] was not realized!
[01Sep2026 01:04:30.417] [main/WARN] [dev.architectury.registry.registries.forge.RegistrarManagerImpl/]: Registry entry listened Registry Entry [minecraft:item / fossil:spawn_egg_phorusrhacos] was not realized!
[01Sep2026 01:04:30.417] [main/WARN] [dev.architectury.registry.registries.forge.RegistrarManagerImpl/]: Registry entry listened Registry Entry [minecraft:item / fossil:meat_ichthyosaurus] was not realized!
[01Sep2026 01:04:30.417] [main/WARN] [dev.architectury.registry.registries.forge.RegistrarManagerImpl/]: Registry entry listened Registry Entry [minecraft:item / fossil:bone_leg_phorusrhacos] was not realized!
[01Sep2026 01:04:30.417] [main/WARN] [dev.architectury.registry.registries.forge.RegistrarManagerImpl/]: Registry entry listened Registry Entry [minecraft:item / fossil:bone_leg_diplocaulus] was not realized!
[01Sep2026 01:04:30.417] [main/WARN] [dev.architectury.registry.registries.forge.RegistrarManagerImpl/]: Registry entry listened Registry Entry [minecraft:item / fossil:bone_vertebrae_megalania] was not realized!
[01Sep2026 01:04:30.417] [main/WARN] [dev.architectury.registry.registries.forge.RegistrarManagerImpl/]: Registry entry listened Registry Entry [minecraft:item / fossil:bone_foot_postosuchus] was not realized!
[01Sep2026 01:04:30.417] [main/WARN] [dev.architectury.registry.registries.forge.RegistrarManagerImpl/]: Registry entry listened Registry Entry [minecraft:item / fossil:bone_arm_edaphosaurus] was not realized!
[01Sep2026 01:04:30.417] [main/WARN] [dev.architectury.registry.registries.forge.RegistrarManagerImpl/]: Registry entry listened Registry Entry [minecraft:item / fossil:bone_ribcage_citipati] was not realized!
[01Sep2026 01:04:30.417] [main/WARN] [dev.architectury.registry.registries.forge.RegistrarManagerImpl/]: Registry entry listened Registry Entry [minecraft:item / fossil:titanis_dna] was not realized!
[01Sep2026 01:04:30.417] [main/WARN] [dev.architectury.registry.registries.forge.RegistrarManagerImpl/]: Registry entry listened Registry Entry [minecraft:item / fossil:spawn_egg_brachiosaurus] was not realized!
[01Sep2026 01:04:30.417] [main/WARN] [dev.architectury.registry.registries.forge.RegistrarManagerImpl/]: Registry entry listened Registry Entry [minecraft:item / fossil:bone_vertebrae_platybelodon] was not realized!
[01Sep2026 01:04:30.417] [main/WARN] [dev.architectury.registry.registries.forge.RegistrarManagerImpl/]: Registry entry listened Registry Entry [minecraft:item / fossil:bone_leg_megaloceros] was not realized!
[01Sep2026 01:04:30.417] [main/WARN] [dev.architectury.registry.registries.forge.RegistrarManagerImpl/]: Registry entry listened Registry Entry [minecraft:item / fossil:smilodon_dna] was not realized!
[01Sep2026 01:04:30.417] [main/WARN] [dev.architectury.registry.registries.forge.RegistrarManagerImpl/]: Registry entry listened Registry Entry [minecraft:item / fossil:bone_ribcage_allosaurus] was not realized!
[01Sep2026 01:04:30.417] [main/WARN] [dev.architectury.registry.registries.forge.RegistrarManagerImpl/]: Registry entry listened Registry Entry [minecraft:item / fossil:bone_ribcage_phorusrhacos] was not realized!
[01Sep2026 01:04:30.417] [main/WARN] [dev.architectury.registry.registries.forge.RegistrarManagerImpl/]: Registry entry listened Registry Entry [minecraft:item / fossil:spawn_egg_megalograptus] was not realized!
[01Sep2026 01:04:30.417] [main/WARN] [dev.architectury.registry.registries.forge.RegistrarManagerImpl/]: Registry entry listened Registry Entry [minecraft:item / fossil:bone_tail_citipati] was not realized!
[01Sep2026 01:04:30.417] [main/WARN] [dev.architectury.registry.registries.forge.RegistrarManagerImpl/]: Registry entry listened Registry Entry [minecraft:item / fossil:mammoth_dna] was not realized!
[01Sep2026 01:04:30.417] [main/WARN] [dev.architectury.registry.registries.forge.RegistrarManagerImpl/]: Registry entry listened Registry Entry [minecraft:item / fossil:bone_tail_smilodon] was not realized!
[01Sep2026 01:04:30.417] [main/WARN] [dev.architectury.registry.registries.forge.RegistrarManagerImpl/]: Registry entry listened Registry Entry [minecraft:item / fossil:bone_unique_plesiosaurus] was not realized!
[01Sep2026 01:04:30.417] [main/WARN] [dev.architectury.registry.registries.forge.RegistrarManagerImpl/]: Registry entry listened Registry Entry [minecraft:item / fossil:bone_tail_psittacosaurus] was not realized!
[01Sep2026 01:04:30.417] [main/WARN] [dev.architectury.registry.registries.forge.RegistrarManagerImpl/]: Registry entry listened Registry Entry [minecraft:item / fossil:bone_ribcage_smilodon] was not realized!
[01Sep2026 01:04:30.417] [main/WARN] [dev.architectury.registry.registries.forge.RegistrarManagerImpl/]: Registry entry listened Registry Entry [minecraft:item / fossil:bone_arm_brachiosaurus] was not realized!
[01Sep2026 01:04:30.417] [main/WARN] [dev.architectury.registry.registries.forge.RegistrarManagerImpl/]: Registry entry listened Registry Entry [minecraft:item / fossil:bone_unique_pteranodon] was not realized!
[01Sep2026 01:04:30.417] [main/WARN] [dev.architectury.registry.registries.forge.RegistrarManagerImpl/]: Registry entry listened Registry Entry [minecraft:item / fossil:meat_ankylosaurus] was not realized!
[01Sep2026 01:04:30.417] [main/WARN] [dev.architectury.registry.registries.forge.RegistrarManagerImpl/]: Registry entry listened Registry Entry [minecraft:item / fossil:bone_ribcage_gallimimus] was not realized!
[01Sep2026 01:04:30.417] [main/WARN] [dev.architectury.registry.registries.forge.RegistrarManagerImpl/]: Registry entry listened Registry Entry [minecraft:item / fossil:bone_skull_kelenken] was not realized!
[01Sep2026 01:04:30.417] [main/WARN] [dev.architectury.registry.registries.forge.RegistrarManagerImpl/]: Registry entry listened Registry Entry [minecraft:item / fossil:bone_foot_crassigyrinus] was not realized!
[01Sep2026 01:04:30.417] [main/WARN] [dev.architectury.registry.registries.forge.RegistrarManagerImpl/]: Registry entry listened Registry Entry [minecraft:item / fossil:bone_unique_dilophosaurus] was not realized!
[01Sep2026 01:04:30.417] [main/WARN] [dev.architectury.registry.registries.forge.RegistrarManagerImpl/]: Registry entry listened Registry Entry [minecraft:item / fossil:bone_vertebrae_velociraptor] was not realized!
[01Sep2026 01:04:30.417] [main/WARN] [dev.architectury.registry.registries.forge.RegistrarManagerImpl/]: Registry entry listened Registry Entry [minecraft:item / fossil:bone_tail_diplodocus] was not realized!
[01Sep2026 01:04:30.417] [main/WARN] [dev.architectury.registry.registries.forge.RegistrarManagerImpl/]: Registry entry listened Registry Entry [minecraft:item / fossil:bone_leg_brachiosaurus] was not realized!
[01Sep2026 01:04:30.417] [main/WARN] [dev.architectury.registry.registries.forge.RegistrarManagerImpl/]: Registry entry listened Registry Entry [minecraft:item / fossil:meat_psittacosaurus] was not realized!
[01Sep2026 01:04:30.574] [main/INFO] [Moonlight/]: Initialized block sets in 15ms
[01Sep2026 01:04:30.659] [main/WARN] [dev.architectury.registry.registries.forge.RegistrarManagerImpl/]: Registry entry listened Registry Entry [minecraft:entity_type / fossil:platybelodon] was not realized!
[01Sep2026 01:04:30.660] [main/WARN] [dev.architectury.registry.registries.forge.RegistrarManagerImpl/]: Registry entry listened Registry Entry [minecraft:entity_type / fossil:mammoth] was not realized!
[01Sep2026 01:04:30.660] [main/WARN] [dev.architectury.registry.registries.forge.RegistrarManagerImpl/]: Registry entry listened Registry Entry [minecraft:entity_type / fossil:sentry_piglin] was not realized!
[01Sep2026 01:04:30.660] [main/WARN] [dev.architectury.registry.registries.forge.RegistrarManagerImpl/]: Registry entry listened Registry Entry [minecraft:entity_type / fossil:velociraptor] was not realized!
[01Sep2026 01:04:30.660] [main/WARN] [dev.architectury.registry.registries.forge.RegistrarManagerImpl/]: Registry entry listened Registry Entry [minecraft:entity_type / fossil:deinonychus] was not realized!
[01Sep2026 01:04:30.660] [main/WARN] [dev.architectury.registry.registries.forge.RegistrarManagerImpl/]: Registry entry listened Registry Entry [minecraft:entity_type / fossil:meganeura] was not realized!
[01Sep2026 01:04:30.660] [main/WARN] [dev.architectury.registry.registries.forge.RegistrarManagerImpl/]: Registry entry listened Registry Entry [minecraft:entity_type / fossil:dimetrodon] was not realized!
[01Sep2026 01:04:30.660] [main/WARN] [dev.architectury.registry.registries.forge.RegistrarManagerImpl/]: Registry entry listened Registry Entry [minecraft:entity_type / fossil:pachycephalosaurus] was not realized!
[01Sep2026 01:04:30.660] [main/WARN] [dev.architectury.registry.registries.forge.RegistrarManagerImpl/]: Registry entry listened Registry Entry [minecraft:entity_type / fossil:quetzalcoatlus] was not realized!
[01Sep2026 01:04:30.660] [main/WARN] [dev.architectury.registry.registries.forge.RegistrarManagerImpl/]: Registry entry listened Registry Entry [minecraft:entity_type / fossil:spinosaurus] was not realized!
[01Sep2026 01:04:30.660] [main/WARN] [dev.architectury.registry.registries.forge.RegistrarManagerImpl/]: Registry entry listened Registry Entry [minecraft:entity_type / fossil:plesiosaurus] was not realized!
[01Sep2026 01:04:30.660] [main/WARN] [dev.architectury.registry.registries.forge.RegistrarManagerImpl/]: Registry entry listened Registry Entry [minecraft:entity_type / fossil:gallimimus] was not realized!
[01Sep2026 01:04:30.660] [main/WARN] [dev.architectury.registry.registries.forge.RegistrarManagerImpl/]: Registry entry listened Registry Entry [minecraft:entity_type / fossil:therizinosaurus] was not realized!
[01Sep2026 01:04:30.660] [main/WARN] [dev.architectury.registry.registries.forge.RegistrarManagerImpl/]: Registry entry listened Registry Entry [minecraft:entity_type / fossil:phorusrhacos] was not realized!
[01Sep2026 01:04:30.660] [main/WARN] [dev.architectury.registry.registries.forge.RegistrarManagerImpl/]: Registry entry listened Registry Entry [minecraft:entity_type / fossil:allosaurus] was not realized!
[01Sep2026 01:04:30.660] [main/WARN] [dev.architectury.registry.registries.forge.RegistrarManagerImpl/]: Registry entry listened Registry Entry [minecraft:entity_type / fossil:lonchodomas] was not realized!
[01Sep2026 01:04:30.660] [main/WARN] [dev.architectury.registry.registries.forge.RegistrarManagerImpl/]: Registry entry listened Registry Entry [minecraft:entity_type / fossil:quagga] was not realized!
[01Sep2026 01:04:30.660] [main/WARN] [dev.architectury.registry.registries.forge.RegistrarManagerImpl/]: Registry entry listened Registry Entry [minecraft:entity_type / fossil:protoceratops] was not realized!
[01Sep2026 01:04:30.660] [main/WARN] [dev.architectury.registry.registries.forge.RegistrarManagerImpl/]: Registry entry listened Registry Entry [minecraft:entity_type / fossil:gastornis] was not realized!
[01Sep2026 01:04:30.660] [main/WARN] [dev.architectury.registry.registries.forge.RegistrarManagerImpl/]: Registry entry listened Registry Entry [minecraft:entity_type / fossil:kelenken] was not realized!
[01Sep2026 01:04:30.660] [main/WARN] [dev.architectury.registry.registries.forge.RegistrarManagerImpl/]: Registry entry listened Registry Entry [minecraft:entity_type / fossil:stegosaurus] was not realized!
[01Sep2026 01:04:30.660] [main/WARN] [dev.architectury.registry.registries.forge.RegistrarManagerImpl/]: Registry entry listened Registry Entry [minecraft:entity_type / fossil:dodo] was not realized!
[01Sep2026 01:04:30.660] [main/WARN] [dev.architectury.registry.registries.forge.RegistrarManagerImpl/]: Registry entry listened Registry Entry [minecraft:entity_type / fossil:citipati] was not realized!
[01Sep2026 01:04:30.660] [main/WARN] [dev.architectury.registry.registries.forge.RegistrarManagerImpl/]: Registry entry listened Registry Entry [minecraft:entity_type / fossil:ichthyosaurus] was not realized!
[01Sep2026 01:04:30.660] [main/WARN] [dev.architectury.registry.registries.forge.RegistrarManagerImpl/]: Registry entry listened Registry Entry [minecraft:entity_type / fossil:diplocaulus] was not realized!
[01Sep2026 01:04:30.660] [main/WARN] [dev.architectury.registry.registries.forge.RegistrarManagerImpl/]: Registry entry listened Registry Entry [minecraft:entity_type / fossil:sarcosuchus] was not realized!
[01Sep2026 01:04:30.660] [main/WARN] [dev.architectury.registry.registries.forge.RegistrarManagerImpl/]: Registry entry listened Registry Entry [minecraft:entity_type / fossil:alligator_gar] was not realized!
[01Sep2026 01:04:30.660] [main/WARN] [dev.architectury.registry.registries.forge.RegistrarManagerImpl/]: Registry entry listened Registry Entry [minecraft:entity_type / fossil:tar_slime] was not realized!
[01Sep2026 01:04:30.660] [main/WARN] [dev.architectury.registry.registries.forge.RegistrarManagerImpl/]: Registry entry listened Registry Entry [minecraft:entity_type / fossil:brachiosaurus] was not realized!
[01Sep2026 01:04:30.660] [main/WARN] [dev.architectury.registry.registries.forge.RegistrarManagerImpl/]: Registry entry listened Registry Entry [minecraft:entity_type / fossil:edaphosaurus] was not realized!
[01Sep2026 01:04:30.660] [main/WARN] [dev.architectury.registry.registries.forge.RegistrarManagerImpl/]: Registry entry listened Registry Entry [minecraft:entity_type / fossil:triceratops] was not realized!
[01Sep2026 01:04:30.660] [main/WARN] [dev.architectury.registry.registries.forge.RegistrarManagerImpl/]: Registry entry listened Registry Entry [minecraft:entity_type / fossil:megalodon] was not realized!
[01Sep2026 01:04:30.660] [main/WARN] [dev.architectury.registry.registries.forge.RegistrarManagerImpl/]: Registry entry listened Registry Entry [minecraft:entity_type / fossil:smilodon] was not realized!
[01Sep2026 01:04:30.660] [main/WARN] [dev.architectury.registry.registries.forge.RegistrarManagerImpl/]: Registry entry listened Registry Entry [minecraft:entity_type / fossil:megalograptus] was not realized!
[01Sep2026 01:04:30.660] [main/WARN] [dev.architectury.registry.registries.forge.RegistrarManagerImpl/]: Registry entry listened Registry Entry [minecraft:entity_type / fossil:ceratosaurus] was not realized!
[01Sep2026 01:04:30.660] [main/WARN] [dev.architectury.registry.registries.forge.RegistrarManagerImpl/]: Registry entry listened Registry Entry [minecraft:entity_type / fossil:diplodocus] was not realized!
[01Sep2026 01:04:30.660] [main/WARN] [dev.architectury.registry.registries.forge.RegistrarManagerImpl/]: Registry entry listened Registry Entry [minecraft:entity_type / fossil:megalania] was not realized!
[01Sep2026 01:04:30.660] [main/WARN] [dev.architectury.registry.registries.forge.RegistrarManagerImpl/]: Registry entry listened Registry Entry [minecraft:entity_type / fossil:ankylosaurus] was not realized!
[01Sep2026 01:04:30.660] [main/WARN] [dev.architectury.registry.registries.forge.RegistrarManagerImpl/]: Registry entry listened Registry Entry [minecraft:entity_type / fossil:pachyrhinosaurus] was not realized!
[01Sep2026 01:04:30.660] [main/WARN] [dev.architectury.registry.registries.forge.RegistrarManagerImpl/]: Registry entry listened Registry Entry [minecraft:entity_type / fossil:coelacanth] was not realized!
[01Sep2026 01:04:30.660] [main/WARN] [dev.architectury.registry.registries.forge.RegistrarManagerImpl/]: Registry entry listened Registry Entry [minecraft:entity_type / fossil:dimorphodon] was not realized!
[01Sep2026 01:04:30.660] [main/WARN] [dev.architectury.registry.registries.forge.RegistrarManagerImpl/]: Registry entry listened Registry Entry [minecraft:entity_type / fossil:parasaurolophus] was not realized!
[01Sep2026 01:04:30.660] [main/WARN] [dev.architectury.registry.registries.forge.RegistrarManagerImpl/]: Registry entry listened Registry Entry [minecraft:entity_type / fossil:confuciusornis] was not realized!
[01Sep2026 01:04:30.660] [main/WARN] [dev.architectury.registry.registries.forge.RegistrarManagerImpl/]: Registry entry listened Registry Entry [minecraft:entity_type / fossil:megaloceros] was not realized!
[01Sep2026 01:04:30.660] [main/WARN] [dev.architectury.registry.registries.forge.RegistrarManagerImpl/]: Registry entry listened Registry Entry [minecraft:entity_type / fossil:dilophosaurus] was not realized!
[01Sep2026 01:04:30.660] [main/WARN] [dev.architectury.registry.registries.forge.RegistrarManagerImpl/]: Registry entry listened Registry Entry [minecraft:entity_type / fossil:ornitholestes] was not realized!
[01Sep2026 01:04:30.660] [main/WARN] [dev.architectury.registry.registries.forge.RegistrarManagerImpl/]: Registry entry listened Registry Entry [minecraft:entity_type / fossil:anu_boss] was not realized!
[01Sep2026 01:04:30.660] [main/WARN] [dev.architectury.registry.registries.forge.RegistrarManagerImpl/]: Registry entry listened Registry Entry [minecraft:entity_type / fossil:elasmotherium] was not realized!
[01Sep2026 01:04:30.660] [main/WARN] [dev.architectury.registry.registries.forge.RegistrarManagerImpl/]: Registry entry listened Registry Entry [minecraft:entity_type / fossil:liopleurodon] was not realized!
[01Sep2026 01:04:30.660] [main/WARN] [dev.architectury.registry.registries.forge.RegistrarManagerImpl/]: Registry entry listened Registry Entry [minecraft:entity_type / fossil:titanis] was not realized!
[01Sep2026 01:04:30.660] [main/WARN] [dev.architectury.registry.registries.forge.RegistrarManagerImpl/]: Registry entry listened Registry Entry [minecraft:entity_type / fossil:dicranurus] was not realized!
[01Sep2026 01:04:30.660] [main/WARN] [dev.architectury.registry.registries.forge.RegistrarManagerImpl/]: Registry entry listened Registry Entry [minecraft:entity_type / fossil:walliserops] was not realized!
[01Sep2026 01:04:30.660] [main/WARN] [dev.architectury.registry.registries.forge.RegistrarManagerImpl/]: Registry entry listened Registry Entry [minecraft:entity_type / fossil:psittacosaurus] was not realized!
[01Sep2026 01:04:30.661] [main/WARN] [dev.architectury.registry.registries.forge.RegistrarManagerImpl/]: Registry entry listened Registry Entry [minecraft:entity_type / fossil:crassigyrinus] was not realized!
[01Sep2026 01:04:30.661] [main/WARN] [dev.architectury.registry.registries.forge.RegistrarManagerImpl/]: Registry entry listened Registry Entry [minecraft:entity_type / fossil:postosuchus] was not realized!
[01Sep2026 01:04:30.661] [main/WARN] [dev.architectury.registry.registries.forge.RegistrarManagerImpl/]: Registry entry listened Registry Entry [minecraft:entity_type / fossil:dryosaurus] was not realized!
[01Sep2026 01:04:30.661] [main/WARN] [dev.architectury.registry.registries.forge.RegistrarManagerImpl/]: Registry entry listened Registry Entry [minecraft:entity_type / fossil:tiktaalik] was not realized!
[01Sep2026 01:04:30.661] [main/WARN] [dev.architectury.registry.registries.forge.RegistrarManagerImpl/]: Registry entry listened Registry Entry [minecraft:entity_type / fossil:aquilolamna] was not realized!
[01Sep2026 01:04:30.661] [main/WARN] [dev.architectury.registry.registries.forge.RegistrarManagerImpl/]: Registry entry listened Registry Entry [minecraft:entity_type / fossil:scotoharpes] was not realized!
[01Sep2026 01:04:30.661] [main/WARN] [dev.architectury.registry.registries.forge.RegistrarManagerImpl/]: Registry entry listened Registry Entry [minecraft:entity_type / fossil:failuresaurus] was not realized!
[01Sep2026 01:04:30.661] [main/WARN] [dev.architectury.registry.registries.forge.RegistrarManagerImpl/]: Registry entry listened Registry Entry [minecraft:entity_type / fossil:mosasaurus] was not realized!
[01Sep2026 01:04:30.661] [main/WARN] [dev.architectury.registry.registries.forge.RegistrarManagerImpl/]: Registry entry listened Registry Entry [minecraft:entity_type / fossil:compsognathus] was not realized!
[01Sep2026 01:04:30.661] [main/WARN] [dev.architectury.registry.registries.forge.RegistrarManagerImpl/]: Registry entry listened Registry Entry [minecraft:entity_type / fossil:tyrannosaurus] was not realized!
[01Sep2026 01:04:30.661] [main/WARN] [dev.architectury.registry.registries.forge.RegistrarManagerImpl/]: Registry entry listened Registry Entry [minecraft:entity_type / fossil:arthropleura] was not realized!
[01Sep2026 01:04:30.661] [main/WARN] [dev.architectury.registry.registries.forge.RegistrarManagerImpl/]: Registry entry listened Registry Entry [minecraft:entity_type / fossil:pteranodon] was not realized!
[01Sep2026 01:04:30.661] [main/WARN] [dev.architectury.registry.registries.forge.RegistrarManagerImpl/]: Registry entry listened Registry Entry [minecraft:entity_type / fossil:sturgeon] was not realized!
[01Sep2026 01:04:30.661] [main/WARN] [dev.architectury.registry.registries.forge.RegistrarManagerImpl/]: Registry entry listened Registry Entry [minecraft:entity_type / fossil:henodus] was not realized!
[01Sep2026 01:04:30.661] [main/WARN] [dev.architectury.registry.registries.forge.RegistrarManagerImpl/]: Registry entry listened Registry Entry [minecraft:entity_type / fossil:nautilus] was not realized!
[01Sep2026 01:04:30.661] [main/WARN] [dev.architectury.registry.registries.forge.RegistrarManagerImpl/]: Registry entry listened Registry Entry [minecraft:entity_type / fossil:platybelodon] was not realized!
[01Sep2026 01:04:30.661] [main/WARN] [dev.architectury.registry.registries.forge.RegistrarManagerImpl/]: Registry entry listened Registry Entry [minecraft:entity_type / fossil:mammoth] was not realized!
[01Sep2026 01:04:30.661] [main/WARN] [dev.architectury.registry.registries.forge.RegistrarManagerImpl/]: Registry entry listened Registry Entry [minecraft:entity_type / fossil:sentry_piglin] was not realized!
[01Sep2026 01:04:30.661] [main/WARN] [dev.architectury.registry.registries.forge.RegistrarManagerImpl/]: Registry entry listened Registry Entry [minecraft:entity_type / fossil:velociraptor] was not realized!
[01Sep2026 01:04:30.661] [main/WARN] [dev.architectury.registry.registries.forge.RegistrarManagerImpl/]: Registry entry listened Registry Entry [minecraft:entity_type / fossil:deinonychus] was not realized!
[01Sep2026 01:04:30.661] [main/WARN] [dev.architectury.registry.registries.forge.RegistrarManagerImpl/]: Registry entry listened Registry Entry [minecraft:entity_type / fossil:meganeura] was not realized!
[01Sep2026 01:04:30.661] [main/WARN] [dev.architectury.registry.registries.forge.RegistrarManagerImpl/]: Registry entry listened Registry Entry [minecraft:entity_type / fossil:dimetrodon] was not realized!
[01Sep2026 01:04:30.661] [main/WARN] [dev.architectury.registry.registries.forge.RegistrarManagerImpl/]: Registry entry listened Registry Entry [minecraft:entity_type / fossil:pachycephalosaurus] was not realized!
[01Sep2026 01:04:30.661] [main/WARN] [dev.architectury.registry.registries.forge.RegistrarManagerImpl/]: Registry entry listened Registry Entry [minecraft:entity_type / fossil:quetzalcoatlus] was not realized!
[01Sep2026 01:04:30.661] [main/WARN] [dev.architectury.registry.registries.forge.RegistrarManagerImpl/]: Registry entry listened Registry Entry [minecraft:entity_type / fossil:spinosaurus] was not realized!
[01Sep2026 01:04:30.661] [main/WARN] [dev.architectury.registry.registries.forge.RegistrarManagerImpl/]: Registry entry listened Registry Entry [minecraft:entity_type / fossil:plesiosaurus] was not realized!
[01Sep2026 01:04:30.661] [main/WARN] [dev.architectury.registry.registries.forge.RegistrarManagerImpl/]: Registry entry listened Registry Entry [minecraft:entity_type / fossil:gallimimus] was not realized!
[01Sep2026 01:04:30.661] [main/WARN] [dev.architectury.registry.registries.forge.RegistrarManagerImpl/]: Registry entry listened Registry Entry [minecraft:entity_type / fossil:therizinosaurus] was not realized!
[01Sep2026 01:04:30.661] [main/WARN] [dev.architectury.registry.registries.forge.RegistrarManagerImpl/]: Registry entry listened Registry Entry [minecraft:entity_type / fossil:phorusrhacos] was not realized!
[01Sep2026 01:04:30.661] [main/WARN] [dev.architectury.registry.registries.forge.RegistrarManagerImpl/]: Registry entry listened Registry Entry [minecraft:entity_type / fossil:allosaurus] was not realized!
[01Sep2026 01:04:30.661] [main/WARN] [dev.architectury.registry.registries.forge.RegistrarManagerImpl/]: Registry entry listened Registry Entry [minecraft:entity_type / fossil:lonchodomas] was not realized!
[01Sep2026 01:04:30.661] [main/WARN] [dev.architectury.registry.registries.forge.RegistrarManagerImpl/]: Registry entry listened Registry Entry [minecraft:entity_type / fossil:quagga] was not realized!
[01Sep2026 01:04:30.661] [main/WARN] [dev.architectury.registry.registries.forge.RegistrarManagerImpl/]: Registry entry listened Registry Entry [minecraft:entity_type / fossil:protoceratops] was not realized!
[01Sep2026 01:04:30.661] [main/WARN] [dev.architectury.registry.registries.forge.RegistrarManagerImpl/]: Registry entry listened Registry Entry [minecraft:entity_type / fossil:gastornis] was not realized!
[01Sep2026 01:04:30.661] [main/WARN] [dev.architectury.registry.registries.forge.RegistrarManagerImpl/]: Registry entry listened Registry Entry [minecraft:entity_type / fossil:kelenken] was not realized!
[01Sep2026 01:04:30.661] [main/WARN] [dev.architectury.registry.registries.forge.RegistrarManagerImpl/]: Registry entry listened Registry Entry [minecraft:entity_type / fossil:stegosaurus] was not realized!
[01Sep2026 01:04:30.661] [main/WARN] [dev.architectury.registry.registries.forge.RegistrarManagerImpl/]: Registry entry listened Registry Entry [minecraft:entity_type / fossil:dodo] was not realized!
[01Sep2026 01:04:30.661] [main/WARN] [dev.architectury.registry.registries.forge.RegistrarManagerImpl/]: Registry entry listened Registry Entry [minecraft:entity_type / fossil:citipati] was not realized!
[01Sep2026 01:04:30.661] [main/WARN] [dev.architectury.registry.registries.forge.RegistrarManagerImpl/]: Registry entry listened Registry Entry [minecraft:entity_type / fossil:ichthyosaurus] was not realized!
[01Sep2026 01:04:30.661] [main/WARN] [dev.architectury.registry.registries.forge.RegistrarManagerImpl/]: Registry entry listened Registry Entry [minecraft:entity_type / fossil:diplocaulus] was not realized!
[01Sep2026 01:04:30.661] [main/WARN] [dev.architectury.registry.registries.forge.RegistrarManagerImpl/]: Registry entry listened Registry Entry [minecraft:entity_type / fossil:sarcosuchus] was not realized!
[01Sep2026 01:04:30.661] [main/WARN] [dev.architectury.registry.registries.forge.RegistrarManagerImpl/]: Registry entry listened Registry Entry [minecraft:entity_type / fossil:alligator_gar] was not realized!
[01Sep2026 01:04:30.661] [main/WARN] [dev.architectury.registry.registries.forge.RegistrarManagerImpl/]: Registry entry listened Registry Entry [minecraft:entity_type / fossil:tar_slime] was not realized!
[01Sep2026 01:04:30.661] [main/WARN] [dev.architectury.registry.registries.forge.RegistrarManagerImpl/]: Registry entry listened Registry Entry [minecraft:entity_type / fossil:brachiosaurus] was not realized!
[01Sep2026 01:04:30.661] [main/WARN] [dev.architectury.registry.registries.forge.RegistrarManagerImpl/]: Registry entry listened Registry Entry [minecraft:entity_type / fossil:edaphosaurus] was not realized!
[01Sep2026 01:04:30.661] [main/WARN] [dev.architectury.registry.registries.forge.RegistrarManagerImpl/]: Registry entry listened Registry Entry [minecraft:entity_type / fossil:triceratops] was not realized!
[01Sep2026 01:04:30.661] [main/WARN] [dev.architectury.registry.registries.forge.RegistrarManagerImpl/]: Registry entry listened Registry Entry [minecraft:entity_type / fossil:megalodon] was not realized!
[01Sep2026 01:04:30.661] [main/WARN] [dev.architectury.registry.registries.forge.RegistrarManagerImpl/]: Registry entry listened Registry Entry [minecraft:entity_type / fossil:smilodon] was not realized!
[01Sep2026 01:04:30.661] [main/WARN] [dev.architectury.registry.registries.forge.RegistrarManagerImpl/]: Registry entry listened Registry Entry [minecraft:entity_type / fossil:megalograptus] was not realized!
[01Sep2026 01:04:30.661] [main/WARN] [dev.architectury.registry.registries.forge.RegistrarManagerImpl/]: Registry entry listened Registry Entry [minecraft:entity_type / fossil:ceratosaurus] was not realized!
[01Sep2026 01:04:30.661] [main/WARN] [dev.architectury.registry.registries.forge.RegistrarManagerImpl/]: Registry entry listened Registry Entry [minecraft:entity_type / fossil:diplodocus] was not realized!
[01Sep2026 01:04:30.661] [main/WARN] [dev.architectury.registry.registries.forge.RegistrarManagerImpl/]: Registry entry listened Registry Entry [minecraft:entity_type / fossil:megalania] was not realized!
[01Sep2026 01:04:30.661] [main/WARN] [dev.architectury.registry.registries.forge.RegistrarManagerImpl/]: Registry entry listened Registry Entry [minecraft:entity_type / fossil:ankylosaurus] was not realized!
[01Sep2026 01:04:30.661] [main/WARN] [dev.architectury.registry.registries.forge.RegistrarManagerImpl/]: Registry entry listened Registry Entry [minecraft:entity_type / fossil:pachyrhinosaurus] was not realized!
[01Sep2026 01:04:30.661] [main/WARN] [dev.architectury.registry.registries.forge.RegistrarManagerImpl/]: Registry entry listened Registry Entry [minecraft:entity_type / fossil:coelacanth] was not realized!
[01Sep2026 01:04:30.661] [main/WARN] [dev.architectury.registry.registries.forge.RegistrarManagerImpl/]: Registry entry listened Registry Entry [minecraft:entity_type / fossil:dimorphodon] was not realized!
[01Sep2026 01:04:30.661] [main/WARN] [dev.architectury.registry.registries.forge.RegistrarManagerImpl/]: Registry entry listened Registry Entry [minecraft:entity_type / fossil:parasaurolophus] was not realized!
[01Sep2026 01:04:30.661] [main/WARN] [dev.architectury.registry.registries.forge.RegistrarManagerImpl/]: Registry entry listened Registry Entry [minecraft:entity_type / fossil:confuciusornis] was not realized!
[01Sep2026 01:04:30.661] [main/WARN] [dev.architectury.registry.registries.forge.RegistrarManagerImpl/]: Registry entry listened Registry Entry [minecraft:entity_type / fossil:megaloceros] was not realized!
[01Sep2026 01:04:30.661] [main/WARN] [dev.architectury.registry.registries.forge.RegistrarManagerImpl/]: Registry entry listened Registry Entry [minecraft:entity_type / fossil:dilophosaurus] was not realized!
[01Sep2026 01:04:30.661] [main/WARN] [dev.architectury.registry.registries.forge.RegistrarManagerImpl/]: Registry entry listened Registry Entry [minecraft:entity_type / fossil:ornitholestes] was not realized!
[01Sep2026 01:04:30.661] [main/WARN] [dev.architectury.registry.registries.forge.RegistrarManagerImpl/]: Registry entry listened Registry Entry [minecraft:entity_type / fossil:anu_boss] was not realized!
[01Sep2026 01:04:30.661] [main/WARN] [dev.architectury.registry.registries.forge.RegistrarManagerImpl/]: Registry entry listened Registry Entry [minecraft:entity_type / fossil:elasmotherium] was not realized!
[01Sep2026 01:04:30.661] [main/WARN] [dev.architectury.registry.registries.forge.RegistrarManagerImpl/]: Registry entry listened Registry Entry [minecraft:entity_type / fossil:liopleurodon] was not realized!
[01Sep2026 01:04:30.661] [main/WARN] [dev.architectury.registry.registries.forge.RegistrarManagerImpl/]: Registry entry listened Registry Entry [minecraft:entity_type / fossil:titanis] was not realized!
[01Sep2026 01:04:30.661] [main/WARN] [dev.architectury.registry.registries.forge.RegistrarManagerImpl/]: Registry entry listened Registry Entry [minecraft:entity_type / fossil:dicranurus] was not realized!
[01Sep2026 01:04:30.661] [main/WARN] [dev.architectury.registry.registries.forge.RegistrarManagerImpl/]: Registry entry listened Registry Entry [minecraft:entity_type / fossil:walliserops] was not realized!
[01Sep2026 01:04:30.661] [main/WARN] [dev.architectury.registry.registries.forge.RegistrarManagerImpl/]: Registry entry listened Registry Entry [minecraft:entity_type / fossil:psittacosaurus] was not realized!
[01Sep2026 01:04:30.661] [main/WARN] [dev.architectury.registry.registries.forge.RegistrarManagerImpl/]: Registry entry listened Registry Entry [minecraft:entity_type / fossil:crassigyrinus] was not realized!
[01Sep2026 01:04:30.661] [main/WARN] [dev.architectury.registry.registries.forge.RegistrarManagerImpl/]: Registry entry listened Registry Entry [minecraft:entity_type / fossil:postosuchus] was not realized!
[01Sep2026 01:04:30.661] [main/WARN] [dev.architectury.registry.registries.forge.RegistrarManagerImpl/]: Registry entry listened Registry Entry [minecraft:entity_type / fossil:dryosaurus] was not realized!
[01Sep2026 01:04:30.661] [main/WARN] [dev.architectury.registry.registries.forge.RegistrarManagerImpl/]: Registry entry listened Registry Entry [minecraft:entity_type / fossil:tiktaalik] was not realized!
[01Sep2026 01:04:30.661] [main/WARN] [dev.architectury.registry.registries.forge.RegistrarManagerImpl/]: Registry entry listened Registry Entry [minecraft:entity_type / fossil:aquilolamna] was not realized!
[01Sep2026 01:04:30.661] [main/WARN] [dev.architectury.registry.registries.forge.RegistrarManagerImpl/]: Registry entry listened Registry Entry [minecraft:entity_type / fossil:scotoharpes] was not realized!
[01Sep2026 01:04:30.661] [main/WARN] [dev.architectury.registry.registries.forge.RegistrarManagerImpl/]: Registry entry listened Registry Entry [minecraft:entity_type / fossil:failuresaurus] was not realized!
[01Sep2026 01:04:30.661] [main/WARN] [dev.architectury.registry.registries.forge.RegistrarManagerImpl/]: Registry entry listened Registry Entry [minecraft:entity_type / fossil:mosasaurus] was not realized!
[01Sep2026 01:04:30.661] [main/WARN] [dev.architectury.registry.registries.forge.RegistrarManagerImpl/]: Registry entry listened Registry Entry [minecraft:entity_type / fossil:compsognathus] was not realized!
[01Sep2026 01:04:30.661] [main/WARN] [dev.architectury.registry.registries.forge.RegistrarManagerImpl/]: Registry entry listened Registry Entry [minecraft:entity_type / fossil:tyrannosaurus] was not realized!
[01Sep2026 01:04:30.661] [main/WARN] [dev.architectury.registry.registries.forge.RegistrarManagerImpl/]: Registry entry listened Registry Entry [minecraft:entity_type / fossil:arthropleura] was not realized!
[01Sep2026 01:04:30.661] [main/WARN] [dev.architectury.registry.registries.forge.RegistrarManagerImpl/]: Registry entry listened Registry Entry [minecraft:entity_type / fossil:pteranodon] was not realized!
[01Sep2026 01:04:30.661] [main/WARN] [dev.architectury.registry.registries.forge.RegistrarManagerImpl/]: Registry entry listened Registry Entry [minecraft:entity_type / fossil:sturgeon] was not realized!
[01Sep2026 01:04:30.661] [main/WARN] [dev.architectury.registry.registries.forge.RegistrarManagerImpl/]: Registry entry listened Registry Entry [minecraft:entity_type / fossil:henodus] was not realized!
[01Sep2026 01:04:30.661] [main/WARN] [dev.architectury.registry.registries.forge.RegistrarManagerImpl/]: Registry entry listened Registry Entry [minecraft:entity_type / fossil:nautilus] was not realized!
[01Sep2026 01:04:30.812] [main/INFO] [ModernFix/]: Bypassed Mojang DFU
[01Sep2026 01:04:30.812] [main/INFO] [ModernFix/]: Instantiating Mojang DFU
[01Sep2026 01:04:31.330] [main/WARN] [net.minecraft.network.syncher.SynchedEntityData/]: defineId called for: class net.minecraft.world.entity.player.Player from class yesman.epicfight.world.capabilities.entitypatch.player.PlayerPatch
[01Sep2026 01:04:31.346] [main/WARN] [net.minecraft.network.syncher.SynchedEntityData/]: defineId called for: class net.mcreator.borninchaosv.entity.BabySpiderEntity from class net.mcreator.borninchaosv.entity.MotherSpiderEntity
[01Sep2026 01:04:31.370] [main/WARN] [net.minecraft.network.syncher.SynchedEntityData/]: defineId called for: class net.minecraft.world.entity.boss.wither.WitherBoss from class yesman.epicfight.world.capabilities.entitypatch.boss.WitherPatch
[01Sep2026 01:04:31.370] [main/WARN] [net.minecraft.network.syncher.SynchedEntityData/]: defineId called for: class net.minecraft.world.entity.boss.wither.WitherBoss from class yesman.epicfight.world.capabilities.entitypatch.boss.WitherPatch
[01Sep2026 01:04:31.370] [main/WARN] [net.minecraft.network.syncher.SynchedEntityData/]: defineId called for: class net.minecraft.world.entity.boss.wither.WitherBoss from class yesman.epicfight.world.capabilities.entitypatch.boss.WitherPatch
[01Sep2026 01:04:31.370] [main/WARN] [net.minecraft.network.syncher.SynchedEntityData/]: defineId called for: class net.minecraft.world.entity.boss.wither.WitherBoss from class yesman.epicfight.world.capabilities.entitypatch.boss.WitherPatch
[01Sep2026 01:04:31.370] [main/WARN] [net.minecraft.network.syncher.SynchedEntityData/]: defineId called for: class net.minecraft.world.entity.boss.wither.WitherBoss from class yesman.epicfight.world.capabilities.entitypatch.boss.WitherPatch
[01Sep2026 01:04:31.370] [main/WARN] [net.minecraft.network.syncher.SynchedEntityData/]: defineId called for: class net.minecraft.world.entity.boss.wither.WitherBoss from class yesman.epicfight.world.capabilities.entitypatch.boss.WitherPatch
[01Sep2026 01:04:31.370] [main/WARN] [net.minecraft.network.syncher.SynchedEntityData/]: defineId called for: class net.minecraft.world.entity.boss.wither.WitherBoss from class yesman.epicfight.world.capabilities.entitypatch.boss.WitherPatch
[01Sep2026 01:04:31.370] [main/WARN] [net.minecraft.network.syncher.SynchedEntityData/]: defineId called for: class net.minecraft.world.entity.boss.wither.WitherBoss from class yesman.epicfight.world.capabilities.entitypatch.boss.WitherPatch
[01Sep2026 01:04:31.370] [main/WARN] [net.minecraft.network.syncher.SynchedEntityData/]: defineId called for: class net.minecraft.world.entity.boss.wither.WitherBoss from class yesman.epicfight.world.capabilities.entitypatch.boss.WitherPatch
[01Sep2026 01:04:31.399] [main/WARN] [net.minecraftforge.common.ForgeConfigSpec/CORE]: Configuration file /tmp/rallous-smoke-039/config/betterdungeons-forge-1_20.toml is not correct. Correcting
[01Sep2026 01:04:31.399] [main/WARN] [net.minecraftforge.common.ForgeConfigSpec/CORE]: Incorrect key YUNG's Better Dungeons was corrected from null to its default, SimpleCommentedConfig:{}. 
[01Sep2026 01:04:31.399] [main/WARN] [net.minecraftforge.common.ForgeConfigSpec/CORE]: Incorrect key YUNG's Better Dungeons.General was corrected from null to its default, SimpleCommentedConfig:{}. 
[01Sep2026 01:04:31.399] [main/WARN] [net.minecraftforge.common.ForgeConfigSpec/CORE]: Incorrect key YUNG's Better Dungeons.General.Enable Skulls & Heads was corrected from null to its default, true. 
[01Sep2026 01:04:31.400] [main/WARN] [net.minecraftforge.common.ForgeConfigSpec/CORE]: Incorrect key YUNG's Better Dungeons.General.Enable Nether Blocks in Dungeons was corrected from null to its default, true. 
[01Sep2026 01:04:31.400] [main/WARN] [net.minecraftforge.common.ForgeConfigSpec/CORE]: Incorrect key YUNG's Better Dungeons.Zombie Dungeons was corrected from null to its default, SimpleCommentedConfig:{}. 
[01Sep2026 01:04:31.400] [main/WARN] [net.minecraftforge.common.ForgeConfigSpec/CORE]: Incorrect key YUNG's Better Dungeons.Zombie Dungeons.Zombie Dungeon Surface Entrance Staircase Max Length was corrected from null to its default, 20. 
[01Sep2026 01:04:31.400] [main/WARN] [net.minecraftforge.common.ForgeConfigSpec/CORE]: Incorrect key YUNG's Better Dungeons.Small Dungeons was corrected from null to its default, SimpleCommentedConfig:{}. 
[01Sep2026 01:04:31.400] [main/WARN] [net.minecraftforge.common.ForgeConfigSpec/CORE]: Incorrect key YUNG's Better Dungeons.Small Dungeons.Small Dungeon Max Banner Count was corrected from null to its default, 2. 
[01Sep2026 01:04:31.400] [main/WARN] [net.minecraftforge.common.ForgeConfigSpec/CORE]: Incorrect key YUNG's Better Dungeons.Small Dungeons.Small Dungeon Min Chest Count was corrected from null to its default, 1. 
[01Sep2026 01:04:31.400] [main/WARN] [net.minecraftforge.common.ForgeConfigSpec/CORE]: Incorrect key YUNG's Better Dungeons.Small Dungeons.Small Dungeon Max Chest Count was corrected from null to its default, 2. 
[01Sep2026 01:04:31.400] [main/WARN] [net.minecraftforge.common.ForgeConfigSpec/CORE]: Incorrect key YUNG's Better Dungeons.Small Dungeons.Allow Ore Blocks in Corners was corrected from null to its default, true. 
[01Sep2026 01:04:31.400] [main/WARN] [net.minecraftforge.common.ForgeConfigSpec/CORE]: Incorrect key YUNG's Better Dungeons.Small Nether Dungeons was corrected from null to its default, SimpleCommentedConfig:{}. 
[01Sep2026 01:04:31.400] [main/WARN] [net.minecraftforge.common.ForgeConfigSpec/CORE]: Incorrect key YUNG's Better Dungeons.Small Nether Dungeons.Enable Small Nether Dungeons was corrected from null to its default, false. 
[01Sep2026 01:04:31.400] [main/WARN] [net.minecraftforge.common.ForgeConfigSpec/CORE]: Incorrect key YUNG's Better Dungeons.Small Nether Dungeons.Wither Skeletons From Spawners Drop Wither Skeleton Skulls was corrected from null to its default, true. 
[01Sep2026 01:04:31.400] [main/WARN] [net.minecraftforge.common.ForgeConfigSpec/CORE]: Incorrect key YUNG's Better Dungeons.Small Nether Dungeons.Blazes From Spawners Drop Blaze Rods was corrected from null to its default, true. 
[01Sep2026 01:04:31.400] [main/WARN] [net.minecraftforge.common.ForgeConfigSpec/CORE]: Incorrect key YUNG's Better Dungeons.Small Nether Dungeons.Small Nether Dungeon Max Banner Count was corrected from null to its default, 2. 
[01Sep2026 01:04:31.401] [main/WARN] [net.minecraftforge.common.ForgeConfigSpec/CORE]: Configuration file /tmp/rallous-smoke-039/config/tameable-beasts-common.toml is not correct. Correcting
[01Sep2026 01:04:31.401] [main/WARN] [net.minecraftforge.common.ForgeConfigSpec/CORE]: Incorrect key Tameable Beasts Configs was corrected from null to its default, SimpleCommentedConfig:{}. 
[01Sep2026 01:04:31.401] [main/WARN] [net.minecraftforge.common.ForgeConfigSpec/CORE]: Incorrect key Tameable Beasts Configs.Argentavis natural spawning enabled: was corrected from null to its default, true. 
[01Sep2026 01:04:31.401] [main/WARN] [net.minecraftforge.common.ForgeConfigSpec/CORE]: Incorrect key Tameable Beasts Configs.Chikote natural spawning enabled: was corrected from null to its default, true. 
[01Sep2026 01:04:31.401] [main/WARN] [net.minecraftforge.common.ForgeConfigSpec/CORE]: Incorrect key Tameable Beasts Configs.CrestedGecko natural spawning enabled: was corrected from null to its default, true. 
[01Sep2026 01:04:31.401] [main/WARN] [net.minecraftforge.common.ForgeConfigSpec/CORE]: Incorrect key Tameable Beasts Configs.Grapteranodon natural spawning enabled: was corrected from null to its default, true. 
[01Sep2026 01:04:31.401] [main/WARN] [net.minecraftforge.common.ForgeConfigSpec/CORE]: Incorrect key Tameable Beasts Configs.Grasshopper natural spawning enabled: was corrected from null to its default, true. 
[01Sep2026 01:04:31.401] [main/WARN] [net.minecraftforge.common.ForgeConfigSpec/CORE]: Incorrect key Tameable Beasts Configs.FlyingBeetle natural spawning enabled: was corrected from null to its default, true. 
[01Sep2026 01:04:31.401] [main/WARN] [net.minecraftforge.common.ForgeConfigSpec/CORE]: Incorrect key Tameable Beasts Configs.GroundBeetle natural spawning enabled: was corrected from null to its default, true. 
[01Sep2026 01:04:31.401] [main/WARN] [net.minecraftforge.common.ForgeConfigSpec/CORE]: Incorrect key Tameable Beasts Configs.MetalGroundBeetle natural spawning enabled: was corrected from null to its default, true. 
[01Sep2026 01:04:31.401] [main/WARN] [net.minecraftforge.common.ForgeConfigSpec/CORE]: Incorrect key Tameable Beasts Configs.Penguin natural spawning enabled: was corrected from null to its default, true. 
[01Sep2026 01:04:31.401] [main/WARN] [net.minecraftforge.common.ForgeConfigSpec/CORE]: Incorrect key Tameable Beasts Configs.QuetzalCoatulus natural spawning enabled: was corrected from null to its default, true. 
[01Sep2026 01:04:31.401] [main/WARN] [net.minecraftforge.common.ForgeConfigSpec/CORE]: Incorrect key Tameable Beasts Configs.Racoon natural spawning enabled: was corrected from null to its default, true. 
[01Sep2026 01:04:31.401] [main/WARN] [net.minecraftforge.common.ForgeConfigSpec/CORE]: Incorrect key Tameable Beasts Configs.RolyPoly natural spawning enabled: was corrected from null to its default, true. 
[01Sep2026 01:04:31.401] [main/WARN] [net.minecraftforge.common.ForgeConfigSpec/CORE]: Incorrect key Tameable Beasts Configs.Argentavis added HP when tamed: was corrected from null to its default, 15.0. 
[01Sep2026 01:04:31.401] [main/WARN] [net.minecraftforge.common.ForgeConfigSpec/CORE]: Incorrect key Tameable Beasts Configs.Chikote added HP when tamed: was corrected from null to its default, 15.0. 
[01Sep2026 01:04:31.401] [main/WARN] [net.minecraftforge.common.ForgeConfigSpec/CORE]: Incorrect key Tameable Beasts Configs.CrestedGecko added HP when tamed: was corrected from null to its default, 10.0. 
[01Sep2026 01:04:31.401] [main/WARN] [net.minecraftforge.common.ForgeConfigSpec/CORE]: Incorrect key Tameable Beasts Configs.Grapteranodon added HP when tamed: was corrected from null to its default, 20.0. 
[01Sep2026 01:04:31.401] [main/WARN] [net.minecraftforge.common.ForgeConfigSpec/CORE]: Incorrect key Tameable Beasts Configs.Grasshopper added HP when tamed: was corrected from null to its default, 20.0. 
[01Sep2026 01:04:31.401] [main/WARN] [net.minecraftforge.common.ForgeConfigSpec/CORE]: Incorrect key Tameable Beasts Configs.FlyingBeetle added HP when tamed: was corrected from null to its default, 10.0. 
[01Sep2026 01:04:31.401] [main/WARN] [net.minecraftforge.common.ForgeConfigSpec/CORE]: Incorrect key Tameable Beasts Configs.GroundBeetle added HP when tamed: was corrected from null to its default, 15.0. 
[01Sep2026 01:04:31.401] [main/WARN] [net.minecraftforge.common.ForgeConfigSpec/CORE]: Incorrect key Tameable Beasts Configs.MetalGroundBeetle added HP when tamed: was corrected from null to its default, 15.0. 
[01Sep2026 01:04:31.401] [main/WARN] [net.minecraftforge.common.ForgeConfigSpec/CORE]: Incorrect key Tameable Beasts Configs.Penguin added HP when tamed: was corrected from null to its default, 15.0. 
[01Sep2026 01:04:31.401] [main/WARN] [net.minecraftforge.common.ForgeConfigSpec/CORE]: Incorrect key Tameable Beasts Configs.QuetzalCoatulus added HP when tamed: was corrected from null to its default, 30.0. 
[01Sep2026 01:04:31.401] [main/WARN] [net.minecraftforge.common.ForgeConfigSpec/CORE]: Incorrect key Tameable Beasts Configs.Racoon added HP when tamed: was corrected from null to its default, 25.0. 
[01Sep2026 01:04:31.401] [main/WARN] [net.minecraftforge.common.ForgeConfigSpec/CORE]: Incorrect key Tameable Beasts Configs.RolyPoly added HP when tamed: was corrected from null to its default, 20.0. 
[01Sep2026 01:04:31.401] [main/WARN] [net.minecraftforge.common.ForgeConfigSpec/CORE]: Incorrect key Tameable Beasts Configs.Argentavis minimum spawn height: was corrected from null to its default, 120. 
[01Sep2026 01:04:31.401] [main/WARN] [net.minecraftforge.common.ForgeConfigSpec/CORE]: Incorrect key Tameable Beasts Configs.Quetzal minimum spawn height: was corrected from null to its default, 140. 
[01Sep2026 01:04:31.401] [main/WARN] [net.minecraftforge.common.ForgeConfigSpec/CORE]: Incorrect key Tameable Beasts Configs.Graptera minimum spawn height: was corrected from null to its default, 100. 
[01Sep2026 01:04:31.401] [main/WARN] [net.minecraftforge.common.ForgeConfigSpec/CORE]: Incorrect key Tameable Beasts Configs.Minimum amount of Raw Iron that transforms Ground Beetle: was corrected from null to its default, 64. 
[01Sep2026 01:04:31.401] [main/WARN] [net.minecraftforge.common.ForgeConfigSpec/CORE]: Incorrect key Tameable Beasts Configs.Chance (over 100) all arthropods have of dropping Arthropod Upgrade Smithing Template upon defeat: was corrected from null to its default, 2. 
[01Sep2026 01:04:31.401] [main/WARN] [net.minecraftforge.common.ForgeConfigSpec/CORE]: Incorrect key Tameable Beasts Configs.Seconds Eggs Take To Go Bad In The Cold: was corrected from null to its default, 300. 
[01Sep2026 01:04:31.402] [main/WARN] [net.minecraftforge.common.ForgeConfigSpec/CORE]: Incorrect key Tameable Beasts Configs.Seconds Eggs Take To Mature And Hatch: was corrected from null to its default, 24000. 
[01Sep2026 01:04:31.402] [main/WARN] [net.minecraftforge.common.ForgeConfigSpec/CORE]: Configuration file /tmp/rallous-smoke-039/config/siege-machines-specs.toml is not correct. Correcting
[01Sep2026 01:04:31.402] [main/WARN] [net.minecraftforge.common.ForgeConfigSpec/CORE]: Incorrect key siege_machines was corrected from null to its default, SimpleCommentedConfig:{}. 
[01Sep2026 01:04:31.402] [main/WARN] [net.minecraftforge.common.ForgeConfigSpec/CORE]: Incorrect key siege_machines.fireDamageMultiplier was corrected from null to its default, 3.0. 
[01Sep2026 01:04:31.403] [main/WARN] [net.minecraftforge.common.ForgeConfigSpec/CORE]: Incorrect key siege_machines.explosionDamageMultiplier was corrected from null to its default, 2.0. 
[01Sep2026 01:04:31.403] [main/WARN] [net.minecraftforge.common.ForgeConfigSpec/CORE]: Incorrect key siege_machines.arrowDamageMultiplier was corrected from null to its default, 0.5. 
[01Sep2026 01:04:31.403] [main/WARN] [net.minecraftforge.common.ForgeConfigSpec/CORE]: Incorrect key siege_machines.allowFriendlyFire was corrected from null to its default, false. 
[01Sep2026 01:04:31.403] [main/WARN] [net.minecraftforge.common.ForgeConfigSpec/CORE]: Incorrect key siege_machines.deploymentSicknessCooldown was corrected from null to its default, 300. 
[01Sep2026 01:04:31.403] [main/WARN] [net.minecraftforge.common.ForgeConfigSpec/CORE]: Incorrect key siege_machines.preventPickupCooldown was corrected from null to its default, 300. 
[01Sep2026 01:04:31.403] [main/WARN] [net.minecraftforge.common.ForgeConfigSpec/CORE]: Incorrect key siege_machines.mortar was corrected from null to its default, SimpleCommentedConfig:{}. 
[01Sep2026 01:04:31.403] [main/WARN] [net.minecraftforge.common.ForgeConfigSpec/CORE]: Incorrect key siege_machines.mortar.durability was corrected from null to its default, 80. 
[01Sep2026 01:04:31.403] [main/WARN] [net.minecraftforge.common.ForgeConfigSpec/CORE]: Incorrect key siege_machines.mortar.reloadTime was corrected from null to its default, 200. 
[01Sep2026 01:04:31.403] [main/WARN] [net.minecraftforge.common.ForgeConfigSpec/CORE]: Incorrect key siege_machines.mortar.projectileSpeed was corrected from null to its default, 2.5. 
[01Sep2026 01:04:31.403] [main/WARN] [net.minecraftforge.common.ForgeConfigSpec/CORE]: Incorrect key siege_machines.mortar.inaccuracy was corrected from null to its default, 0.20000000298023224. 
[01Sep2026 01:04:31.403] [main/WARN] [net.minecraftforge.common.ForgeConfigSpec/CORE]: Incorrect key siege_machines.mortar.knockbackResistance was corrected from null to its default, 0.5. 
[01Sep2026 01:04:31.403] [main/WARN] [net.minecraftforge.common.ForgeConfigSpec/CORE]: Incorrect key siege_machines.culverin was corrected from null to its default, SimpleCommentedConfig:{}. 
[01Sep2026 01:04:31.403] [main/WARN] [net.minecraftforge.common.ForgeConfigSpec/CORE]: Incorrect key siege_machines.culverin.durability was corrected from null to its default, 150. 
[01Sep2026 01:04:31.403] [main/WARN] [net.minecraftforge.common.ForgeConfigSpec/CORE]: Incorrect key siege_machines.culverin.reloadTime was corrected from null to its default, 260. 
[01Sep2026 01:04:31.403] [main/WARN] [net.minecraftforge.common.ForgeConfigSpec/CORE]: Incorrect key siege_machines.culverin.projectileSpeed was corrected from null to its default, 3.5. 
[01Sep2026 01:04:31.403] [main/WARN] [net.minecraftforge.common.ForgeConfigSpec/CORE]: Incorrect key siege_machines.culverin.inaccuracy was corrected from null to its default, 0.029999999329447746. 
[01Sep2026 01:04:31.403] [main/WARN] [net.minecraftforge.common.ForgeConfigSpec/CORE]: Incorrect key siege_machines.culverin.knockbackResistance was corrected from null to its default, 0.6000000238418579. 
[01Sep2026 01:04:31.403] [main/WARN] [net.minecraftforge.common.ForgeConfigSpec/CORE]: Incorrect key siege_machines.trebuchet was corrected from null to its default, SimpleCommentedConfig:{}. 
[01Sep2026 01:04:31.403] [main/WARN] [net.minecraftforge.common.ForgeConfigSpec/CORE]: Incorrect key siege_machines.trebuchet.durability was corrected from null to its default, 350. 
[01Sep2026 01:04:31.403] [main/WARN] [net.minecraftforge.common.ForgeConfigSpec/CORE]: Incorrect key siege_machines.trebuchet.reloadTime was corrected from null to its default, 400. 
[01Sep2026 01:04:31.403] [main/WARN] [net.minecraftforge.common.ForgeConfigSpec/CORE]: Incorrect key siege_machines.trebuchet.projectileSpeed was corrected from null to its default, 2.799999952316284. 
[01Sep2026 01:04:31.403] [main/WARN] [net.minecraftforge.common.ForgeConfigSpec/CORE]: Incorrect key siege_machines.trebuchet.inaccuracy was corrected from null to its default, 0.20000000298023224. 
[01Sep2026 01:04:31.403] [main/WARN] [net.minecraftforge.common.ForgeConfigSpec/CORE]: Incorrect key siege_machines.trebuchet.knockbackResistance was corrected from null to its default, 1.0. 
[01Sep2026 01:04:31.403] [main/WARN] [net.minecraftforge.common.ForgeConfigSpec/CORE]: Incorrect key siege_machines.catapult was corrected from null to its default, SimpleCommentedConfig:{}. 
[01Sep2026 01:04:31.403] [main/WARN] [net.minecraftforge.common.ForgeConfigSpec/CORE]: Incorrect key siege_machines.catapult.durability was corrected from null to its default, 150. 
[01Sep2026 01:04:31.403] [main/WARN] [net.minecraftforge.common.ForgeConfigSpec/CORE]: Incorrect key siege_machines.catapult.reloadTime was corrected from null to its default, 200. 
[01Sep2026 01:04:31.403] [main/WARN] [net.minecraftforge.common.ForgeConfigSpec/CORE]: Incorrect key siege_machines.catapult.projectileSpeed was corrected from null to its default, 2.0. 
[01Sep2026 01:04:31.403] [main/WARN] [net.minecraftforge.common.ForgeConfigSpec/CORE]: Incorrect key siege_machines.catapult.inaccuracy was corrected from null to its default, 0.20000000298023224. 
[01Sep2026 01:04:31.403] [main/WARN] [net.minecraftforge.common.ForgeConfigSpec/CORE]: Incorrect key siege_machines.catapult.knockbackResistance was corrected from null to its default, 0.800000011920929. 
[01Sep2026 01:04:31.403] [main/WARN] [net.minecraftforge.common.ForgeConfigSpec/CORE]: Incorrect key siege_machines.ballista was corrected from null to its default, SimpleCommentedConfig:{}. 
[01Sep2026 01:04:31.403] [main/WARN] [net.minecraftforge.common.ForgeConfigSpec/CORE]: Incorrect key siege_machines.ballista.durability was corrected from null to its default, 70. 
[01Sep2026 01:04:31.403] [main/WARN] [net.minecraftforge.common.ForgeConfigSpec/CORE]: Incorrect key siege_machines.ballista.reloadTime was corrected from null to its default, 120. 
[01Sep2026 01:04:31.403] [main/WARN] [net.minecraftforge.common.ForgeConfigSpec/CORE]: Incorrect key siege_machines.ballista.projectileSpeed was corrected from null to its default, 4.5. 
[01Sep2026 01:04:31.403] [main/WARN] [net.minecraftforge.common.ForgeConfigSpec/CORE]: Incorrect key siege_machines.ballista.inaccuracy was corrected from null to its default, 0.03999999910593033. 
[01Sep2026 01:04:31.403] [main/WARN] [net.minecraftforge.common.ForgeConfigSpec/CORE]: Incorrect key siege_machines.ballista.knockbackResistance was corrected from null to its default, 0.4000000059604645. 
[01Sep2026 01:04:31.403] [main/WARN] [net.minecraftforge.common.ForgeConfigSpec/CORE]: Incorrect key siege_machines.battering_ram was corrected from null to its default, SimpleCommentedConfig:{}. 
[01Sep2026 01:04:31.403] [main/WARN] [net.minecraftforge.common.ForgeConfigSpec/CORE]: Incorrect key siege_machines.battering_ram.durability was corrected from null to its default, 500. 
[01Sep2026 01:04:31.403] [main/WARN] [net.minecraftforge.common.ForgeConfigSpec/CORE]: Incorrect key siege_machines.battering_ram.reloadTime was corrected from null to its default, 100. 
[01Sep2026 01:04:31.403] [main/WARN] [net.minecraftforge.common.ForgeConfigSpec/CORE]: Incorrect key siege_machines.battering_ram.projectileSpeed was corrected from null to its default, 0.0. 
[01Sep2026 01:04:31.403] [main/WARN] [net.minecraftforge.common.ForgeConfigSpec/CORE]: Incorrect key siege_machines.battering_ram.inaccuracy was corrected from null to its default, 0.5. 
[01Sep2026 01:04:31.403] [main/WARN] [net.minecraftforge.common.ForgeConfigSpec/CORE]: Incorrect key siege_machines.battering_ram.knockbackResistance was corrected from null to its default, 1.0. 
[01Sep2026 01:04:31.403] [main/WARN] [net.minecraftforge.common.ForgeConfigSpec/CORE]: Incorrect key siege_machines.siege_ladder was corrected from null to its default, SimpleCommentedConfig:{}. 
[01Sep2026 01:04:31.403] [main/WARN] [net.minecraftforge.common.ForgeConfigSpec/CORE]: Incorrect key siege_machines.siege_ladder.durability was corrected from null to its default, 400. 
[01Sep2026 01:04:31.403] [main/WARN] [net.minecraftforge.common.ForgeConfigSpec/CORE]: Incorrect key siege_machines.siege_ladder.reloadTime was corrected from null to its default, 0. 
[01Sep2026 01:04:31.403] [main/WARN] [net.minecraftforge.common.ForgeConfigSpec/CORE]: Incorrect key siege_machines.siege_ladder.projectileSpeed was corrected from null to its default, 0.0. 
[01Sep2026 01:04:31.403] [main/WARN] [net.minecraftforge.common.ForgeConfigSpec/CORE]: Incorrect key siege_machines.siege_ladder.inaccuracy was corrected from null to its default, 0.0. 
[01Sep2026 01:04:31.403] [main/WARN] [net.minecraftforge.common.ForgeConfigSpec/CORE]: Incorrect key siege_machines.siege_ladder.knockbackResistance was corrected from null to its default, 1.0. 
[01Sep2026 01:04:31.403] [main/WARN] [net.minecraftforge.common.ForgeConfigSpec/CORE]: Incorrect key missiles was corrected from null to its default, SimpleCommentedConfig:{}. 
[01Sep2026 01:04:31.403] [main/WARN] [net.minecraftforge.common.ForgeConfigSpec/CORE]: Incorrect key missiles.cannonball was corrected from null to its default, SimpleCommentedConfig:{}. 
[01Sep2026 01:04:31.403] [main/WARN] [net.minecraftforge.common.ForgeConfigSpec/CORE]: Incorrect key missiles.cannonball.mass was corrected from null to its default, 15.0. 
[01Sep2026 01:04:31.403] [main/WARN] [net.minecraftforge.common.ForgeConfigSpec/CORE]: Incorrect key missiles.cannonball.explosionRadius was corrected from null to its default, 3.0. 
[01Sep2026 01:04:31.403] [main/WARN] [net.minecraftforge.common.ForgeConfigSpec/CORE]: Incorrect key missiles.cannonball.armorPiercing was corrected from null to its default, 1.0. 
[01Sep2026 01:04:31.404] [main/WARN] [net.minecraftforge.common.ForgeConfigSpec/CORE]: Incorrect key missiles.cannonball.knockback was corrected from null to its default, 1.5. 
[01Sep2026 01:04:31.404] [main/WARN] [net.minecraftforge.common.ForgeConfigSpec/CORE]: Incorrect key missiles.cannonball.explosionDamageMultiplier was corrected from null to its default, 1.5. 
[01Sep2026 01:04:31.404] [main/WARN] [net.minecraftforge.common.ForgeConfigSpec/CORE]: Incorrect key missiles.cannonball.explosive was corrected from null to its default, true. 
[01Sep2026 01:04:31.404] [main/WARN] [net.minecraftforge.common.ForgeConfigSpec/CORE]: Incorrect key missiles.cannonball.fired was corrected from null to its default, false. 
[01Sep2026 01:04:31.404] [main/WARN] [net.minecraftforge.common.ForgeConfigSpec/CORE]: Incorrect key missiles.stone was corrected from null to its default, SimpleCommentedConfig:{}. 
[01Sep2026 01:04:31.404] [main/WARN] [net.minecraftforge.common.ForgeConfigSpec/CORE]: Incorrect key missiles.stone.mass was corrected from null to its default, 50.0. 
[01Sep2026 01:04:31.404] [main/WARN] [net.minecraftforge.common.ForgeConfigSpec/CORE]: Incorrect key missiles.stone.explosionRadius was corrected from null to its default, 2.5. 
[01Sep2026 01:04:31.404] [main/WARN] [net.minecraftforge.common.ForgeConfigSpec/CORE]: Incorrect key missiles.stone.armorPiercing was corrected from null to its default, 1.0. 
[01Sep2026 01:04:31.404] [main/WARN] [net.minecraftforge.common.ForgeConfigSpec/CORE]: Incorrect key missiles.stone.knockback was corrected from null to its default, 1.5. 
[01Sep2026 01:04:31.404] [main/WARN] [net.minecraftforge.common.ForgeConfigSpec/CORE]: Incorrect key missiles.stone.explosionDamageMultiplier was corrected from null to its default, 1.8. 
[01Sep2026 01:04:31.404] [main/WARN] [net.minecraftforge.common.ForgeConfigSpec/CORE]: Incorrect key missiles.stone.explosive was corrected from null to its default, true. 
[01Sep2026 01:04:31.404] [main/WARN] [net.minecraftforge.common.ForgeConfigSpec/CORE]: Incorrect key missiles.stone.fired was corrected from null to its default, false. 
[01Sep2026 01:04:31.404] [main/WARN] [net.minecraftforge.common.ForgeConfigSpec/CORE]: Incorrect key missiles.giant_stone was corrected from null to its default, SimpleCommentedConfig:{}. 
[01Sep2026 01:04:31.404] [main/WARN] [net.minecraftforge.common.ForgeConfigSpec/CORE]: Incorrect key missiles.giant_stone.mass was corrected from null to its default, 70.0. 
[01Sep2026 01:04:31.404] [main/WARN] [net.minecraftforge.common.ForgeConfigSpec/CORE]: Incorrect key missiles.giant_stone.explosionRadius was corrected from null to its default, 5.0. 
[01Sep2026 01:04:31.404] [main/WARN] [net.minecraftforge.common.ForgeConfigSpec/CORE]: Incorrect key missiles.giant_stone.armorPiercing was corrected from null to its default, 1.0. 
[01Sep2026 01:04:31.404] [main/WARN] [net.minecraftforge.common.ForgeConfigSpec/CORE]: Incorrect key missiles.giant_stone.knockback was corrected from null to its default, 3.0. 
[01Sep2026 01:04:31.404] [main/WARN] [net.minecraftforge.common.ForgeConfigSpec/CORE]: Incorrect key missiles.giant_stone.explosionDamageMultiplier was corrected from null to its default, 3.0. 
[01Sep2026 01:04:31.404] [main/WARN] [net.minecraftforge.common.ForgeConfigSpec/CORE]: Incorrect key missiles.giant_stone.explosive was corrected from null to its default, true. 
[01Sep2026 01:04:31.404] [main/WARN] [net.minecraftforge.common.ForgeConfigSpec/CORE]: Incorrect key missiles.giant_stone.fired was corrected from null to its default, false. 
[01Sep2026 01:04:31.405] [main/WARN] [net.minecraftforge.common.ForgeConfigSpec/CORE]: Configuration file /tmp/rallous-smoke-039/config/sophisticatedcore-common.toml is not correct. Correcting
[01Sep2026 01:04:31.405] [main/WARN] [net.minecraftforge.common.ForgeConfigSpec/CORE]: Incorrect key common was corrected from null to its default, SimpleCommentedConfig:{}. 
[01Sep2026 01:04:31.405] [main/WARN] [net.minecraftforge.common.ForgeConfigSpec/CORE]: Incorrect key common.enabledItems was corrected from null to its default, []. 
[01Sep2026 01:04:31.406] [main/WARN] [net.minecraftforge.common.ForgeConfigSpec/CORE]: Configuration file /tmp/rallous-smoke-039/config/epicfight-common.toml is not correct. Correcting
[01Sep2026 01:04:31.406] [main/WARN] [net.minecraftforge.common.ForgeConfigSpec/CORE]: Incorrect key loot was corrected from null to its default, SimpleCommentedConfig:{}. 
[01Sep2026 01:04:31.406] [main/WARN] [net.minecraftforge.common.ForgeConfigSpec/CORE]: Incorrect key loot.skill_book_mob_drop_chance_modifier was corrected from null to its default, 0. 
[01Sep2026 01:04:31.406] [main/WARN] [net.minecraftforge.common.ForgeConfigSpec/CORE]: Incorrect key loot.skill_book_chest_drop_chance_modifier was corrected from null to its default, 0. 
[01Sep2026 01:04:31.406] [main/WARN] [net.minecraftforge.common.ForgeConfigSpec/CORE]: Incorrect key default_gamerule was corrected from null to its default, SimpleCommentedConfig:{}. 
[01Sep2026 01:04:31.406] [main/WARN] [net.minecraftforge.common.ForgeConfigSpec/CORE]: Incorrect key default_gamerule.globalStun was corrected from null to its default, true. 
[01Sep2026 01:04:31.406] [main/WARN] [net.minecraftforge.common.ForgeConfigSpec/CORE]: Incorrect key default_gamerule.keepSkills was corrected from null to its default, true. 
[01Sep2026 01:04:31.406] [main/WARN] [net.minecraftforge.common.ForgeConfigSpec/CORE]: Incorrect key default_gamerule.hasFallAnimation was corrected from null to its default, true. 
[01Sep2026 01:04:31.406] [main/WARN] [net.minecraftforge.common.ForgeConfigSpec/CORE]: Incorrect key default_gamerule.disapleEntityUI was corrected from null to its default, false. 
[01Sep2026 01:04:31.406] [main/WARN] [net.minecraftforge.common.ForgeConfigSpec/CORE]: Incorrect key default_gamerule.canSwitchPlayerMode was corrected from null to its default, true. 
[01Sep2026 01:04:31.406] [main/WARN] [net.minecraftforge.common.ForgeConfigSpec/CORE]: Incorrect key default_gamerule.stiffComboAttacks was corrected from null to its default, true. 
[01Sep2026 01:04:31.406] [main/WARN] [net.minecraftforge.common.ForgeConfigSpec/CORE]: Incorrect key default_gamerule.noMobsInBossfight was corrected from null to its default, true. 
[01Sep2026 01:04:31.406] [main/WARN] [net.minecraftforge.common.ForgeConfigSpec/CORE]: Incorrect key default_gamerule.initialMode was corrected from null to its default, 1. 
[01Sep2026 01:04:31.406] [main/WARN] [net.minecraftforge.common.ForgeConfigSpec/CORE]: Incorrect key default_gamerule.weightPenalty was corrected from null to its default, 100. 
[01Sep2026 01:04:31.406] [main/WARN] [net.minecraftforge.common.ForgeConfigSpec/CORE]: Incorrect key default_gamerule.epicDrop was corrected from null to its default, false. 
[01Sep2026 01:04:31.406] [main/WARN] [net.minecraftforge.common.ForgeConfigSpec/CORE]: Incorrect key default_gamerule.skillReplaceCooldown was corrected from null to its default, 6000. 
[01Sep2026 01:04:31.406] [main/WARN] [net.minecraftforge.common.ForgeConfigSpec/CORE]: Incorrect key default_gamerule.allow_vanilla_melee was corrected from null to its default, true. 
[01Sep2026 01:04:31.407] [main/WARN] [net.minecraftforge.common.ForgeConfigSpec/CORE]: Configuration file /tmp/rallous-smoke-039/config/modernfix-common.toml is not correct. Correcting
[01Sep2026 01:04:31.407] [main/WARN] [net.minecraftforge.common.ForgeConfigSpec/CORE]: Incorrect key blacklist_async_jei_plugins was corrected from null to its default, [jepb:jei_plugin]. 
[01Sep2026 01:04:31.407] [main/WARN] [net.minecraftforge.common.ForgeConfigSpec/CORE]: Configuration file /tmp/rallous-smoke-039/config/citadel-common.toml is not correct. Correcting
[01Sep2026 01:04:31.407] [main/WARN] [net.minecraftforge.common.ForgeConfigSpec/CORE]: Incorrect key general was corrected from null to its default, SimpleCommentedConfig:{}. 
[01Sep2026 01:04:31.407] [main/WARN] [net.minecraftforge.common.ForgeConfigSpec/CORE]: Incorrect key general.Track Entities was corrected from null to its default, true. 
[01Sep2026 01:04:31.407] [main/WARN] [net.minecraftforge.common.ForgeConfigSpec/CORE]: Incorrect key general.Skip Datapack Warnings was corrected from null to its default, true. 
[01Sep2026 01:04:31.407] [main/WARN] [net.minecraftforge.common.ForgeConfigSpec/CORE]: Incorrect key general.chunkGenSpawnModifier was corrected from null to its default, 1.0. 
[01Sep2026 01:04:31.408] [main/WARN] [net.minecraftforge.common.ForgeConfigSpec/CORE]: Incorrect key general.April Fools Content was corrected from null to its default, true. 
[01Sep2026 01:04:31.408] [main/WARN] [net.minecraftforge.common.ForgeConfigSpec/CORE]: Configuration file /tmp/rallous-smoke-039/config/guardvillagers-common.toml is not correct. Correcting
[01Sep2026 01:04:31.409] [main/WARN] [net.minecraftforge.common.ForgeConfigSpec/CORE]: Configuration file /tmp/rallous-smoke-039/config/sophisticatedbackpacks-common.toml is not correct. Correcting
[01Sep2026 01:04:31.409] [main/WARN] [net.minecraftforge.common.ForgeConfigSpec/CORE]: Incorrect key common was corrected from null to its default, SimpleCommentedConfig:{}. 
[01Sep2026 01:04:31.409] [main/WARN] [net.minecraftforge.common.ForgeConfigSpec/CORE]: Incorrect key common.chestLootEnabled was corrected from null to its default, true. 
[01Sep2026 01:04:31.410] [main/WARN] [net.minecraftforge.common.ForgeConfigSpec/CORE]: Configuration file /tmp/rallous-smoke-039/config/carryon-common.toml is not correct. Correcting
[01Sep2026 01:04:31.411] [main/WARN] [net.minecraftforge.common.ForgeConfigSpec/CORE]: Incorrect key settings was corrected from null to its default, SimpleCommentedConfig:{}. 
[01Sep2026 01:04:31.411] [main/WARN] [net.minecraftforge.common.ForgeConfigSpec/CORE]: Incorrect key settings.maxDistance was corrected from null to its default, 2.5. 
[01Sep2026 01:04:31.411] [main/WARN] [net.minecraftforge.common.ForgeConfigSpec/CORE]: Incorrect key settings.maxEntityWidth was corrected from null to its default, 1.5. 
[01Sep2026 01:04:31.411] [main/WARN] [net.minecraftforge.common.ForgeConfigSpec/CORE]: Incorrect key settings.maxEntityHeight was corrected from null to its default, 2.5. 
[01Sep2026 01:04:31.411] [main/WARN] [net.minecraftforge.common.ForgeConfigSpec/CORE]: Incorrect key settings.blockSlownessMultiplier was corrected from null to its default, 1.0. 
[01Sep2026 01:04:31.411] [main/WARN] [net.minecraftforge.common.ForgeConfigSpec/CORE]: Incorrect key settings.entitySlownessMultiplier was corrected from null to its default, 1.0. 
[01Sep2026 01:04:31.411] [main/WARN] [net.minecraftforge.common.ForgeConfigSpec/CORE]: Incorrect key settings.maxEntityStackLimit was corrected from null to its default, 10. 
[01Sep2026 01:04:31.411] [main/WARN] [net.minecraftforge.common.ForgeConfigSpec/CORE]: Incorrect key settings.heavyTiles was corrected from null to its default, true. 
[01Sep2026 01:04:31.411] [main/WARN] [net.minecraftforge.common.ForgeConfigSpec/CORE]: Incorrect key settings.pickupAllBlocks was corrected from null to its default, false. 
[01Sep2026 01:04:31.411] [main/WARN] [net.minecraftforge.common.ForgeConfigSpec/CORE]: Incorrect key settings.slownessInCreative was corrected from null to its default, true. 
[01Sep2026 01:04:31.411] [main/WARN] [net.minecraftforge.common.ForgeConfigSpec/CORE]: Incorrect key settings.pickupHostileMobs was corrected from null to its default, false. 
[01Sep2026 01:04:31.411] [main/WARN] [net.minecraftforge.common.ForgeConfigSpec/CORE]: Incorrect key settings.heavyEntities was corrected from null to its default, true. 
[01Sep2026 01:04:31.411] [main/WARN] [net.minecraftforge.common.ForgeConfigSpec/CORE]: Incorrect key settings.allowBabies was corrected from null to its default, false. 
[01Sep2026 01:04:31.411] [main/WARN] [net.minecraftforge.common.ForgeConfigSpec/CORE]: Incorrect key settings.useWhitelistBlocks was corrected from null to its default, false. 
[01Sep2026 01:04:31.411] [main/WARN] [net.minecraftforge.common.ForgeConfigSpec/CORE]: Incorrect key settings.useWhitelistEntities was corrected from null to its default, false. 
[01Sep2026 01:04:31.411] [main/WARN] [net.minecraftforge.common.ForgeConfigSpec/CORE]: Incorrect key settings.useWhitelistStacking was corrected from null to its default, false. 
[01Sep2026 01:04:31.411] [main/WARN] [net.minecraftforge.common.ForgeConfigSpec/CORE]: Incorrect key settings.hitWhileCarrying was corrected from null to its default, false. 
[01Sep2026 01:04:31.411] [main/WARN] [net.minecraftforge.common.ForgeConfigSpec/CORE]: Incorrect key settings.dropCarriedWhenHit was corrected from null to its default, false. 
[01Sep2026 01:04:31.411] [main/WARN] [net.minecraftforge.common.ForgeConfigSpec/CORE]: Incorrect key settings.useScripts was corrected from null to its default, false. 
[01Sep2026 01:04:31.411] [main/WARN] [net.minecraftforge.common.ForgeConfigSpec/CORE]: Incorrect key settings.stackableEntities was corrected from null to its default, true. 
[01Sep2026 01:04:31.411] [main/WARN] [net.minecraftforge.common.ForgeConfigSpec/CORE]: Incorrect key settings.entitySizeMattersStacking was corrected from null to its default, true. 
[01Sep2026 01:04:31.411] [main/WARN] [net.minecraftforge.common.ForgeConfigSpec/CORE]: Incorrect key settings.placementStateExceptions was corrected from null to its default, [minecraft:chest[type], minecraft:stone_button[face], minecraft:vine[north,east,south,west,up], minecraft:creeper_head[rotation], minecraft:glow_lichen[north,east,south,west,up,down], minecraft:oak_sign[rotation], minecraft:oak_trapdoor[half]]. 
[01Sep2026 01:04:31.411] [main/WARN] [net.minecraftforge.common.ForgeConfigSpec/CORE]: Incorrect key settings.pickupPlayers was corrected from null to its default, true. 
[01Sep2026 01:04:31.411] [main/WARN] [net.minecraftforge.common.ForgeConfigSpec/CORE]: Incorrect key settings.pickupUnbreakableBlocks was corrected from null to its default, false. 
[01Sep2026 01:04:31.411] [main/WARN] [net.minecraftforge.common.ForgeConfigSpec/CORE]: Incorrect key whitelist was corrected from null to its default, SimpleCommentedConfig:{}. 
[01Sep2026 01:04:31.411] [main/WARN] [net.minecraftforge.common.ForgeConfigSpec/CORE]: Incorrect key whitelist.allowedEntities was corrected from null to its default, []. 
[01Sep2026 01:04:31.411] [main/WARN] [net.minecraftforge.common.ForgeConfigSpec/CORE]: Incorrect key whitelist.allowedBlocks was corrected from null to its default, []. 
[01Sep2026 01:04:31.411] [main/WARN] [net.minecraftforge.common.ForgeConfigSpec/CORE]: Incorrect key whitelist.allowedStacking was corrected from null to its default, []. 
[01Sep2026 01:04:31.411] [main/WARN] [net.minecraftforge.common.ForgeConfigSpec/CORE]: Incorrect key blacklist was corrected from null to its default, SimpleCommentedConfig:{}. 
[01Sep2026 01:04:31.412] [main/WARN] [net.minecraftforge.common.ForgeConfigSpec/CORE]: Incorrect key blacklist.forbiddenTiles was corrected from null to its default, [#forge:immovable, #forge:relocation_not_supported, minecraft:end_portal, minecraft:piston_head, minecraft:end_gateway, minecraft:tall_grass, minecraft:large_fern, minecraft:peony, minecraft:rose_bush, minecraft:lilac, minecraft:sunflower, minecraft:*_bed, minecraft:*_door, minecraft:big_dripleaf_stem, minecraft:waterlily, minecraft:cake, minecraft:nether_portal, minecraft:tall_seagrass, animania:block_trough, animania:block_invisiblock, colossalchests:*, ic2:*, bigreactors:*, forestry:*, tconstruct:*, rustic:*, botania:*, astralsorcery:*, quark:colored_bed_*, immersiveengineering:*, embers:block_furnace, embers:ember_bore, embers:ember_activator, embers:mixer, embers:heat_coil, embers:large_tank, embers:crystal_cell, embers:alchemy_pedestal, embers:boiler, embers:combustor, embers:catalzyer, embers:field_chart, embers:inferno_forge, storagedrawers:framingtable, skyresources:*, lootbags:*, exsartagine:*, aquamunda:tank, opencomputers:*, malisisdoors:*, industrialforegoing:*, minecolonies:*, thaumcraft:pillar*, thaumcraft:infernal_furnace, thaumcraft:placeholder*, thaumcraft:infusion_matrix, thaumcraft:golem_builder, thaumcraft:thaumatorium*, magneticraft:oil_heater, magneticraft:solar_panel, magneticraft:steam_engine, magneticraft:shelving_unit, magneticraft:grinder, magneticraft:sieve, magneticraft:solar_tower, magneticraft:solar_mirror, magneticraft:container, magneticraft:pumpjack, magneticraft:solar_panel, magneticraft:refinery, magneticraft:oil_heater, magneticraft:hydraulic_press, magneticraft:multiblock_gap, refinedstorage:*, mcmultipart:*, enderstorage:*, betterstorage:*, practicallogistics2:*, wearablebackpacks:*, rftools:screen, rftools:creative_screen, create:*, magic_doorknob:*, iceandfire:*, ftbquests:*, waystones:*, contact:*, framedblocks:*, securitycraft:*, forgemultipartcbe:*, integrateddynamics:cable, mekanismgenerators:wind_generator, cookingforblockheads:cabinet, cookingforblockheads:corner, cookingforblockheads:counter, cookingforblockheads:oven, cookingforblockheads:toaster, cookingforblockheads:milk_jar, cookingforblockheads:cow_jar, cookingforblockheads:fruit_basket, cookingforblockheads:cooking_table, cookingforblockheads:fridge, cookingforblockheads:sink, powah:*, advancementtrophies:trophy, mekanismgenerators:heat_generator, mna:filler_block]. 
[01Sep2026 01:04:31.412] [main/WARN] [net.minecraftforge.common.ForgeConfigSpec/CORE]: Incorrect key blacklist.forbiddenEntities was corrected from null to its default, [minecraft:end_crystal, minecraft:ender_dragon, minecraft:ghast, minecraft:shulker, minecraft:leash_knot, minecraft:armor_stand, minecraft:item_frame, minecraft:painting, minecraft:shulker_bullet, animania:hamster, animania:ferret*, animania:hedgehog*, animania:cart, animania:wagon, mynko:*, pixelmon:*, mocreatures:*, quark:totem, vehicle:*, securitycraft:*, taterzens:npc, easy_npc:*, bodiesbodies:dead_body]. 
[01Sep2026 01:04:31.412] [main/WARN] [net.minecraftforge.common.ForgeConfigSpec/CORE]: Incorrect key blacklist.forbiddenStacking was corrected from null to its default, [minecraft:horse]. 
[01Sep2026 01:04:31.412] [main/WARN] [net.minecraftforge.common.ForgeConfigSpec/CORE]: Incorrect key customPickupConditions was corrected from null to its default, SimpleCommentedConfig:{}. 
[01Sep2026 01:04:31.412] [main/WARN] [net.minecraftforge.common.ForgeConfigSpec/CORE]: Incorrect key customPickupConditions.customPickupConditionsBlocks was corrected from null to its default, []. 
[01Sep2026 01:04:31.412] [main/WARN] [net.minecraftforge.common.ForgeConfigSpec/CORE]: Incorrect key customPickupConditions.customPickupConditionsEntities was corrected from null to its default, []. 
[01Sep2026 01:04:31.430] [main/WARN] [net.minecraftforge.common.ForgeConfigSpec/CORE]: Configuration file /tmp/rallous-smoke-039/config/betterfortresses-forge-1_20.toml is not correct. Correcting
[01Sep2026 01:04:31.430] [main/WARN] [net.minecraftforge.common.ForgeConfigSpec/CORE]: Incorrect key YUNG's Better Nether Fortresses was corrected from null to its default, SimpleCommentedConfig:{}. 
[01Sep2026 01:04:31.430] [main/WARN] [net.minecraftforge.common.ForgeConfigSpec/CORE]: Incorrect key YUNG's Better Nether Fortresses.General was corrected from null to its default, SimpleCommentedConfig:{}. 
[01Sep2026 01:04:31.430] [main/WARN] [net.minecraftforge.common.ForgeConfigSpec/CORE]: Incorrect key YUNG's Better Nether Fortresses.General.Disable Vanilla Nether Fortresses was corrected from null to its default, true. 
[01Sep2026 01:04:31.434] [main/WARN] [net.minecraftforge.common.ForgeConfigSpec/CORE]: Configuration file /tmp/rallous-smoke-039/config/farmersdelight-common.toml is not correct. Correcting
[01Sep2026 01:04:31.434] [main/WARN] [net.minecraftforge.common.ForgeConfigSpec/CORE]: Incorrect key settings was corrected from null to its default, SimpleCommentedConfig:{}. 
[01Sep2026 01:04:31.434] [main/WARN] [net.minecraftforge.common.ForgeConfigSpec/CORE]: Incorrect key settings.enableFarmerFDTrades was corrected from null to its default, true. 
[01Sep2026 01:04:31.434] [main/WARN] [net.minecraftforge.common.ForgeConfigSpec/CORE]: Incorrect key settings.enableWanderingTraderFDTrades was corrected from null to its default, true. 
[01Sep2026 01:04:31.434] [main/WARN] [net.minecraftforge.common.ForgeConfigSpec/CORE]: Incorrect key settings.enableRopeReeling was corrected from null to its default, true. 
[01Sep2026 01:04:31.434] [main/WARN] [net.minecraftforge.common.ForgeConfigSpec/CORE]: Incorrect key settings.canvasSignDarkBackgroundList was corrected from null to its default, [gray, purple, blue, brown, green, red, black]. 
[01Sep2026 01:04:31.435] [main/WARN] [net.minecraftforge.common.ForgeConfigSpec/CORE]: Incorrect key farming was corrected from null to its default, SimpleCommentedConfig:{}. 
[01Sep2026 01:04:31.435] [main/WARN] [net.minecraftforge.common.ForgeConfigSpec/CORE]: Incorrect key farming.richSoilBoostChance was corrected from null to its default, 0.2. 
[01Sep2026 01:04:31.435] [main/WARN] [net.minecraftforge.common.ForgeConfigSpec/CORE]: Incorrect key farming.enableTomatoVineClimbingTaggedRopes was corrected from null to its default, true. 
[01Sep2026 01:04:31.435] [main/WARN] [net.minecraftforge.common.ForgeConfigSpec/CORE]: Incorrect key farming.defaultTomatoVineRope was corrected from null to its default, farmersdelight:rope. 
[01Sep2026 01:04:31.435] [main/WARN] [net.minecraftforge.common.ForgeConfigSpec/CORE]: Incorrect key crafting was corrected from null to its default, SimpleCommentedConfig:{}. 
[01Sep2026 01:04:31.435] [main/WARN] [net.minecraftforge.common.ForgeConfigSpec/CORE]: Incorrect key crafting.enableCookingPotRecipeBook was corrected from null to its default, true. 
[01Sep2026 01:04:31.435] [main/WARN] [net.minecraftforge.common.ForgeConfigSpec/CORE]: Incorrect key crafting.enableVanillaCropCrates was corrected from null to its default, true. 
[01Sep2026 01:04:31.435] [main/WARN] [net.minecraftforge.common.ForgeConfigSpec/CORE]: Incorrect key crafting.cuttingBoardFortuneBonus was corrected from null to its default, 0.1. 
[01Sep2026 01:04:31.436] [main/WARN] [net.minecraftforge.common.ForgeConfigSpec/CORE]: Incorrect key overrides was corrected from null to its default, SimpleCommentedConfig:{}. 
[01Sep2026 01:04:31.436] [main/WARN] [net.minecraftforge.common.ForgeConfigSpec/CORE]: Incorrect key overrides.enableVanillaSoupExtraEffects was corrected from null to its default, true. 
[01Sep2026 01:04:31.436] [main/WARN] [net.minecraftforge.common.ForgeConfigSpec/CORE]: Incorrect key overrides.enableRabbitStewJumpBoost was corrected from null to its default, true. 
[01Sep2026 01:04:31.436] [main/WARN] [net.minecraftforge.common.ForgeConfigSpec/CORE]: Incorrect key overrides.enablePumpkinPieSneakToPlace was corrected from null to its default, false. 
[01Sep2026 01:04:31.436] [main/WARN] [net.minecraftforge.common.ForgeConfigSpec/CORE]: Incorrect key overrides.enableCuttingBoardDispenserBehavior was corrected from null to its default, true. 
[01Sep2026 01:04:31.436] [main/WARN] [net.minecraftforge.common.ForgeConfigSpec/CORE]: Incorrect key overrides.stack_size was corrected from null to its default, SimpleCommentedConfig:{}. 
[01Sep2026 01:04:31.436] [main/WARN] [net.minecraftforge.common.ForgeConfigSpec/CORE]: Incorrect key overrides.stack_size.enableStackableSoupItems was corrected from null to its default, true. 
[01Sep2026 01:04:31.436] [main/WARN] [net.minecraftforge.common.ForgeConfigSpec/CORE]: Incorrect key overrides.stack_size.soupItemList was corrected from null to its default, [minecraft:mushroom_stew, minecraft:beetroot_soup, minecraft:rabbit_stew]. 
[01Sep2026 01:04:31.436] [main/WARN] [net.minecraftforge.common.ForgeConfigSpec/CORE]: Incorrect key world was corrected from null to its default, SimpleCommentedConfig:{}. 
[01Sep2026 01:04:31.436] [main/WARN] [net.minecraftforge.common.ForgeConfigSpec/CORE]: Incorrect key world.generateFDChestLoot was corrected from null to its default, true. 
[01Sep2026 01:04:31.436] [main/WARN] [net.minecraftforge.common.ForgeConfigSpec/CORE]: Incorrect key world.generateVillageCompostHeaps was corrected from null to its default, true. 
[01Sep2026 01:04:31.436] [main/WARN] [net.minecraftforge.common.ForgeConfigSpec/CORE]: Incorrect key world.generateFDCropsOnVillageFarms was corrected from null to its default, true. 
[01Sep2026 01:04:31.437] [main/WARN] [net.minecraftforge.common.ForgeConfigSpec/CORE]: Incorrect key debug was corrected from null to its default, SimpleCommentedConfig:{}. 
[01Sep2026 01:04:31.437] [main/WARN] [net.minecraftforge.common.ForgeConfigSpec/CORE]: Incorrect key debug.enableTomatoRopePermanence was corrected from null to its default, true. 
[01Sep2026 01:04:31.438] [main/WARN] [net.minecraftforge.common.ForgeConfigSpec/CORE]: Configuration file /tmp/rallous-smoke-039/config/malum-common.toml is not correct. Correcting
[01Sep2026 01:04:31.438] [main/WARN] [net.minecraftforge.common.ForgeConfigSpec/CORE]: Incorrect key spirit was corrected from null to its default, SimpleCommentedConfig:{}. 
[01Sep2026 01:04:31.438] [main/WARN] [net.minecraftforge.common.ForgeConfigSpec/CORE]: Incorrect key spirit.affinity was corrected from null to its default, SimpleCommentedConfig:{}. 
[01Sep2026 01:04:31.438] [main/WARN] [net.minecraftforge.common.ForgeConfigSpec/CORE]: Incorrect key spirit.affinity.soul_ward was corrected from null to its default, SimpleCommentedConfig:{}. 
[01Sep2026 01:04:31.438] [main/WARN] [net.minecraftforge.common.ForgeConfigSpec/CORE]: Incorrect key spirit.affinity.soul_ward.soulWardPhysical was corrected from null to its default, 0.699999988079071. 
[01Sep2026 01:04:31.438] [main/WARN] [net.minecraftforge.common.ForgeConfigSpec/CORE]: Incorrect key spirit.affinity.soul_ward.soulWardMagic was corrected from null to its default, 0.10000000149011612. 
[01Sep2026 01:04:31.439] [main/WARN] [net.minecraftforge.common.ForgeConfigSpec/CORE]: Incorrect key spirit.affinity.soul_ward.soulWardRate was corrected from null to its default, 100. 
[01Sep2026 01:04:31.439] [main/WARN] [net.minecraftforge.common.ForgeConfigSpec/CORE]: Incorrect key spirit.spawner was corrected from null to its default, SimpleCommentedConfig:{}. 
[01Sep2026 01:04:31.439] [main/WARN] [net.minecraftforge.common.ForgeConfigSpec/CORE]: Incorrect key spirit.spawner.lameSpawners was corrected from null to its default, false. 
[01Sep2026 01:04:31.439] [main/WARN] [net.minecraftforge.common.ForgeConfigSpec/CORE]: Incorrect key spirit.noFancySpirits was corrected from null to its default, false. 
[01Sep2026 01:04:31.439] [main/WARN] [net.minecraftforge.common.ForgeConfigSpec/CORE]: Incorrect key spirit.noFancySpiritsTotem was corrected from null to its default, true. 
[01Sep2026 01:04:31.439] [main/WARN] [net.minecraftforge.common.ForgeConfigSpec/CORE]: Incorrect key spirit.defaults was corrected from null to its default, SimpleCommentedConfig:{}. 
[01Sep2026 01:04:31.439] [main/WARN] [net.minecraftforge.common.ForgeConfigSpec/CORE]: Incorrect key spirit.defaults.defaultSpiritValues was corrected from null to its default, true. 
[01Sep2026 01:04:31.439] [main/WARN] [net.minecraftforge.common.ForgeConfigSpec/CORE]: Incorrect key compat was corrected from null to its default, SimpleCommentedConfig:{}. 
[01Sep2026 01:04:31.439] [main/WARN] [net.minecraftforge.common.ForgeConfigSpec/CORE]: Incorrect key compat.irons_spellbooks was corrected from null to its default, SimpleCommentedConfig:{}. 
[01Sep2026 01:04:31.439] [main/WARN] [net.minecraftforge.common.ForgeConfigSpec/CORE]: Incorrect key compat.irons_spellbooks.ironsSpellbooksPlayerSpiritDrops was corrected from null to its default, true. 
[01Sep2026 01:04:31.439] [main/WARN] [net.minecraftforge.common.ForgeConfigSpec/CORE]: Incorrect key compat.irons_spellbooks.ironsSpellbooksNonPlayerSpiritDrops was corrected from null to its default, true. 
[01Sep2026 01:04:31.439] [main/WARN] [net.minecraftforge.common.ForgeConfigSpec/CORE]: Incorrect key codex was corrected from null to its default, SimpleCommentedConfig:{}. 
[01Sep2026 01:04:31.439] [main/WARN] [net.minecraftforge.common.ForgeConfigSpec/CORE]: Incorrect key codex.enableCodexDrop was corrected from null to its default, true. 
[01Sep2026 01:04:31.440] [main/WARN] [net.minecraftforge.common.ForgeConfigSpec/CORE]: Configuration file /tmp/rallous-smoke-039/config/betterstrongholds-forge-1_20.toml is not correct. Correcting
[01Sep2026 01:04:31.440] [main/WARN] [net.minecraftforge.common.ForgeConfigSpec/CORE]: Incorrect key YUNG's Better Strongholds was corrected from null to its default, SimpleCommentedConfig:{}. 
[01Sep2026 01:04:31.440] [main/WARN] [net.minecraftforge.common.ForgeConfigSpec/CORE]: Incorrect key YUNG's Better Strongholds.General was corrected from null to its default, SimpleCommentedConfig:{}. 
[01Sep2026 01:04:31.440] [main/WARN] [net.minecraftforge.common.ForgeConfigSpec/CORE]: Incorrect key YUNG's Better Strongholds.General.Cobweb Spawn Rate (NORMAL) was corrected from null to its default, 0.1. 
[01Sep2026 01:04:31.440] [main/WARN] [net.minecraftforge.common.ForgeConfigSpec/CORE]: Incorrect key YUNG's Better Strongholds.General.Cobweb Spawn Rate (SPAWNER) was corrected from null to its default, 0.3. 
[01Sep2026 01:04:31.440] [main/WARN] [net.minecraftforge.common.ForgeConfigSpec/CORE]: Incorrect key YUNG's Better Strongholds.General.Torch Spawn Rate was corrected from null to its default, 0.1. 
[01Sep2026 01:04:31.440] [main/WARN] [net.minecraftforge.common.ForgeConfigSpec/CORE]: Incorrect key YUNG's Better Strongholds.General.Lantern Spawn Rate was corrected from null to its default, 0.2. 
[01Sep2026 01:04:31.440] [main/WARN] [yungsapi/]: WARNING: block Block{minecraft:coal_ore} added to BlockStateRandomizer exceeds max probabiltiy of 1!
[01Sep2026 01:04:31.442] [main/WARN] [net.minecraftforge.common.ForgeConfigSpec/CORE]: Configuration file /tmp/rallous-smoke-039/config/legendarysurvivaloverhaul/legendarysurvivaloverhaul-common.toml is not correct. Correcting
[01Sep2026 01:04:31.442] [main/WARN] [net.minecraftforge.common.ForgeConfigSpec/CORE]: Incorrect key core was corrected from null to its default, SimpleCommentedConfig:{}. 
[01Sep2026 01:04:31.442] [main/WARN] [net.minecraftforge.common.ForgeConfigSpec/CORE]: Incorrect key core.Temperature Enabled was corrected from null to its default, true. 
[01Sep2026 01:04:31.442] [main/WARN] [net.minecraftforge.common.ForgeConfigSpec/CORE]: Incorrect key core.Thirst Enabled was corrected from null to its default, true. 
[01Sep2026 01:04:31.442] [main/WARN] [net.minecraftforge.common.ForgeConfigSpec/CORE]: Incorrect key core.Health Overhaul Enabled was corrected from null to its default, true. 
[01Sep2026 01:04:31.442] [main/WARN] [net.minecraftforge.common.ForgeConfigSpec/CORE]: Incorrect key core.Localized Body Damage Enabled was corrected from null to its default, true. 
[01Sep2026 01:04:31.442] [main/WARN] [net.minecraftforge.common.ForgeConfigSpec/CORE]: Incorrect key core.Temperature Difficulty Mode was corrected from null to its default, HARD. 
[01Sep2026 01:04:31.442] [main/WARN] [net.minecraftforge.common.ForgeConfigSpec/CORE]: Incorrect key core.advanced was corrected from null to its default, SimpleCommentedConfig:{}. 
[01Sep2026 01:04:31.442] [main/WARN] [net.minecraftforge.common.ForgeConfigSpec/CORE]: Incorrect key core.advanced.Routine Packet Sync was corrected from null to its default, 30. 
[01Sep2026 01:04:31.442] [main/WARN] [net.minecraftforge.common.ForgeConfigSpec/CORE]: Incorrect key core.misc was corrected from null to its default, SimpleCommentedConfig:{}. 
[01Sep2026 01:04:31.442] [main/WARN] [net.minecraftforge.common.ForgeConfigSpec/CORE]: Incorrect key core.misc.Compass Info Mode was corrected from null to its default, FULL. 
[01Sep2026 01:04:31.442] [main/WARN] [net.minecraftforge.common.ForgeConfigSpec/CORE]: Incorrect key core.misc.Show Coordinate On Filled Map was corrected from null to its default, true. 
[01Sep2026 01:04:31.442] [main/WARN] [net.minecraftforge.common.ForgeConfigSpec/CORE]: Incorrect key core.misc.Hide Info From Debug was corrected from null to its default, true. 
[01Sep2026 01:04:31.442] [main/WARN] [net.minecraftforge.common.ForgeConfigSpec/CORE]: Incorrect key core.misc.Natural Regeneration Enabled was corrected from null to its default, false. 
[01Sep2026 01:04:31.442] [main/WARN] [net.minecraftforge.common.ForgeConfigSpec/CORE]: Incorrect key core.misc.Vanilla Freeze Enabled was corrected from null to its default, false. 
[01Sep2026 01:04:31.442] [main/WARN] [net.minecraftforge.common.ForgeConfigSpec/CORE]: Incorrect key core.misc.Initial Player Health was corrected from null to its default, 20.0. 
[01Sep2026 01:04:31.442] [main/WARN] [net.minecraftforge.common.ForgeConfigSpec/CORE]: Incorrect key food was corrected from null to its default, SimpleCommentedConfig:{}. 
[01Sep2026 01:04:31.442] [main/WARN] [net.minecraftforge.common.ForgeConfigSpec/CORE]: Incorrect key food.Base Food Exhaustion was corrected from null to its default, 0.05. 
[01Sep2026 01:04:31.442] [main/WARN] [net.minecraftforge.common.ForgeConfigSpec/CORE]: Incorrect key food.Sprinting Food Exhaustion was corrected from null to its default, 0.1. 
[01Sep2026 01:04:31.442] [main/WARN] [net.minecraftforge.common.ForgeConfigSpec/CORE]: Incorrect key food.On Attack Food Exhaustion was corrected from null to its default, 0.1. 
[01Sep2026 01:04:31.443] [main/WARN] [net.minecraftforge.common.ForgeConfigSpec/CORE]: Incorrect key temperature was corrected from null to its default, SimpleCommentedConfig:{}. 
[01Sep2026 01:04:31.443] [main/WARN] [net.minecraftforge.common.ForgeConfigSpec/CORE]: Incorrect key temperature.Dangerous Heat Temperature Effects was corrected from null to its default, true. 
[01Sep2026 01:04:31.443] [main/WARN] [net.minecraftforge.common.ForgeConfigSpec/CORE]: Incorrect key temperature.Dangerous Cold Temperature Effects was corrected from null to its default, true. 
[01Sep2026 01:04:31.443] [main/WARN] [net.minecraftforge.common.ForgeConfigSpec/CORE]: Incorrect key temperature.Gold Fern Chance was corrected from null to its default, 0.01. 
[01Sep2026 01:04:31.443] [main/WARN] [net.minecraftforge.common.ForgeConfigSpec/CORE]: Incorrect key temperature.temperature-immunity was corrected from null to its default, SimpleCommentedConfig:{}. 
[01Sep2026 01:04:31.443] [main/WARN] [net.minecraftforge.common.ForgeConfigSpec/CORE]: Incorrect key temperature.temperature-immunity.Temperature Immunity On Death Enabled was corrected from null to its default, true. 
[01Sep2026 01:04:31.443] [main/WARN] [net.minecraftforge.common.ForgeConfigSpec/CORE]: Incorrect key temperature.temperature-immunity.Temperature Immunity On Death Time was corrected from null to its default, 1800. 
[01Sep2026 01:04:31.443] [main/WARN] [net.minecraftforge.common.ForgeConfigSpec/CORE]: Incorrect key temperature.temperature-immunity.Temperature Immunity On First Spawn Enabled was corrected from null to its default, true. 
[01Sep2026 01:04:31.443] [main/WARN] [net.minecraftforge.common.ForgeConfigSpec/CORE]: Incorrect key temperature.temperature-immunity.Temperature Immunity On First Spawn Time was corrected from null to its default, 1800. 
[01Sep2026 01:04:31.443] [main/WARN] [net.minecraftforge.common.ForgeConfigSpec/CORE]: Incorrect key temperature.secondary_effects was corrected from null to its default, SimpleCommentedConfig:{}. 
[01Sep2026 01:04:31.443] [main/WARN] [net.minecraftforge.common.ForgeConfigSpec/CORE]: Incorrect key temperature.secondary_effects.Heat Temperature Secondary Effects was corrected from null to its default, true. 
[01Sep2026 01:04:31.443] [main/WARN] [net.minecraftforge.common.ForgeConfigSpec/CORE]: Incorrect key temperature.secondary_effects.Cold Temperature Secondary Effects was corrected from null to its default, true. 
[01Sep2026 01:04:31.443] [main/WARN] [net.minecraftforge.common.ForgeConfigSpec/CORE]: Incorrect key temperature.secondary_effects.Heat Thirst Effect Modifier was corrected from null to its default, 0.2. 
[01Sep2026 01:04:31.443] [main/WARN] [net.minecraftforge.common.ForgeConfigSpec/CORE]: Incorrect key temperature.secondary_effects.Cold Hunger Modifier was corrected from null to its default, 0.1. 
[01Sep2026 01:04:31.443] [main/WARN] [net.minecraftforge.common.ForgeConfigSpec/CORE]: Incorrect key temperature.Player On Fire Modifier was corrected from null to its default, 12.5. 
[01Sep2026 01:04:31.443] [main/WARN] [net.minecraftforge.common.ForgeConfigSpec/CORE]: Incorrect key temperature.Player Sprint Modifier was corrected from null to its default, 1.5. 
[01Sep2026 01:04:31.443] [main/WARN] [net.minecraftforge.common.ForgeConfigSpec/CORE]: Incorrect key temperature.Altitude Modifier was corrected from null to its default, -6.0. 
[01Sep2026 01:04:31.443] [main/WARN] [net.minecraftforge.common.ForgeConfigSpec/CORE]: Incorrect key temperature.wetness was corrected from null to its default, SimpleCommentedConfig:{}. 
[01Sep2026 01:04:31.443] [main/WARN] [net.minecraftforge.common.ForgeConfigSpec/CORE]: Incorrect key temperature.wetness.Wetness Enabled was corrected from null to its default, true. 
[01Sep2026 01:04:31.443] [main/WARN] [net.minecraftforge.common.ForgeConfigSpec/CORE]: Incorrect key temperature.wetness.Wetness Immunity Mounts was corrected from null to its default, [alexscaves:submarine, immersive_machinery:bamboo_bee, immersive_machinery:tunnel_digger, immersive_machinery:redstone_sheep, immersive_machinery:copperfin]. 
[01Sep2026 01:04:31.443] [main/WARN] [net.minecraftforge.common.ForgeConfigSpec/CORE]: Incorrect key temperature.wetness.Wetness Modifier was corrected from null to its default, -10.0. 
[01Sep2026 01:04:31.443] [main/WARN] [net.minecraftforge.common.ForgeConfigSpec/CORE]: Incorrect key temperature.wetness.Wetness Tick Timer was corrected from null to its default, 10. 
[01Sep2026 01:04:31.443] [main/WARN] [net.minecraftforge.common.ForgeConfigSpec/CORE]: Incorrect key temperature.wetness.Wetness Decrease was corrected from null to its default, -3. 
[01Sep2026 01:04:31.443] [main/WARN] [net.minecraftforge.common.ForgeConfigSpec/CORE]: Incorrect key temperature.wetness.Wetness Under Rain Increase was corrected from null to its default, 7. 
[01Sep2026 01:04:31.443] [main/WARN] [net.minecraftforge.common.ForgeConfigSpec/CORE]: Incorrect key temperature.wetness.Wetness In Fluid Increase was corrected from null to its default, 10. 
[01Sep2026 01:04:31.443] [main/WARN] [net.minecraftforge.common.ForgeConfigSpec/CORE]: Incorrect key temperature.huddling was corrected from null to its default, SimpleCommentedConfig:{}. 
[01Sep2026 01:04:31.443] [main/WARN] [net.minecraftforge.common.ForgeConfigSpec/CORE]: Incorrect key temperature.huddling.Player Huddling Modifier was corrected from null to its default, 0.5. 
[01Sep2026 01:04:31.443] [main/WARN] [net.minecraftforge.common.ForgeConfigSpec/CORE]: Incorrect key temperature.huddling.Player Huddling Radius was corrected from null to its default, 1. 
[01Sep2026 01:04:31.443] [main/WARN] [net.minecraftforge.common.ForgeConfigSpec/CORE]: Incorrect key temperature.biomes was corrected from null to its default, SimpleCommentedConfig:{}. 
[01Sep2026 01:04:31.443] [main/WARN] [net.minecraftforge.common.ForgeConfigSpec/CORE]: Incorrect key temperature.biomes.Biome Temperature Multiplier was corrected from null to its default, 18.0. 
[01Sep2026 01:04:31.443] [main/WARN] [net.minecraftforge.common.ForgeConfigSpec/CORE]: Incorrect key temperature.biomes.Biomes affect Temperature was corrected from null to its default, true. 
[01Sep2026 01:04:31.443] [main/WARN] [net.minecraftforge.common.ForgeConfigSpec/CORE]: Incorrect key temperature.biomes.Biome's Dryness Multiplier was corrected from null to its default, 0.2. 
[01Sep2026 01:04:31.443] [main/WARN] [net.minecraftforge.common.ForgeConfigSpec/CORE]: Incorrect key temperature.underground was corrected from null to its default, SimpleCommentedConfig:{}. 
[01Sep2026 01:04:31.443] [main/WARN] [net.minecraftforge.common.ForgeConfigSpec/CORE]: Incorrect key temperature.underground.Underground Biome Temperature Multiplier was corrected from null to its default, 0.8. 
[01Sep2026 01:04:31.443] [main/WARN] [net.minecraftforge.common.ForgeConfigSpec/CORE]: Incorrect key temperature.underground.Start Distance To World Surface For Underground Effect was corrected from null to its default, 10. 
[01Sep2026 01:04:31.443] [main/WARN] [net.minecraftforge.common.ForgeConfigSpec/CORE]: Incorrect key temperature.underground.End Distance To World Surface For Underground Effect was corrected from null to its default, 16. 
[01Sep2026 01:04:31.443] [main/WARN] [net.minecraftforge.common.ForgeConfigSpec/CORE]: Incorrect key temperature.weather was corrected from null to its default, SimpleCommentedConfig:{}. 
[01Sep2026 01:04:31.443] [main/WARN] [net.minecraftforge.common.ForgeConfigSpec/CORE]: Incorrect key temperature.weather.Rain Temperature Modifier was corrected from null to its default, -2.0. 
[01Sep2026 01:04:31.443] [main/WARN] [net.minecraftforge.common.ForgeConfigSpec/CORE]: Incorrect key temperature.weather.Snow Temperature Modifier was corrected from null to its default, -6.0. 
[01Sep2026 01:04:31.443] [main/WARN] [net.minecraftforge.common.ForgeConfigSpec/CORE]: Incorrect key temperature.freeze was corrected from null to its default, SimpleCommentedConfig:{}. 
[01Sep2026 01:04:31.443] [main/WARN] [net.minecraftforge.common.ForgeConfigSpec/CORE]: Incorrect key temperature.freeze.Max Freeze Temperature Modifier was corrected from null to its default, -10.0. 
[01Sep2026 01:04:31.443] [main/WARN] [net.minecraftforge.common.ForgeConfigSpec/CORE]: Incorrect key temperature.freeze.Max Freeze Effect Tick was corrected from null to its default, 400. 
[01Sep2026 01:04:31.443] [main/WARN] [net.minecraftforge.common.ForgeConfigSpec/CORE]: Incorrect key temperature.time was corrected from null to its default, SimpleCommentedConfig:{}. 
[01Sep2026 01:04:31.443] [main/WARN] [net.minecraftforge.common.ForgeConfigSpec/CORE]: Incorrect key temperature.time.Time Based Temperature Modifier was corrected from null to its default, 2.0. 
[01Sep2026 01:04:31.443] [main/WARN] [net.minecraftforge.common.ForgeConfigSpec/CORE]: Incorrect key temperature.time.Biome Time Multiplier was corrected from null to its default, 1.75. 
[01Sep2026 01:04:31.443] [main/WARN] [net.minecraftforge.common.ForgeConfigSpec/CORE]: Incorrect key temperature.time.Shade Time Modifier was corrected from null to its default, -6.0. 
[01Sep2026 01:04:31.443] [main/WARN] [net.minecraftforge.common.ForgeConfigSpec/CORE]: Incorrect key temperature.time.Shade Time Modifier Threshold was corrected from null to its default, 9.0. 
[01Sep2026 01:04:31.443] [main/WARN] [net.minecraftforge.common.ForgeConfigSpec/CORE]: Incorrect key temperature.coat was corrected from null to its default, SimpleCommentedConfig:{}. 
[01Sep2026 01:04:31.443] [main/WARN] [net.minecraftforge.common.ForgeConfigSpec/CORE]: Incorrect key temperature.coat.heating was corrected from null to its default, SimpleCommentedConfig:{}. 
[01Sep2026 01:04:31.444] [main/WARN] [net.minecraftforge.common.ForgeConfigSpec/CORE]: Incorrect key temperature.coat.heating.Heating Coat I was corrected from null to its default, 2.0. 
[01Sep2026 01:04:31.444] [main/WARN] [net.minecraftforge.common.ForgeConfigSpec/CORE]: Incorrect key temperature.coat.heating.Heating Coat II was corrected from null to its default, 3.0. 
[01Sep2026 01:04:31.444] [main/WARN] [net.minecraftforge.common.ForgeConfigSpec/CORE]: Incorrect key temperature.coat.heating.Heating Coat III was corrected from null to its default, 4.0. 
[01Sep2026 01:04:31.444] [main/WARN] [net.minecraftforge.common.ForgeConfigSpec/CORE]: Incorrect key temperature.coat.cooling was corrected from null to its default, SimpleCommentedConfig:{}. 
[01Sep2026 01:04:31.444] [main/WARN] [net.minecraftforge.common.ForgeConfigSpec/CORE]: Incorrect key temperature.coat.cooling.Cooling Coat I was corrected from null to its default, 2.0. 
[01Sep2026 01:04:31.444] [main/WARN] [net.minecraftforge.common.ForgeConfigSpec/CORE]: Incorrect key temperature.coat.cooling.Cooling Coat II was corrected from null to its default, 3.0. 
[01Sep2026 01:04:31.444] [main/WARN] [net.minecraftforge.common.ForgeConfigSpec/CORE]: Incorrect key temperature.coat.cooling.Cooling Coat III was corrected from null to its default, 4.0. 
[01Sep2026 01:04:31.444] [main/WARN] [net.minecraftforge.common.ForgeConfigSpec/CORE]: Incorrect key temperature.coat.thermal was corrected from null to its default, SimpleCommentedConfig:{}. 
[01Sep2026 01:04:31.444] [main/WARN] [net.minecraftforge.common.ForgeConfigSpec/CORE]: Incorrect key temperature.coat.thermal.Thermal Coat I was corrected from null to its default, 2.0. 
[01Sep2026 01:04:31.444] [main/WARN] [net.minecraftforge.common.ForgeConfigSpec/CORE]: Incorrect key temperature.coat.thermal.Thermal Coat II was corrected from null to its default, 3.0. 
[01Sep2026 01:04:31.444] [main/WARN] [net.minecraftforge.common.ForgeConfigSpec/CORE]: Incorrect key temperature.coat.thermal.Thermal Coat III was corrected from null to its default, 4.0. 
[01Sep2026 01:04:31.444] [main/WARN] [net.minecraftforge.common.ForgeConfigSpec/CORE]: Incorrect key temperature.advanced was corrected from null to its default, SimpleCommentedConfig:{}. 
[01Sep2026 01:04:31.444] [main/WARN] [net.minecraftforge.common.ForgeConfigSpec/CORE]: Incorrect key temperature.advanced.Temperature Influence Maximum Distance was corrected from null to its default, 20. 
[01Sep2026 01:04:31.444] [main/WARN] [net.minecraftforge.common.ForgeConfigSpec/CORE]: Incorrect key temperature.advanced.Temperature Influence Up Distance Multiplier was corrected from null to its default, 0.75. 
[01Sep2026 01:04:31.444] [main/WARN] [net.minecraftforge.common.ForgeConfigSpec/CORE]: Incorrect key temperature.advanced.Temperature Influence Outside Distance Multiplier was corrected from null to its default, 0.5. 
[01Sep2026 01:04:31.444] [main/WARN] [net.minecraftforge.common.ForgeConfigSpec/CORE]: Incorrect key temperature.advanced.temperature-modification was corrected from null to its default, SimpleCommentedConfig:{}. 
[01Sep2026 01:04:31.444] [main/WARN] [net.minecraftforge.common.ForgeConfigSpec/CORE]: Incorrect key temperature.advanced.temperature-modification.Temperature Tick Time was corrected from null to its default, 20. 
[01Sep2026 01:04:31.444] [main/WARN] [net.minecraftforge.common.ForgeConfigSpec/CORE]: Incorrect key temperature.advanced.temperature-modification.Maximum Temperature Modification was corrected from null to its default, 1.0. 
[01Sep2026 01:04:31.444] [main/WARN] [net.minecraftforge.common.ForgeConfigSpec/CORE]: Incorrect key temperature.advanced.temperature-modification.Minimum Temperature Modification was corrected from null to its default, 0.2. 
[01Sep2026 01:04:31.444] [main/WARN] [net.minecraftforge.common.ForgeConfigSpec/CORE]: Incorrect key temperature.integration was corrected from null to its default, SimpleCommentedConfig:{}. 
[01Sep2026 01:04:31.444] [main/WARN] [net.minecraftforge.common.ForgeConfigSpec/CORE]: Incorrect key temperature.integration.terrafirmacraft was corrected from null to its default, SimpleCommentedConfig:{}. 
[01Sep2026 01:04:31.444] [main/WARN] [net.minecraftforge.common.ForgeConfigSpec/CORE]: Incorrect key temperature.integration.terrafirmacraft.TerraFirmaCraft Item Heat Multiplier was corrected from null to its default, 0.01. 
[01Sep2026 01:04:31.444] [main/WARN] [net.minecraftforge.common.ForgeConfigSpec/CORE]: Incorrect key temperature.integration.terrafirmacraft.TerraFirmaCraft Temperature Multiplier was corrected from null to its default, 1.0. 
[01Sep2026 01:04:31.444] [main/WARN] [net.minecraftforge.common.ForgeConfigSpec/CORE]: Incorrect key temperature.integration.serene-seasons was corrected from null to its default, SimpleCommentedConfig:{}. 
[01Sep2026 01:04:31.444] [main/WARN] [net.minecraftforge.common.ForgeConfigSpec/CORE]: Incorrect key temperature.integration.serene-seasons.Serene Seasons Enabled was corrected from null to its default, true. 
[01Sep2026 01:04:31.444] [main/WARN] [net.minecraftforge.common.ForgeConfigSpec/CORE]: Incorrect key temperature.integration.serene-seasons.Tropical Seasons Enabled was corrected from null to its default, false. 
[01Sep2026 01:04:31.444] [main/WARN] [net.minecraftforge.common.ForgeConfigSpec/CORE]: Incorrect key temperature.integration.serene-seasons.Season Cards Enabled was corrected from null to its default, false. 
[01Sep2026 01:04:31.444] [main/WARN] [net.minecraftforge.common.ForgeConfigSpec/CORE]: Incorrect key temperature.integration.serene-seasons.Default Season Enabled was corrected from null to its default, true. 
[01Sep2026 01:04:31.444] [main/WARN] [net.minecraftforge.common.ForgeConfigSpec/CORE]: Incorrect key temperature.integration.serene-seasons.temperate was corrected from null to its default, SimpleCommentedConfig:{}. 
[01Sep2026 01:04:31.444] [main/WARN] [net.minecraftforge.common.ForgeConfigSpec/CORE]: Incorrect key temperature.integration.serene-seasons.temperate.spring was corrected from null to its default, SimpleCommentedConfig:{}. 
[01Sep2026 01:04:31.444] [main/WARN] [net.minecraftforge.common.ForgeConfigSpec/CORE]: Incorrect key temperature.integration.serene-seasons.temperate.spring.Early Spring Modifier was corrected from null to its default, -3.0. 
[01Sep2026 01:04:31.444] [main/WARN] [net.minecraftforge.common.ForgeConfigSpec/CORE]: Incorrect key temperature.integration.serene-seasons.temperate.spring.Mid Spring Modifier was corrected from null to its default, 0.0. 
[01Sep2026 01:04:31.444] [main/WARN] [net.minecraftforge.common.ForgeConfigSpec/CORE]: Incorrect key temperature.integration.serene-seasons.temperate.spring.Late Spring Modifier was corrected from null to its default, 3.0. 
[01Sep2026 01:04:31.444] [main/WARN] [net.minecraftforge.common.ForgeConfigSpec/CORE]: Incorrect key temperature.integration.serene-seasons.temperate.summer was corrected from null to its default, SimpleCommentedConfig:{}. 
[01Sep2026 01:04:31.444] [main/WARN] [net.minecraftforge.common.ForgeConfigSpec/CORE]: Incorrect key temperature.integration.serene-seasons.temperate.summer.Early Summer Modifier was corrected from null to its default, 6.0. 
[01Sep2026 01:04:31.444] [main/WARN] [net.minecraftforge.common.ForgeConfigSpec/CORE]: Incorrect key temperature.integration.serene-seasons.temperate.summer.Mid Summer Modifier was corrected from null to its default, 10.0. 
[01Sep2026 01:04:31.444] [main/WARN] [net.minecraftforge.common.ForgeConfigSpec/CORE]: Incorrect key temperature.integration.serene-seasons.temperate.summer.Late Summer Modifier was corrected from null to its default, 6.0. 
[01Sep2026 01:04:31.444] [main/WARN] [net.minecraftforge.common.ForgeConfigSpec/CORE]: Incorrect key temperature.integration.serene-seasons.temperate.autumn was corrected from null to its default, SimpleCommentedConfig:{}. 
[01Sep2026 01:04:31.444] [main/WARN] [net.minecraftforge.common.ForgeConfigSpec/CORE]: Incorrect key temperature.integration.serene-seasons.temperate.autumn.Early Autumn Modifier was corrected from null to its default, 3.0. 
[01Sep2026 01:04:31.444] [main/WARN] [net.minecraftforge.common.ForgeConfigSpec/CORE]: Incorrect key temperature.integration.serene-seasons.temperate.autumn.Mid Autumn Modifier was corrected from null to its default, 0.0. 
[01Sep2026 01:04:31.444] [main/WARN] [net.minecraftforge.common.ForgeConfigSpec/CORE]: Incorrect key temperature.integration.serene-seasons.temperate.autumn.Late Autumn Modifier was corrected from null to its default, -3.0. 
[01Sep2026 01:04:31.444] [main/WARN] [net.minecraftforge.common.ForgeConfigSpec/CORE]: Incorrect key temperature.integration.serene-seasons.temperate.winter was corrected from null to its default, SimpleCommentedConfig:{}. 
[01Sep2026 01:04:31.444] [main/WARN] [net.minecraftforge.common.ForgeConfigSpec/CORE]: Incorrect key temperature.integration.serene-seasons.temperate.winter.Early Winter Modifier was corrected from null to its default, -7.0. 
[01Sep2026 01:04:31.444] [main/WARN] [net.minecraftforge.common.ForgeConfigSpec/CORE]: Incorrect key temperature.integration.serene-seasons.temperate.winter.Mid Winter Modifier was corrected from null to its default, -12.0. 
[01Sep2026 01:04:31.444] [main/WARN] [net.minecraftforge.common.ForgeConfigSpec/CORE]: Incorrect key temperature.integration.serene-seasons.temperate.winter.Late Winter Modifier was corrected from null to its default, -7.0. 
[01Sep2026 01:04:31.444] [main/WARN] [net.minecraftforge.common.ForgeConfigSpec/CORE]: Incorrect key temperature.integration.serene-seasons.tropical was corrected from null to its default, SimpleCommentedConfig:{}. 
[01Sep2026 01:04:31.444] [main/WARN] [net.minecraftforge.common.ForgeConfigSpec/CORE]: Incorrect key temperature.integration.serene-seasons.tropical.wet-season was corrected from null to its default, SimpleCommentedConfig:{}. 
[01Sep2026 01:04:31.444] [main/WARN] [net.minecraftforge.common.ForgeConfigSpec/CORE]: Incorrect key temperature.integration.serene-seasons.tropical.wet-season.Early Wet Season Modifier was corrected from null to its default, -1.0. 
[01Sep2026 01:04:31.444] [main/WARN] [net.minecraftforge.common.ForgeConfigSpec/CORE]: Incorrect key temperature.integration.serene-seasons.tropical.wet-season.Mid Wet Season Modifier was corrected from null to its default, -5.0. 
[01Sep2026 01:04:31.444] [main/WARN] [net.minecraftforge.common.ForgeConfigSpec/CORE]: Incorrect key temperature.integration.serene-seasons.tropical.wet-season.Late Wet Season Modifier was corrected from null to its default, -1.0. 
[01Sep2026 01:04:31.444] [main/WARN] [net.minecraftforge.common.ForgeConfigSpec/CORE]: Incorrect key temperature.integration.serene-seasons.tropical.dry-season was corrected from null to its default, SimpleCommentedConfig:{}. 
[01Sep2026 01:04:31.444] [main/WARN] [net.minecraftforge.common.ForgeConfigSpec/CORE]: Incorrect key temperature.integration.serene-seasons.tropical.dry-season.Early Dry Season Modifier was corrected from null to its default, 3.0. 
[01Sep2026 01:04:31.444] [main/WARN] [net.minecraftforge.common.ForgeConfigSpec/CORE]: Incorrect key temperature.integration.serene-seasons.tropical.dry-season.Mid Dry Season Modifier was corrected from null to its default, 7.0. 
[01Sep2026 01:04:31.444] [main/WARN] [net.minecraftforge.common.ForgeConfigSpec/CORE]: Incorrect key temperature.integration.serene-seasons.tropical.dry-season.Late Dry Season Modifier was corrected from null to its default, 3.0. 
[01Sep2026 01:04:31.444] [main/WARN] [net.minecraftforge.common.ForgeConfigSpec/CORE]: Incorrect key temperature.integration.ecliptic-seasons was corrected from null to its default, SimpleCommentedConfig:{}. 
[01Sep2026 01:04:31.444] [main/WARN] [net.minecraftforge.common.ForgeConfigSpec/CORE]: Incorrect key temperature.integration.ecliptic-seasons.Ecliptic Seasons Enabled was corrected from null to its default, true. 
[01Sep2026 01:04:31.444] [main/WARN] [net.minecraftforge.common.ForgeConfigSpec/CORE]: Incorrect key temperature.integration.ecliptic-seasons.temperature was corrected from null to its default, SimpleCommentedConfig:{}. 
[01Sep2026 01:04:31.444] [main/WARN] [net.minecraftforge.common.ForgeConfigSpec/CORE]: Incorrect key temperature.integration.ecliptic-seasons.temperature.Spring Modifier was corrected from null to its default, [-10.0, -7.0, -5.0, -3.0, -1.0, 0.0]. 
[01Sep2026 01:04:31.444] [main/WARN] [net.minecraftforge.common.ForgeConfigSpec/CORE]: Incorrect key temperature.integration.ecliptic-seasons.temperature.Summer Modifier was corrected from null to its default, [1.0, 3.0, 5.0, 7.0, 9.0, 10.0]. 
[01Sep2026 01:04:31.444] [main/WARN] [net.minecraftforge.common.ForgeConfigSpec/CORE]: Incorrect key temperature.integration.ecliptic-seasons.temperature.Autumn Modifier was corrected from null to its default, [9.0, 7.0, 5.0, 3.0, 1.0, 0.0]. 
[01Sep2026 01:04:31.444] [main/WARN] [net.minecraftforge.common.ForgeConfigSpec/CORE]: Incorrect key temperature.integration.ecliptic-seasons.temperature.Winter Modifier was corrected from null to its default, [-1.0, -3.0, -5.0, -7.0, -10.0, -12.0]. 
[01Sep2026 01:04:31.445] [main/WARN] [net.minecraftforge.common.ForgeConfigSpec/CORE]: Incorrect key thirst was corrected from null to its default, SimpleCommentedConfig:{}. 
[01Sep2026 01:04:31.445] [main/WARN] [net.minecraftforge.common.ForgeConfigSpec/CORE]: Incorrect key thirst.Dangerous Dehydration was corrected from null to its default, true. 
[01Sep2026 01:04:31.445] [main/WARN] [net.minecraftforge.common.ForgeConfigSpec/CORE]: Incorrect key thirst.Cumulative Thirst Effect Duration was corrected from null to its default, true. 
[01Sep2026 01:04:31.445] [main/WARN] [net.minecraftforge.common.ForgeConfigSpec/CORE]: Incorrect key thirst.exhaustion was corrected from null to its default, SimpleCommentedConfig:{}. 
[01Sep2026 01:04:31.445] [main/WARN] [net.minecraftforge.common.ForgeConfigSpec/CORE]: Incorrect key thirst.exhaustion.Base Hydration Exhaustion was corrected from null to its default, 0.03. 
[01Sep2026 01:04:31.445] [main/WARN] [net.minecraftforge.common.ForgeConfigSpec/CORE]: Incorrect key thirst.exhaustion.Sprinting Hydration Exhaustion was corrected from null to its default, 0.1. 
[01Sep2026 01:04:31.445] [main/WARN] [net.minecraftforge.common.ForgeConfigSpec/CORE]: Incorrect key thirst.exhaustion.On Jump Hydration Exhaustion was corrected from null to its default, 0.15. 
[01Sep2026 01:04:31.445] [main/WARN] [net.minecraftforge.common.ForgeConfigSpec/CORE]: Incorrect key thirst.exhaustion.On Block Break Hydration Exhaustion was corrected from null to its default, 0.07. 
[01Sep2026 01:04:31.445] [main/WARN] [net.minecraftforge.common.ForgeConfigSpec/CORE]: Incorrect key thirst.exhaustion.On Attack Hydration Exhaustion was corrected from null to its default, 0.3. 
[01Sep2026 01:04:31.445] [main/WARN] [net.minecraftforge.common.ForgeConfigSpec/CORE]: Incorrect key thirst.Dehydration Damage Scaling was corrected from null to its default, 0.3. 
[01Sep2026 01:04:31.446] [main/WARN] [net.minecraftforge.common.ForgeConfigSpec/CORE]: Incorrect key thirst.Thirst Effect Modifier was corrected from null to its default, 0.25. 
[01Sep2026 01:04:31.446] [main/WARN] [net.minecraftforge.common.ForgeConfigSpec/CORE]: Incorrect key thirst.canteen was corrected from null to its default, SimpleCommentedConfig:{}. 
[01Sep2026 01:04:31.446] [main/WARN] [net.minecraftforge.common.ForgeConfigSpec/CORE]: Incorrect key thirst.canteen.Self Watering Canteen Enabled was corrected from null to its default, true. 
[01Sep2026 01:04:31.446] [main/WARN] [net.minecraftforge.common.ForgeConfigSpec/CORE]: Incorrect key thirst.canteen.Self Watering Canteen Wetness was corrected from null to its default, 400. 
[01Sep2026 01:04:31.446] [main/WARN] [net.minecraftforge.common.ForgeConfigSpec/CORE]: Incorrect key thirst.canteen.Canteen Capacity was corrected from null to its default, 10. 
[01Sep2026 01:04:31.446] [main/WARN] [net.minecraftforge.common.ForgeConfigSpec/CORE]: Incorrect key thirst.canteen.Large Canteen Capacity was corrected from null to its default, 20. 
[01Sep2026 01:04:31.446] [main/WARN] [net.minecraftforge.common.ForgeConfigSpec/CORE]: Incorrect key thirst.canteen.Allow Override Purified Water was corrected from null to its default, true. 
[01Sep2026 01:04:31.446] [main/WARN] [net.minecraftforge.common.ForgeConfigSpec/CORE]: Incorrect key thirst.nether_chalice was corrected from null to its default, SimpleCommentedConfig:{}. 
[01Sep2026 01:04:31.446] [main/WARN] [net.minecraftforge.common.ForgeConfigSpec/CORE]: Incorrect key thirst.nether_chalice.Lava Hydration was corrected from null to its default, 6. 
[01Sep2026 01:04:31.446] [main/WARN] [net.minecraftforge.common.ForgeConfigSpec/CORE]: Incorrect key thirst.nether_chalice.Lava Saturation was corrected from null to its default, 4.0. 
[01Sep2026 01:04:31.446] [main/WARN] [net.minecraftforge.common.ForgeConfigSpec/CORE]: Incorrect key thirst.juices was corrected from null to its default, SimpleCommentedConfig:{}. 
[01Sep2026 01:04:31.446] [main/WARN] [net.minecraftforge.common.ForgeConfigSpec/CORE]: Incorrect key thirst.juices.Glass Bottle Loot After Drinking A Juice was corrected from null to its default, true. 
[01Sep2026 01:04:31.446] [main/WARN] [net.minecraftforge.common.ForgeConfigSpec/CORE]: Incorrect key thirst.integration was corrected from null to its default, SimpleCommentedConfig:{}. 
[01Sep2026 01:04:31.446] [main/WARN] [net.minecraftforge.common.ForgeConfigSpec/CORE]: Incorrect key thirst.integration.origins was corrected from null to its default, SimpleCommentedConfig:{}. 
[01Sep2026 01:04:31.446] [main/WARN] [net.minecraftforge.common.ForgeConfigSpec/CORE]: Incorrect key thirst.integration.origins.blazeborn was corrected from null to its default, SimpleCommentedConfig:{}. 
[01Sep2026 01:04:31.446] [main/WARN] [net.minecraftforge.common.ForgeConfigSpec/CORE]: Incorrect key thirst.integration.origins.blazeborn.Lava Hydration For Blazeborn was corrected from null to its default, 3. 
[01Sep2026 01:04:31.446] [main/WARN] [net.minecraftforge.common.ForgeConfigSpec/CORE]: Incorrect key thirst.integration.origins.blazeborn.Lava Saturation For Blazeborn was corrected from null to its default, 1.0. 
[01Sep2026 01:04:31.446] [main/WARN] [net.minecraftforge.common.ForgeConfigSpec/CORE]: Incorrect key thirst.integration.origins.shulk was corrected from null to its default, SimpleCommentedConfig:{}. 
[01Sep2026 01:04:31.446] [main/WARN] [net.minecraftforge.common.ForgeConfigSpec/CORE]: Incorrect key thirst.integration.origins.shulk.Extra Thirst Exhaustion For Shulk was corrected from null to its default, 0.1. 
[01Sep2026 01:04:31.446] [main/WARN] [net.minecraftforge.common.ForgeConfigSpec/CORE]: Incorrect key thirst.integration.origins.phantom was corrected from null to its default, SimpleCommentedConfig:{}. 
[01Sep2026 01:04:31.446] [main/WARN] [net.minecraftforge.common.ForgeConfigSpec/CORE]: Incorrect key thirst.integration.origins.phantom.Extra Thirst Exhaustion For Phantom was corrected from null to its default, 0.1. 
[01Sep2026 01:04:31.446] [main/WARN] [net.minecraftforge.common.ForgeConfigSpec/CORE]: Incorrect key thirst.integration.vampirism was corrected from null to its default, SimpleCommentedConfig:{}. 
[01Sep2026 01:04:31.446] [main/WARN] [net.minecraftforge.common.ForgeConfigSpec/CORE]: Incorrect key thirst.integration.vampirism.Thirst Enabled If Vampire was corrected from null to its default, false. 
[01Sep2026 01:04:31.447] [main/WARN] [net.minecraftforge.common.ForgeConfigSpec/CORE]: Incorrect key health-overhaul was corrected from null to its default, SimpleCommentedConfig:{}. 
[01Sep2026 01:04:31.447] [main/WARN] [net.minecraftforge.common.ForgeConfigSpec/CORE]: Incorrect key health-overhaul.Maximum Additional Health was corrected from null to its default, 20.0. 
[01Sep2026 01:04:31.447] [main/WARN] [net.minecraftforge.common.ForgeConfigSpec/CORE]: Incorrect key health-overhaul.shield-health was corrected from null to its default, SimpleCommentedConfig:{}. 
[01Sep2026 01:04:31.447] [main/WARN] [net.minecraftforge.common.ForgeConfigSpec/CORE]: Incorrect key health-overhaul.shield-health.Maximum Shield Health was corrected from null to its default, 20.0. 
[01Sep2026 01:04:31.447] [main/WARN] [net.minecraftforge.common.ForgeConfigSpec/CORE]: Incorrect key health-overhaul.shield-health.Absorption Effect Override was corrected from null to its default, true. 
[01Sep2026 01:04:31.447] [main/WARN] [net.minecraftforge.common.ForgeConfigSpec/CORE]: Incorrect key health-overhaul.heart-loss was corrected from null to its default, SimpleCommentedConfig:{}. 
[01Sep2026 01:04:31.447] [main/WARN] [net.minecraftforge.common.ForgeConfigSpec/CORE]: Incorrect key health-overhaul.heart-loss.Hearts Lost On Death was corrected from null to its default, 0. 
[01Sep2026 01:04:31.447] [main/WARN] [net.minecraftforge.common.ForgeConfigSpec/CORE]: Incorrect key health-overhaul.heart-loss.Permanent Hearts was corrected from null to its default, 10. 
[01Sep2026 01:04:31.447] [main/WARN] [net.minecraftforge.common.ForgeConfigSpec/CORE]: Incorrect key health-overhaul.broken-hearts was corrected from null to its default, SimpleCommentedConfig:{}. 
[01Sep2026 01:04:31.447] [main/WARN] [net.minecraftforge.common.ForgeConfigSpec/CORE]: Incorrect key health-overhaul.broken-hearts.Minimum Amount Of Player's Heart With Broken Hearts (Broken Heart Resilience) was corrected from null to its default, 2. 
[01Sep2026 01:04:31.447] [main/WARN] [net.minecraftforge.common.ForgeConfigSpec/CORE]: Incorrect key health-overhaul.broken-hearts.Added Broken Hearts Per Injured Limb was corrected from null to its default, 0.1. 
[01Sep2026 01:04:31.447] [main/WARN] [net.minecraftforge.common.ForgeConfigSpec/CORE]: Incorrect key health-overhaul.broken-hearts.Broken Hearts Per Injured Limb Mode was corrected from null to its default, PLAYER_DYNAMIC. 
[01Sep2026 01:04:31.449] [main/WARN] [net.minecraftforge.common.ForgeConfigSpec/CORE]: Incorrect key body-damage was corrected from null to its default, SimpleCommentedConfig:{}. 
[01Sep2026 01:04:31.449] [main/WARN] [net.minecraftforge.common.ForgeConfigSpec/CORE]: Incorrect key body-damage.Headshot Multiplier was corrected from null to its default, 2.0. 
[01Sep2026 01:04:31.449] [main/WARN] [net.minecraftforge.common.ForgeConfigSpec/CORE]: Incorrect key body-damage.Body Damage Multiplier was corrected from null to its default, 1.0. 
[01Sep2026 01:04:31.449] [main/WARN] [net.minecraftforge.common.ForgeConfigSpec/CORE]: Incorrect key body-damage.Body Part Health Ratio Recovered was corrected from null to its default, 1.0. 
[01Sep2026 01:04:31.449] [main/WARN] [net.minecraftforge.common.ForgeConfigSpec/CORE]: Incorrect key body-damage.Health Ratio Recovered was corrected from null to its default, 1.0. 
[01Sep2026 01:04:31.449] [main/WARN] [net.minecraftforge.common.ForgeConfigSpec/CORE]: Incorrect key body-damage.Body Healing Food Exhaustion was corrected from null to its default, 0.5. 
[01Sep2026 01:04:31.449] [main/WARN] [net.minecraftforge.common.ForgeConfigSpec/CORE]: Incorrect key body-damage.Minimum Food On Body Healing was corrected from null to its default, 0. 
[01Sep2026 01:04:31.449] [main/WARN] [net.minecraftforge.common.ForgeConfigSpec/CORE]: Incorrect key body-damage.Painkiller Addiction Duration was corrected from null to its default, 3600. 
[01Sep2026 01:04:31.449] [main/WARN] [net.minecraftforge.common.ForgeConfigSpec/CORE]: Incorrect key body-damage.healing-limbs was corrected from null to its default, SimpleCommentedConfig:{}. 
[01Sep2026 01:04:31.449] [main/WARN] [net.minecraftforge.common.ForgeConfigSpec/CORE]: Incorrect key body-damage.healing-limbs.passive-regeneration was corrected from null to its default, SimpleCommentedConfig:{}. 
[01Sep2026 01:04:31.449] [main/WARN] [net.minecraftforge.common.ForgeConfigSpec/CORE]: Incorrect key body-damage.healing-limbs.passive-regeneration. Passive Limb Regeneration On Full Health was corrected from null to its default, true. 
[01Sep2026 01:04:31.449] [main/WARN] [net.minecraftforge.common.ForgeConfigSpec/CORE]: Incorrect key body-damage.healing-limbs.passive-regeneration.Passive Limb Regeneration On Effects was corrected from null to its default, [minecraft:regeneration, farmersdelight:comfort]. 
[01Sep2026 01:04:31.449] [main/WARN] [net.minecraftforge.common.ForgeConfigSpec/CORE]: Incorrect key body-damage.healing-limbs.passive-regeneration.Passive Limb Regeneration Amplification Enabled was corrected from null to its default, true. 
[01Sep2026 01:04:31.449] [main/WARN] [net.minecraftforge.common.ForgeConfigSpec/CORE]: Incorrect key body-damage.healing-limbs.passive-regeneration.Passive Limb Health Regenerated was corrected from null to its default, 0.5. 
[01Sep2026 01:04:31.449] [main/WARN] [net.minecraftforge.common.ForgeConfigSpec/CORE]: Incorrect key body-damage.healing-limbs.passive-regeneration.Passive Limb Regeneration Tick Timer was corrected from null to its default, 200. 
[01Sep2026 01:04:31.449] [main/WARN] [net.minecraftforge.common.ForgeConfigSpec/CORE]: Incorrect key body-damage.healing-limbs.proportional-regeneration was corrected from null to its default, SimpleCommentedConfig:{}. 
[01Sep2026 01:04:31.449] [main/WARN] [net.minecraftforge.common.ForgeConfigSpec/CORE]: Incorrect key body-damage.healing-limbs.proportional-regeneration.Proportional Limb Regen Min Threshold was corrected from null to its default, 0.5. 
[01Sep2026 01:04:31.449] [main/WARN] [net.minecraftforge.common.ForgeConfigSpec/CORE]: Incorrect key body-damage.healing-limbs.proportional-regeneration.Proportional Limb Regen Min Heal Value was corrected from null to its default, 0.0. 
[01Sep2026 01:04:31.449] [main/WARN] [net.minecraftforge.common.ForgeConfigSpec/CORE]: Incorrect key body-damage.healing-limbs.proportional-regeneration.Proportional Limb Regen Max Heal Value was corrected from null to its default, 4.0. 
[01Sep2026 01:04:31.449] [main/WARN] [net.minecraftforge.common.ForgeConfigSpec/CORE]: Incorrect key body-damage.healing-limbs.proportional-regeneration.Proportional Limb Regen Tick Rate was corrected from null to its default, 100. 
[01Sep2026 01:04:31.449] [main/WARN] [net.minecraftforge.common.ForgeConfigSpec/CORE]: Incorrect key body-damage.healing-limbs.proportional-regeneration.Proportional Limb Regen Increase Rate was corrected from null to its default, 1.0. 
[01Sep2026 01:04:31.449] [main/WARN] [net.minecraftforge.common.ForgeConfigSpec/CORE]: Incorrect key body-damage.healing-limbs.custom-health-regen was corrected from null to its default, SimpleCommentedConfig:{}. 
[01Sep2026 01:04:31.449] [main/WARN] [net.minecraftforge.common.ForgeConfigSpec/CORE]: Incorrect key body-damage.healing-limbs.custom-health-regen.Custom Health Regen Enabled was corrected from null to its default, true. 
[01Sep2026 01:04:31.449] [main/WARN] [net.minecraftforge.common.ForgeConfigSpec/CORE]: Incorrect key body-damage.healing-limbs.custom-health-regen.Custom Health Regen Rate was corrected from null to its default, 1.0. 
[01Sep2026 01:04:31.449] [main/WARN] [net.minecraftforge.common.ForgeConfigSpec/CORE]: Incorrect key body-damage.healing-limbs.custom-health-regen.Custom Health Regen Tick Rate was corrected from null to its default, 200. 
[01Sep2026 01:04:31.449] [main/WARN] [net.minecraftforge.common.ForgeConfigSpec/CORE]: Incorrect key body-damage.healing-limbs.custom-health-regen.Custom Health Regen Food Exhaustion was corrected from null to its default, 6.0. 
[01Sep2026 01:04:31.449] [main/WARN] [net.minecraftforge.common.ForgeConfigSpec/CORE]: Incorrect key body-damage.healing-limbs.first-aid-supplies was corrected from null to its default, SimpleCommentedConfig:{}. 
[01Sep2026 01:04:31.449] [main/WARN] [net.minecraftforge.common.ForgeConfigSpec/CORE]: Incorrect key body-damage.healing-limbs.first-aid-supplies.First Aid Supplies Limb Health Regenerated was corrected from null to its default, 0.25. 
[01Sep2026 01:04:31.449] [main/WARN] [net.minecraftforge.common.ForgeConfigSpec/CORE]: Incorrect key body-damage.healing-limbs.first-aid-supplies.First Aid Supplies Limb Regeneration Mode was corrected from null to its default, LIMB_DYNAMIC. 
[01Sep2026 01:04:31.449] [main/WARN] [net.minecraftforge.common.ForgeConfigSpec/CORE]: Incorrect key body-damage.healing-limbs.first-aid-supplies.First Aid Supplies Healing Overflow was corrected from null to its default, false. 
[01Sep2026 01:04:31.449] [main/WARN] [net.minecraftforge.common.ForgeConfigSpec/CORE]: Incorrect key body-damage.healing-limbs.first-aid-supplies.First Aid Supplies Tick Timer was corrected from null to its default, 300. 
[01Sep2026 01:04:31.449] [main/WARN] [net.minecraftforge.common.ForgeConfigSpec/CORE]: Incorrect key body-damage.healing-limbs.first-aid-supplies.First Aid Supplies Exhausts Food was corrected from null to its default, true. 
[01Sep2026 01:04:31.449] [main/WARN] [net.minecraftforge.common.ForgeConfigSpec/CORE]: Incorrect key body-damage.healing-limbs.first-aid-supplies.First Aid Supplies Boosted On Effects was corrected from null to its default, [minecraft:regeneration, farmersdelight:comfort]. 
[01Sep2026 01:04:31.449] [main/WARN] [net.minecraftforge.common.ForgeConfigSpec/CORE]: Incorrect key body-damage.healing-limbs.first-aid-supplies.First Aid Supplies Tick Timer Multiplier was corrected from null to its default, 0.75. 
[01Sep2026 01:04:31.449] [main/WARN] [net.minecraftforge.common.ForgeConfigSpec/CORE]: Incorrect key body-damage.healing-limbs.healing-items was corrected from null to its default, SimpleCommentedConfig:{}. 
[01Sep2026 01:04:31.449] [main/WARN] [net.minecraftforge.common.ForgeConfigSpec/CORE]: Incorrect key body-damage.healing-limbs.healing-items.Recovery Effect Healing Amount was corrected from null to its default, 0.1. 
[01Sep2026 01:04:31.449] [main/WARN] [net.minecraftforge.common.ForgeConfigSpec/CORE]: Incorrect key body-damage.healing-limbs.healing-items.Healing Herbs Use Time was corrected from null to its default, 20. 
[01Sep2026 01:04:31.449] [main/WARN] [net.minecraftforge.common.ForgeConfigSpec/CORE]: Incorrect key body-damage.healing-limbs.healing-items.Plaster Use Time was corrected from null to its default, 20. 
[01Sep2026 01:04:31.449] [main/WARN] [net.minecraftforge.common.ForgeConfigSpec/CORE]: Incorrect key body-damage.healing-limbs.healing-items.Bandage Use Time was corrected from null to its default, 30. 
[01Sep2026 01:04:31.449] [main/WARN] [net.minecraftforge.common.ForgeConfigSpec/CORE]: Incorrect key body-damage.healing-limbs.healing-items.Tonic Use Time was corrected from null to its default, 50. 
[01Sep2026 01:04:31.449] [main/WARN] [net.minecraftforge.common.ForgeConfigSpec/CORE]: Incorrect key body-damage.healing-limbs.healing-items.Medkit Use Time was corrected from null to its default, 50. 
[01Sep2026 01:04:31.449] [main/WARN] [net.minecraftforge.common.ForgeConfigSpec/CORE]: Incorrect key body-damage.healing-limbs.morphine was corrected from null to its default, SimpleCommentedConfig:{}. 
[01Sep2026 01:04:31.449] [main/WARN] [net.minecraftforge.common.ForgeConfigSpec/CORE]: Incorrect key body-damage.healing-limbs.morphine.Morphine Use Time was corrected from null to its default, 30. 
[01Sep2026 01:04:31.449] [main/WARN] [net.minecraftforge.common.ForgeConfigSpec/CORE]: Incorrect key body-damage.healing-limbs.morphine.Morphine Painkiller Duration was corrected from null to its default, 1800. 
[01Sep2026 01:04:31.449] [main/WARN] [net.minecraftforge.common.ForgeConfigSpec/CORE]: Incorrect key body-damage.body-parts-health was corrected from null to its default, SimpleCommentedConfig:{}. 
[01Sep2026 01:04:31.449] [main/WARN] [net.minecraftforge.common.ForgeConfigSpec/CORE]: Incorrect key body-damage.body-parts-health.Body Part Health Mode was corrected from null to its default, DYNAMIC. 
[01Sep2026 01:04:31.449] [main/WARN] [net.minecraftforge.common.ForgeConfigSpec/CORE]: Incorrect key body-damage.body-parts-health.Head Part Health was corrected from null to its default, 0.4. 
[01Sep2026 01:04:31.449] [main/WARN] [net.minecraftforge.common.ForgeConfigSpec/CORE]: Incorrect key body-damage.body-parts-health.Arms Part Health was corrected from null to its default, 0.4. 
[01Sep2026 01:04:31.449] [main/WARN] [net.minecraftforge.common.ForgeConfigSpec/CORE]: Incorrect key body-damage.body-parts-health.Chest Part Health was corrected from null to its default, 0.6. 
[01Sep2026 01:04:31.449] [main/WARN] [net.minecraftforge.common.ForgeConfigSpec/CORE]: Incorrect key body-damage.body-parts-health.Legs Part Health was corrected from null to its default, 0.6. 
[01Sep2026 01:04:31.449] [main/WARN] [net.minecraftforge.common.ForgeConfigSpec/CORE]: Incorrect key body-damage.body-parts-health.Feet Part Health was corrected from null to its default, 0.4. 
[01Sep2026 01:04:31.449] [main/WARN] [net.minecraftforge.common.ForgeConfigSpec/CORE]: Incorrect key body-damage.body-parts-effects was corrected from null to its default, SimpleCommentedConfig:{}. 
[01Sep2026 01:04:31.449] [main/WARN] [net.minecraftforge.common.ForgeConfigSpec/CORE]: Incorrect key body-damage.body-parts-effects.head was corrected from null to its default, SimpleCommentedConfig:{}. 
[01Sep2026 01:04:31.449] [main/WARN] [net.minecraftforge.common.ForgeConfigSpec/CORE]: Incorrect key body-damage.body-parts-effects.head.Head Part Effects was corrected from null to its default, [legendarysurvivaloverhaul:headache]. 
[01Sep2026 01:04:31.449] [main/WARN] [net.minecraftforge.common.ForgeConfigSpec/CORE]: Incorrect key body-damage.body-parts-effects.head.Head Part Effect Amplifiers was corrected from null to its default, [0]. 
[01Sep2026 01:04:31.449] [main/WARN] [net.minecraftforge.common.ForgeConfigSpec/CORE]: Incorrect key body-damage.body-parts-effects.head.Head Part Effect Thresholds was corrected from null to its default, [0.2]. 
[01Sep2026 01:04:31.449] [main/WARN] [net.minecraftforge.common.ForgeConfigSpec/CORE]: Incorrect key body-damage.body-parts-effects.arms was corrected from null to its default, SimpleCommentedConfig:{}. 
[01Sep2026 01:04:31.449] [main/WARN] [net.minecraftforge.common.ForgeConfigSpec/CORE]: Incorrect key body-damage.body-parts-effects.arms.Arms Part Effects was corrected from null to its default, [minecraft:mining_fatigue]. 
[01Sep2026 01:04:31.449] [main/WARN] [net.minecraftforge.common.ForgeConfigSpec/CORE]: Incorrect key body-damage.body-parts-effects.arms.Arms Part Effect Amplifiers was corrected from null to its default, [0]. 
[01Sep2026 01:04:31.449] [main/WARN] [net.minecraftforge.common.ForgeConfigSpec/CORE]: Incorrect key body-damage.body-parts-effects.arms.Arms Part Effect Thresholds was corrected from null to its default, [0.2]. 
[01Sep2026 01:04:31.450] [main/WARN] [net.minecraftforge.common.ForgeConfigSpec/CORE]: Incorrect key body-damage.body-parts-effects.arms.Both Arms Part Effects was corrected from null to its default, [minecraft:weakness]. 
[01Sep2026 01:04:31.450] [main/WARN] [net.minecraftforge.common.ForgeConfigSpec/CORE]: Incorrect key body-damage.body-parts-effects.arms.Both Arms Part Effect Amplifiers was corrected from null to its default, [0]. 
[01Sep2026 01:04:31.450] [main/WARN] [net.minecraftforge.common.ForgeConfigSpec/CORE]: Incorrect key body-damage.body-parts-effects.arms.Both Arms Part Effect Thresholds was corrected from null to its default, [0.2]. 
[01Sep2026 01:04:31.450] [main/WARN] [net.minecraftforge.common.ForgeConfigSpec/CORE]: Incorrect key body-damage.body-parts-effects.chest was corrected from null to its default, SimpleCommentedConfig:{}. 
[01Sep2026 01:04:31.450] [main/WARN] [net.minecraftforge.common.ForgeConfigSpec/CORE]: Incorrect key body-damage.body-parts-effects.chest.Chest Part Effects was corrected from null to its default, [legendarysurvivaloverhaul:vulnerability]. 
[01Sep2026 01:04:31.450] [main/WARN] [net.minecraftforge.common.ForgeConfigSpec/CORE]: Incorrect key body-damage.body-parts-effects.chest.Chest Part Effect Amplifier was corrected from null to its default, [0]. 
[01Sep2026 01:04:31.450] [main/WARN] [net.minecraftforge.common.ForgeConfigSpec/CORE]: Incorrect key body-damage.body-parts-effects.chest.Chest Part Effect Thresholds was corrected from null to its default, [0.2]. 
[01Sep2026 01:04:31.450] [main/WARN] [net.minecraftforge.common.ForgeConfigSpec/CORE]: Incorrect key body-damage.body-parts-effects.legs was corrected from null to its default, SimpleCommentedConfig:{}. 
[01Sep2026 01:04:31.450] [main/WARN] [net.minecraftforge.common.ForgeConfigSpec/CORE]: Incorrect key body-damage.body-parts-effects.legs.Legs Part Effects was corrected from null to its default, [legendarysurvivaloverhaul:hard_falling]. 
[01Sep2026 01:04:31.450] [main/WARN] [net.minecraftforge.common.ForgeConfigSpec/CORE]: Incorrect key body-damage.body-parts-effects.legs.Legs Part Effect Amplifiers was corrected from null to its default, [0]. 
[01Sep2026 01:04:31.450] [main/WARN] [net.minecraftforge.common.ForgeConfigSpec/CORE]: Incorrect key body-damage.body-parts-effects.legs.Legs Part Effect Thresholds was corrected from null to its default, [0.2]. 
[01Sep2026 01:04:31.450] [main/WARN] [net.minecraftforge.common.ForgeConfigSpec/CORE]: Incorrect key body-damage.body-parts-effects.legs.Both Legs Part Effects was corrected from null to its default, [legendarysurvivaloverhaul:hard_falling]. 
[01Sep2026 01:04:31.450] [main/WARN] [net.minecraftforge.common.ForgeConfigSpec/CORE]: Incorrect key body-damage.body-parts-effects.legs.Both Legs Part Effect Amplifiers was corrected from null to its default, [1]. 
[01Sep2026 01:04:31.450] [main/WARN] [net.minecraftforge.common.ForgeConfigSpec/CORE]: Incorrect key body-damage.body-parts-effects.legs.Both Legs Part Effect Thresholds was corrected from null to its default, [0.2]. 
[01Sep2026 01:04:31.450] [main/WARN] [net.minecraftforge.common.ForgeConfigSpec/CORE]: Incorrect key body-damage.body-parts-effects.feet was corrected from null to its default, SimpleCommentedConfig:{}. 
[01Sep2026 01:04:31.450] [main/WARN] [net.minecraftforge.common.ForgeConfigSpec/CORE]: Incorrect key body-damage.body-parts-effects.feet.Feet Part Effects was corrected from null to its default, [minecraft:slowness]. 
[01Sep2026 01:04:31.450] [main/WARN] [net.minecraftforge.common.ForgeConfigSpec/CORE]: Incorrect key body-damage.body-parts-effects.feet.Feet Part Effect Amplifiers was corrected from null to its default, [0]. 
[01Sep2026 01:04:31.450] [main/WARN] [net.minecraftforge.common.ForgeConfigSpec/CORE]: Incorrect key body-damage.body-parts-effects.feet.Feet Part Effect Thresholds was corrected from null to its default, [0.2]. 
[01Sep2026 01:04:31.450] [main/WARN] [net.minecraftforge.common.ForgeConfigSpec/CORE]: Incorrect key body-damage.body-parts-effects.feet.Both Feet Part Effects was corrected from null to its default, [minecraft:slowness]. 
[01Sep2026 01:04:31.450] [main/WARN] [net.minecraftforge.common.ForgeConfigSpec/CORE]: Incorrect key body-damage.body-parts-effects.feet.Both Feet Part Effect Amplifiers was corrected from null to its default, [1]. 
[01Sep2026 01:04:31.450] [main/WARN] [net.minecraftforge.common.ForgeConfigSpec/CORE]: Incorrect key body-damage.body-parts-effects.feet.Both Feet Part Effect Thresholds was corrected from null to its default, [0.2]. 
[01Sep2026 01:04:31.450] [main/WARN] [net.minecraftforge.common.ForgeConfigSpec/CORE]: Incorrect key body-damage.integration was corrected from null to its default, SimpleCommentedConfig:{}. 
[01Sep2026 01:04:31.450] [main/WARN] [net.minecraftforge.common.ForgeConfigSpec/CORE]: Incorrect key body-damage.integration.meds_and_herbs was corrected from null to its default, SimpleCommentedConfig:{}. 
[01Sep2026 01:04:31.450] [main/WARN] [net.minecraftforge.common.ForgeConfigSpec/CORE]: Incorrect key body-damage.integration.meds_and_herbs.Syringe Morphine Apply Painkiller Addiction was corrected from null to its default, true. 
[01Sep2026 01:04:31.454] [main/WARN] [net.minecraftforge.common.ForgeConfigSpec/CORE]: Configuration file /tmp/rallous-smoke-039/config/curios-common.toml is not correct. Correcting
[01Sep2026 01:04:31.454] [main/WARN] [net.minecraftforge.common.ForgeConfigSpec/CORE]: Incorrect key slots was corrected from null to its default, []. 
[01Sep2026 01:04:31.455] [main/WARN] [net.minecraftforge.common.ForgeConfigSpec/CORE]: Configuration file /tmp/rallous-smoke-039/config/fossil-common.toml is not correct. Correcting
[01Sep2026 01:04:31.455] [main/WARN] [net.minecraftforge.common.ForgeConfigSpec/CORE]: Incorrect key Generation Config was corrected from null to its default, SimpleCommentedConfig:{}. 
[01Sep2026 01:04:31.455] [main/WARN] [net.minecraftforge.common.ForgeConfigSpec/CORE]: Incorrect key Generation Config.generateHellShips was corrected from null to its default, true. 
[01Sep2026 01:04:31.455] [main/WARN] [net.minecraftforge.common.ForgeConfigSpec/CORE]: Incorrect key Generation Config.generateFossils was corrected from null to its default, true. 
[01Sep2026 01:04:31.455] [main/WARN] [net.minecraftforge.common.ForgeConfigSpec/CORE]: Incorrect key Generation Config.generatePermafrost was corrected from null to its default, true. 
[01Sep2026 01:04:31.455] [main/WARN] [net.minecraftforge.common.ForgeConfigSpec/CORE]: Incorrect key Generation Config.generateVolcanicRock was corrected from null to its default, true. 
[01Sep2026 01:04:31.455] [main/WARN] [net.minecraftforge.common.ForgeConfigSpec/CORE]: Incorrect key Generation Config.generateMoai was corrected from null to its default, true. 
[01Sep2026 01:04:31.455] [main/WARN] [net.minecraftforge.common.ForgeConfigSpec/CORE]: Incorrect key Generation Config.generateVolcanoBiome was corrected from null to its default, true. 
[01Sep2026 01:04:31.455] [main/WARN] [net.minecraftforge.common.ForgeConfigSpec/CORE]: Incorrect key Generation Config.volcanoBiomeRarity was corrected from null to its default, 7. 
[01Sep2026 01:04:31.455] [main/WARN] [net.minecraftforge.common.ForgeConfigSpec/CORE]: Incorrect key Spawn Config was corrected from null to its default, SimpleCommentedConfig:{}. 
[01Sep2026 01:04:31.455] [main/WARN] [net.minecraftforge.common.ForgeConfigSpec/CORE]: Incorrect key Spawn Config.spawnTarSlimes was corrected from null to its default, true. 
[01Sep2026 01:04:31.455] [main/WARN] [net.minecraftforge.common.ForgeConfigSpec/CORE]: Incorrect key Spawn Config.tarSlimesSpawnRate was corrected from null to its default, 75. 
[01Sep2026 01:04:31.456] [main/WARN] [net.minecraftforge.common.ForgeConfigSpec/CORE]: Incorrect key Spawn Config.fishArePersistent was corrected from null to its default, true. 
[01Sep2026 01:04:31.456] [main/WARN] [net.minecraftforge.common.ForgeConfigSpec/CORE]: Incorrect key Mob Config was corrected from null to its default, SimpleCommentedConfig:{}. 
[01Sep2026 01:04:31.456] [main/WARN] [net.minecraftforge.common.ForgeConfigSpec/CORE]: Incorrect key Mob Config.featheredDilo was corrected from null to its default, false. 
[01Sep2026 01:04:31.456] [main/WARN] [net.minecraftforge.common.ForgeConfigSpec/CORE]: Incorrect key Mob Config.featheredCerato was corrected from null to its default, false. 
[01Sep2026 01:04:31.456] [main/WARN] [net.minecraftforge.common.ForgeConfigSpec/CORE]: Incorrect key Mob Config.featheredDryo was corrected from null to its default, false. 
[01Sep2026 01:04:31.456] [main/WARN] [net.minecraftforge.common.ForgeConfigSpec/CORE]: Incorrect key Mob Config.healingDinos was corrected from null to its default, true. 
[01Sep2026 01:04:31.456] [main/WARN] [net.minecraftforge.common.ForgeConfigSpec/CORE]: Incorrect key Mob Config.enableHunger was corrected from null to its default, true. 
[01Sep2026 01:04:31.456] [main/WARN] [net.minecraftforge.common.ForgeConfigSpec/CORE]: Incorrect key Mob Config.enableStarvation was corrected from null to its default, false. 
[01Sep2026 01:04:31.456] [main/WARN] [net.minecraftforge.common.ForgeConfigSpec/CORE]: Incorrect key Mob Config.breedingDinos was corrected from null to its default, true. 
[01Sep2026 01:04:31.456] [main/WARN] [net.minecraftforge.common.ForgeConfigSpec/CORE]: Incorrect key Mob Config.eggsLikeChickens was corrected from null to its default, false. 
[01Sep2026 01:04:31.456] [main/WARN] [net.minecraftforge.common.ForgeConfigSpec/CORE]: Incorrect key Mob Config.whipToTameDino was corrected from null to its default, true. 
[01Sep2026 01:04:31.456] [main/WARN] [net.minecraftforge.common.ForgeConfigSpec/CORE]: Incorrect key Mob Config.flyingTargetMaxHeight was corrected from null to its default, 128. 
[01Sep2026 01:04:31.456] [main/WARN] [net.minecraftforge.common.ForgeConfigSpec/CORE]: Incorrect key Mob Config.pregnancyDuration was corrected from null to its default, 10000. 
[01Sep2026 01:04:31.456] [main/WARN] [net.minecraftforge.common.ForgeConfigSpec/CORE]: Incorrect key Mob Config.dinosBreakBlocks was corrected from null to its default, true. 
[01Sep2026 01:04:31.456] [main/WARN] [net.minecraftforge.common.ForgeConfigSpec/CORE]: Incorrect key Mob Config.blockBreakHardness was corrected from null to its default, 5.0. 
[01Sep2026 01:04:31.456] [main/WARN] [net.minecraftforge.common.ForgeConfigSpec/CORE]: Incorrect key Mob Config.dinosEatBlocks was corrected from null to its default, true. 
[01Sep2026 01:04:31.456] [main/WARN] [net.minecraftforge.common.ForgeConfigSpec/CORE]: Incorrect key Mob Config.dinosEatModdedMobs was corrected from null to its default, true. 
[01Sep2026 01:04:31.456] [main/WARN] [net.minecraftforge.common.ForgeConfigSpec/CORE]: Incorrect key Mob Config.animalsFearDinos was corrected from null to its default, true. 
[01Sep2026 01:04:31.456] [main/WARN] [net.minecraftforge.common.ForgeConfigSpec/CORE]: Incorrect key Mob Config.anuBlockPlacing was corrected from null to its default, true. 
[01Sep2026 01:04:31.456] [main/WARN] [net.minecraftforge.common.ForgeConfigSpec/CORE]: Incorrect key Mob Config.anubiteHasCooldown was corrected from null to its default, false. 
[01Sep2026 01:04:31.456] [main/WARN] [net.minecraftforge.common.ForgeConfigSpec/CORE]: Incorrect key Mob Config.anubiteCooldown was corrected from null to its default, 72000. 
[01Sep2026 01:04:31.456] [main/WARN] [net.minecraftforge.common.ForgeConfigSpec/CORE]: Incorrect key Machine Config was corrected from null to its default, SimpleCommentedConfig:{}. 
[01Sep2026 01:04:31.456] [main/WARN] [net.minecraftforge.common.ForgeConfigSpec/CORE]: Incorrect key Machine Config.cultureVatFailChance was corrected from null to its default, 10. 
[01Sep2026 01:04:31.456] [main/WARN] [net.minecraftforge.common.ForgeConfigSpec/CORE]: Incorrect key Machine Config.machinesRequireEnergy was corrected from null to its default, false. 
[01Sep2026 01:04:31.456] [main/WARN] [net.minecraftforge.common.ForgeConfigSpec/CORE]: Incorrect key Machine Config.machineMaxEnergy was corrected from null to its default, 1000. 
[01Sep2026 01:04:31.456] [main/WARN] [net.minecraftforge.common.ForgeConfigSpec/CORE]: Incorrect key Machine Config.machineTransferRate was corrected from null to its default, 10. 
[01Sep2026 01:04:31.456] [main/WARN] [net.minecraftforge.common.ForgeConfigSpec/CORE]: Incorrect key Machine Config.machineEnergyUsage was corrected from null to its default, 1. 
[01Sep2026 01:04:31.456] [main/WARN] [net.minecraftforge.common.ForgeConfigSpec/CORE]: Incorrect key fernTickRate was corrected from null to its default, 2. 
[01Sep2026 01:04:31.457] [main/WARN] [net.minecraftforge.common.ForgeConfigSpec/CORE]: Incorrect key version was corrected from null to its default, 0. 
[01Sep2026 01:04:31.457] [main/INFO] [Fossils Archeology/]: Config version is outdated: 0 -> 1
[01Sep2026 01:04:31.459] [modloading-worker-0/INFO] [xaero.pac.OpenPartiesAndClaims/]: Loading Open Parties and Claims!
[01Sep2026 01:04:31.460] [modloading-worker-0/INFO] [xaero.lib.XaeroLib/]: Loading XaeroLib common 1/2!
[01Sep2026 01:04:31.511] [modloading-worker-0/WARN] [net.minecraftforge.common.ForgeConfigSpec/CORE]: Configuration file /tmp/rallous-smoke-039/config/amendments-client.toml is not correct. Correcting
[01Sep2026 01:04:31.511] [modloading-worker-0/WARN] [net.minecraftforge.common.ForgeConfigSpec/CORE]: Incorrect key general was corrected from null to its default, SimpleCommentedConfig:{}. 
[01Sep2026 01:04:31.511] [modloading-worker-0/WARN] [net.minecraftforge.common.ForgeConfigSpec/CORE]: Incorrect key general.tooltip_hints was corrected from null to its default, true. 
[01Sep2026 01:04:31.511] [modloading-worker-0/WARN] [net.minecraftforge.common.ForgeConfigSpec/CORE]: Incorrect key general.custom_configured_screen was corrected from null to its default, true. 
[01Sep2026 01:04:31.512] [modloading-worker-0/WARN] [net.minecraftforge.common.ForgeConfigSpec/CORE]: Incorrect key sign was corrected from null to its default, SimpleCommentedConfig:{}. 
[01Sep2026 01:04:31.512] [modloading-worker-0/WARN] [net.minecraftforge.common.ForgeConfigSpec/CORE]: Incorrect key sign.pixel_consistent was corrected from null to its default, true. 
[01Sep2026 01:04:31.512] [modloading-worker-0/WARN] [net.minecraftforge.common.ForgeConfigSpec/CORE]: Incorrect key sign.text_color_multiplier was corrected from null to its default, 1.2. 
[01Sep2026 01:04:31.512] [modloading-worker-0/WARN] [net.minecraftforge.common.ForgeConfigSpec/CORE]: Incorrect key sign.sign_blacklist was corrected from null to its default, []. 
[01Sep2026 01:04:31.512] [modloading-worker-0/WARN] [net.minecraftforge.common.ForgeConfigSpec/CORE]: Incorrect key projectiles was corrected from null to its default, SimpleCommentedConfig:{}. 
[01Sep2026 01:04:31.512] [modloading-worker-0/WARN] [net.minecraftforge.common.ForgeConfigSpec/CORE]: Incorrect key projectiles.snowball_3d was corrected from null to its default, true. 
[01Sep2026 01:04:31.512] [modloading-worker-0/WARN] [net.minecraftforge.common.ForgeConfigSpec/CORE]: Incorrect key projectiles.slimeball_3d was corrected from null to its default, true. 
[01Sep2026 01:04:31.512] [modloading-worker-0/WARN] [net.minecraftforge.common.ForgeConfigSpec/CORE]: Incorrect key projectiles.fireball_3d was corrected from null to its default, true. 
[01Sep2026 01:04:31.512] [modloading-worker-0/WARN] [net.minecraftforge.common.ForgeConfigSpec/CORE]: Incorrect key projectiles.ghast_fireball_trail was corrected from null to its default, true. 
[01Sep2026 01:04:31.512] [modloading-worker-0/WARN] [net.minecraftforge.common.ForgeConfigSpec/CORE]: Incorrect key projectiles.dragon_fireball_trail was corrected from null to its default, true. 
[01Sep2026 01:04:31.512] [modloading-worker-0/WARN] [net.minecraftforge.common.ForgeConfigSpec/CORE]: Incorrect key projectiles.charges_tumble was corrected from null to its default, true. 
[01Sep2026 01:04:31.512] [modloading-worker-0/WARN] [net.minecraftforge.common.ForgeConfigSpec/CORE]: Incorrect key projectiles.projectiles_tumble was corrected from null to its default, false. 
[01Sep2026 01:04:31.512] [modloading-worker-0/WARN] [net.minecraftforge.common.ForgeConfigSpec/CORE]: Incorrect key projectiles.dragon_fireball was corrected from null to its default, SimpleCommentedConfig:{}. 
[01Sep2026 01:04:31.512] [modloading-worker-0/WARN] [net.minecraftforge.common.ForgeConfigSpec/CORE]: Incorrect key projectiles.dragon_fireball.dragon_breath_emissive was corrected from null to its default, true. 
[01Sep2026 01:04:31.512] [modloading-worker-0/WARN] [net.minecraftforge.common.ForgeConfigSpec/CORE]: Incorrect key lily_pad was corrected from null to its default, SimpleCommentedConfig:{}. 
[01Sep2026 01:04:31.512] [modloading-worker-0/WARN] [net.minecraftforge.common.ForgeConfigSpec/CORE]: Incorrect key lily_pad.y_offset was corrected from null to its default, -0.016625. 
[01Sep2026 01:04:31.512] [modloading-worker-0/WARN] [net.minecraftforge.common.ForgeConfigSpec/CORE]: Incorrect key bell was corrected from null to its default, SimpleCommentedConfig:{}. 
[01Sep2026 01:04:31.513] [modloading-worker-0/WARN] [net.minecraftforge.common.ForgeConfigSpec/CORE]: Incorrect key bell.chain_attachment was corrected from null to its default, true. 
[01Sep2026 01:04:31.520] [modloading-worker-0/WARN] [net.minecraftforge.common.ForgeConfigSpec/CORE]: Incorrect key brewing_stand was corrected from null to its default, SimpleCommentedConfig:{}. 
[01Sep2026 01:04:31.520] [modloading-worker-0/WARN] [net.minecraftforge.common.ForgeConfigSpec/CORE]: Incorrect key brewing_stand.brewing_stand_colors was corrected from null to its default, true. 
[01Sep2026 01:04:31.521] [modloading-worker-0/WARN] [net.minecraftforge.common.ForgeConfigSpec/CORE]: Incorrect key arrows was corrected from null to its default, SimpleCommentedConfig:{}. 
[01Sep2026 01:04:31.521] [modloading-worker-0/WARN] [net.minecraftforge.common.ForgeConfigSpec/CORE]: Incorrect key arrows.crossbows_colors was corrected from null to its default, true. 
[01Sep2026 01:04:31.521] [modloading-worker-0/WARN] [net.minecraftforge.common.ForgeConfigSpec/CORE]: Incorrect key tripwire_hook was corrected from null to its default, SimpleCommentedConfig:{}. 
[01Sep2026 01:04:31.521] [modloading-worker-0/WARN] [net.minecraftforge.common.ForgeConfigSpec/CORE]: Incorrect key tripwire_hook.fast_hooks was corrected from null to its default, false. 
[01Sep2026 01:04:31.522] [modloading-worker-0/WARN] [net.minecraftforge.common.ForgeConfigSpec/CORE]: Incorrect key hanging_sign was corrected from null to its default, SimpleCommentedConfig:{}. 
[01Sep2026 01:04:31.522] [modloading-worker-0/WARN] [net.minecraftforge.common.ForgeConfigSpec/CORE]: Incorrect key hanging_sign.item_pixel_scale was corrected from null to its default, 10.0. 
[01Sep2026 01:04:31.522] [modloading-worker-0/WARN] [net.minecraftforge.common.ForgeConfigSpec/CORE]: Incorrect key hanging_sign.swinging_signs was corrected from null to its default, true. 
[01Sep2026 01:04:31.522] [modloading-worker-0/WARN] [net.minecraftforge.common.ForgeConfigSpec/CORE]: Incorrect key hanging_sign.sign_attachment was corrected from null to its default, true. 
[01Sep2026 01:04:31.525] [modloading-worker-0/WARN] [net.minecraftforge.common.ForgeConfigSpec/CORE]: Incorrect key hanging_sign.swing_physics was corrected from null to its default, SimpleCommentedConfig:{min_angle=0.79999995, collision_force=15.0, damping=0.525, collision_inertia=1.0, collision_considers_entity_hitbox=true, frequency=0.6, max_angle=60.0}. 
[01Sep2026 01:04:31.526] [modloading-worker-0/WARN] [net.minecraftforge.common.ForgeConfigSpec/CORE]: Incorrect key lantern was corrected from null to its default, SimpleCommentedConfig:{}. 
[01Sep2026 01:04:31.526] [modloading-worker-0/WARN] [net.minecraftforge.common.ForgeConfigSpec/CORE]: Incorrect key lantern.fast_lanterns was corrected from null to its default, false. 
[01Sep2026 01:04:31.526] [modloading-worker-0/WARN] [net.minecraftforge.common.ForgeConfigSpec/CORE]: Incorrect key lantern.swing_physics was corrected from null to its default, SimpleCommentedConfig:{min_angle=0.79999995, collision_force=15.0, damping=0.525, collision_inertia=1.0, collision_considers_entity_hitbox=true, frequency=0.6, max_angle=60.0}. 
[01Sep2026 01:04:31.526] [modloading-worker-0/WARN] [net.minecraftforge.common.ForgeConfigSpec/CORE]: Incorrect key lantern.lantern_item_size was corrected from null to its default, 0.625. 
[01Sep2026 01:04:31.527] [modloading-worker-0/WARN] [net.minecraftforge.common.ForgeConfigSpec/CORE]: Incorrect key lantern.lantern_item_holding was corrected from null to its default, true. 
[01Sep2026 01:04:31.527] [modloading-worker-0/WARN] [net.minecraftforge.common.ForgeConfigSpec/CORE]: Incorrect key lantern.lantern_item_holding_up was corrected from null to its default, false. 
[01Sep2026 01:04:31.527] [modloading-worker-0/WARN] [net.minecraftforge.common.ForgeConfigSpec/CORE]: Incorrect key cauldron was corrected from null to its default, SimpleCommentedConfig:{}. 
[01Sep2026 01:04:31.527] [modloading-worker-0/WARN] [net.minecraftforge.common.ForgeConfigSpec/CORE]: Incorrect key cauldron.potion_texture was corrected from null to its default, true. 
[01Sep2026 01:04:31.527] [modloading-worker-0/WARN] [net.minecraftforge.common.ForgeConfigSpec/CORE]: Incorrect key jukebox was corrected from null to its default, SimpleCommentedConfig:{}. 
[01Sep2026 01:04:31.527] [modloading-worker-0/WARN] [net.minecraftforge.common.ForgeConfigSpec/CORE]: Incorrect key jukebox.new_model was corrected from null to its default, true. 
[01Sep2026 01:04:31.527] [modloading-worker-0/WARN] [net.minecraftforge.common.ForgeConfigSpec/CORE]: Incorrect key jukebox.disc_spin was corrected from null to its default, true. 
[01Sep2026 01:04:31.527] [Forge Version Check/INFO] [net.minecraftforge.fml.VersionChecker/]: [guardvillagers] Starting version check at https://raw.githubusercontent.com/seymourimadeit/guardvillagers/master/update.json
[01Sep2026 01:04:31.528] [modloading-worker-0/WARN] [net.minecraftforge.common.ForgeConfigSpec/CORE]: Incorrect key misc was corrected from null to its default, SimpleCommentedConfig:{}. 
[01Sep2026 01:04:31.528] [modloading-worker-0/WARN] [net.minecraftforge.common.ForgeConfigSpec/CORE]: Incorrect key misc.torch_item_holding was corrected from null to its default, true. 
[01Sep2026 01:04:31.528] [modloading-worker-0/WARN] [net.minecraftforge.common.ForgeConfigSpec/CORE]: Incorrect key misc.torch_item_size was corrected from null to its default, 1.0. 
[01Sep2026 01:04:31.528] [modloading-worker-0/WARN] [net.minecraftforge.common.ForgeConfigSpec/CORE]: Incorrect key misc.candle_holder_item_holding was corrected from null to its default, true. 
[01Sep2026 01:04:31.528] [modloading-worker-0/WARN] [net.minecraftforge.common.ForgeConfigSpec/CORE]: Incorrect key misc.handle_holder_item_size was corrected from null to its default, 0.625. 
[01Sep2026 01:04:31.528] [modloading-worker-0/WARN] [net.minecraftforge.common.ForgeConfigSpec/CORE]: Incorrect key misc.fixed_holding_animations was corrected from null to its default, false. 
[01Sep2026 01:04:31.528] [modloading-worker-0/WARN] [net.minecraftforge.common.ForgeConfigSpec/CORE]: Incorrect key misc.campfire_smoke_through_blocks was corrected from null to its default, false. 
[01Sep2026 01:04:31.549] [modloading-worker-0/INFO] [fzzy_config/]: Loaded config simplyswords:loot in 1ms
[01Sep2026 01:04:31.580] [modloading-worker-0/INFO] [CorgiLib/]: Initializing network...
[01Sep2026 01:04:31.586] [modloading-worker-0/INFO] [CorgiLib/]: Initialized network!
[01Sep2026 01:04:31.654] [Forge Version Check/INFO] [net.minecraftforge.fml.VersionChecker/]: [guardvillagers] Found status: BETA Current: 1.20.1-1.6.19 Target: 1.20-1.6.5
[01Sep2026 01:04:31.654] [Forge Version Check/INFO] [net.minecraftforge.fml.VersionChecker/]: [puzzlesaccessapi] Starting version check at https://raw.githubusercontent.com/Fuzss/modresources/main/update/puzzlesaccessapi.json
[01Sep2026 01:04:31.659] [Forge Version Check/INFO] [net.minecraftforge.fml.VersionChecker/]: [puzzlesaccessapi] Found status: BETA Current: 20.1.1 Target: null
[01Sep2026 01:04:31.659] [Forge Version Check/INFO] [net.minecraftforge.fml.VersionChecker/]: [forge] Starting version check at https://files.minecraftforge.net/net/minecraftforge/forge/promotions_slim.json
[01Sep2026 01:04:31.763] [Forge Version Check/INFO] [net.minecraftforge.fml.VersionChecker/]: [forge] Found status: UP_TO_DATE Current: 47.4.10 Target: null
[01Sep2026 01:04:31.763] [Forge Version Check/INFO] [net.minecraftforge.fml.VersionChecker/]: [ctov] Starting version check at https://api.modrinth.com/updates/fgmhI8kH/forge_updates.json
[01Sep2026 01:04:31.794] [main/INFO] [Supplementaries/]: Finished mod setup in: [0, 1, 0, 0, 0, 0, 5, 0] ms
[01Sep2026 01:04:31.807] [main/INFO] [Moonlight/]: Initialized color sets in 12ms
[01Sep2026 01:04:31.812] [Forge Version Check/INFO] [net.minecraftforge.fml.VersionChecker/]: [ctov] Found status: UP_TO_DATE Current: 3.4.14 Target: null
[01Sep2026 01:04:31.812] [Forge Version Check/INFO] [net.minecraftforge.fml.VersionChecker/]: [supplementaries] Starting version check at https://api.modrinth.com/updates/supplementaries/forge_updates.json
[01Sep2026 01:04:31.842] [main/INFO] [terrablender/]: Registered region minecraft:overworld to index 0 for type OVERWORLD
[01Sep2026 01:04:31.843] [main/INFO] [terrablender/]: Registered region minecraft:nether to index 0 for type NETHER
[01Sep2026 01:04:31.843] [main/INFO] [terrablender/]: Registered region fossil:overworld to index 1 for type OVERWORLD
[01Sep2026 01:04:31.847] [main/INFO] [team.lodestar.lodestone.LodestoneLib/]: Registering world event types...
[01Sep2026 01:04:31.847] [Forge Version Check/INFO] [net.minecraftforge.fml.VersionChecker/]: [supplementaries] Found status: OUTDATED Current: 1.20-3.1.43 Target: 1.20-3.1.43-forge
[01Sep2026 01:04:31.847] [Forge Version Check/INFO] [net.minecraftforge.fml.VersionChecker/]: [searchables] Starting version check at https://updates.blamejared.com/get?n=searchables&gv=1.20.1
[01Sep2026 01:04:31.851] [modloading-worker-0/INFO] [xaero.lib.XaeroLib/]: Loading XaeroLib server 1/2!
[01Sep2026 01:04:31.851] [modloading-worker-0/INFO] [xaero.minimap.XaeroMinimap/]: Loading Xaero's Minimap - Stage 1/2 (Server)
[01Sep2026 01:04:31.852] [modloading-worker-0/INFO] [xaero.map.server.WorldMapServer/]: Loading Xaero's World Map - Stage 1/2 (Server)
[01Sep2026 01:04:31.853] [main/INFO] [xaero.minimap.XaeroMinimap/]: Loading Xaero's Minimap - Stage 2/2 (Server)
[01Sep2026 01:04:31.853] [main/INFO] [xaero.lib.XaeroLib/]: Loading XaeroLib common 2/2!
[01Sep2026 01:04:31.853] [main/INFO] [xaero.lib.XaeroLib/]: Loading XaeroLib server 2/2!
[01Sep2026 01:04:31.854] [main/INFO] [xaero.map.server.WorldMapServer/]: Loading Xaero's World Map - Stage 2/2 (Server)
[01Sep2026 01:04:31.859] [modloading-worker-0/INFO] [io.redspace.ironsspellbooks.IronsSpellbooks/]: Got IMC []
[01Sep2026 01:04:31.881] [modloading-worker-0/INFO] [Jade/]: Start loading plugin at net.mehvahdjukaar.supplementaries.integration.JadeCompat
[01Sep2026 01:04:31.886] [modloading-worker-0/INFO] [Jade/]: Start loading plugin at snownee.jade.addon.vanilla.VanillaPlugin
[01Sep2026 01:04:31.892] [modloading-worker-0/INFO] [Jade/]: Start loading plugin at snownee.jade.addon.universal.UniversalPlugin
[01Sep2026 01:04:31.894] [modloading-worker-0/INFO] [Jade/]: Start loading plugin at snownee.jade.addon.core.CorePlugin
[01Sep2026 01:04:31.895] [modloading-worker-0/INFO] [Jade/]: Start loading plugin at com.github.teamfossilsarcheology.fossil.forge.compat.jade.FossilJadePluginForge
[01Sep2026 01:04:31.900] [main/INFO] [citadel/]: adding citadel surface rules via terrablender...
[01Sep2026 01:04:31.901] [main/INFO] [citadel/]: Added 0 vanilla biome surface rule types via terrablender
[01Sep2026 01:04:31.901] [main/INFO] [citadel/]: Added 0 modded biome surface rule types via terrablender
[01Sep2026 01:04:31.970] [main/INFO] [epicfight/]: Data keys [epicfight:basic_attack_active, epicfight:combo_counter] for epicfight:basic_attack
[01Sep2026 01:04:31.970] [main/INFO] [epicfight/]: Data keys [epicfight:penalty, epicfight:penalty_restore_counter] for epicfight:guard
[01Sep2026 01:04:31.970] [main/INFO] [epicfight/]: Data keys [epicfight:last_active, epicfight:penalty, epicfight:penalty_restore_counter, epicfight:parry_motion_counter] for epicfight:parrying
[01Sep2026 01:04:31.970] [main/INFO] [epicfight/]: Data keys [epicfight:penalty, epicfight:penalty_restore_counter] for epicfight:impact_guard
[01Sep2026 01:04:31.970] [main/INFO] [epicfight/]: Data keys [epicfight:resisting_damage_type, epicfight:stacks, epicfight:tick_record] for epicfight:adaptive_skin
[01Sep2026 01:04:31.971] [main/INFO] [epicfight/]: Data keys [epicfight:tick_record] for epicfight:adrenaline_fiend
[01Sep2026 01:04:31.971] [main/INFO] [epicfight/]: Data keys [epicfight:entity_id, epicfight:stacks] for epicfight:bonebreaker
[01Sep2026 01:04:31.971] [main/INFO] [epicfight/]: Data keys [epicfight:entity_id, epicfight:tick_record] for epicfight:vengeance
[01Sep2026 01:04:31.971] [main/INFO] [epicfight/]: Data keys [epicfight:slam_protect_next_fall, epicfight:fall_distance] for epicfight:meteor_slam
[01Sep2026 01:04:31.971] [main/INFO] [epicfight/]: Data keys [epicfight:stacks] for epicfight:revelation
[01Sep2026 01:04:31.971] [main/INFO] [epicfight/]: Data keys [epicfight:slam_protect_next_fall] for epicfight:demolition_leap
[01Sep2026 01:04:31.971] [main/INFO] [epicfight/]: Data keys [epicfight:jump_count, epicfight:slam_protect_next_fall, epicfight:jump_key_pressed_last_tick] for epicfight:phantom_ascent
[01Sep2026 01:04:31.971] [main/INFO] [epicfight/]: Data keys [epicfight:last_hit_count] for epicfight:grasping_spire
[01Sep2026 01:04:31.971] [main/INFO] [epicfight/]: Data keys [epicfight:sheath] for epicfight:battojutsu_passive
[01Sep2026 01:04:31.971] [main/INFO] [epicfight/]: Data keys [epicfight:sheath] for epicfight:battojutsu
[01Sep2026 01:04:31.971] [main/INFO] [epicfight/]: Data keys [epicfight:combo_counter] for epicfight:blade_rush
[01Sep2026 01:04:31.971] [main/INFO] [epicfight/]: Data keys [epicfight:thrown_trident_entity_id] for epicfight:everlasting_allegiance
[01Sep2026 01:04:31.986] [main/INFO] [com.mojang.authlib.yggdrasil.YggdrasilAuthenticationService/]: Environment: authHost='https://authserver.mojang.com', accountsHost='https://api.mojang.com', sessionHost='https://sessionserver.mojang.com', servicesHost='https://api.minecraftservices.com', name='PROD'
[01Sep2026 01:04:32.011] [main/WARN] [net.minecraft.server.packs.VanillaPackResourcesBuilder/]: Assets URL 'union:/tmp/rallous-smoke-039/libraries/net/minecraft/server/1.20.1-20230612.114412/server-1.20.1-20230612.114412-srg.jar%23261!/assets/.mcassetsroot' uses unexpected schema
[01Sep2026 01:04:32.011] [main/WARN] [net.minecraft.server.packs.VanillaPackResourcesBuilder/]: Assets URL 'union:/tmp/rallous-smoke-039/libraries/net/minecraft/server/1.20.1-20230612.114412/server-1.20.1-20230612.114412-srg.jar%23261!/data/.mcassetsroot' uses unexpected schema
[01Sep2026 01:04:32.043] [main/INFO] [net.minecraft.server.MinecraftServer/]: Found new data pack Supplementaries Generated Pack, loading it automatically
[01Sep2026 01:04:32.043] [main/INFO] [net.minecraft.server.MinecraftServer/]: Found new data pack lithostitched/breaks_seed_parity, loading it automatically
[01Sep2026 01:04:32.060] [main/INFO] [Moonlight/]: Starting runtime resource generation for pack type SERVER_DATA with generators from mods [supplementaries]: [net.mehvahdjukaar.supplementaries.dynamicpack.ServerDynamicResourcesGenerator@3f3132ec]
[01Sep2026 01:04:32.060] [main/INFO] [Moonlight/]: Generating runtime assets for pack Supplementaries Generated Pack (supplementaries)
[01Sep2026 01:04:32.144] [main/INFO] [Supplementaries/]: Generated runtime SERVER_DATA for pack Supplementaries Generated Pack (supplementaries) in: 83 ms (multithreaded)
[01Sep2026 01:04:32.144] [main/INFO] [Moonlight/]: Finished runtime resources generation for 1 packs in a total of 84 ms
[01Sep2026 01:04:32.191] [Forge Version Check/INFO] [net.minecraftforge.fml.VersionChecker/]: [searchables] Found status: BETA Current: 1.0.3 Target: 1.0.3
[01Sep2026 01:04:32.191] [Forge Version Check/INFO] [net.minecraftforge.fml.VersionChecker/]: [puzzleslib] Starting version check at https://raw.githubusercontent.com/Fuzss/modresources/main/update/puzzleslib.json
[01Sep2026 01:04:32.197] [Forge Version Check/INFO] [net.minecraftforge.fml.VersionChecker/]: [puzzleslib] Found status: UP_TO_DATE Current: 8.1.33 Target: null
[01Sep2026 01:04:32.197] [Forge Version Check/INFO] [net.minecraftforge.fml.VersionChecker/]: [recruits] Starting version check at https://raw.githubusercontent.com/talhanation/recruits/main/update.json
[01Sep2026 01:04:32.203] [Forge Version Check/INFO] [net.minecraftforge.fml.VersionChecker/]: [recruits] Found status: UP_TO_DATE Current: 1.15.2 Target: null
[01Sep2026 01:04:33.292] [Worker-Main-1/ERROR] [net.minecraft.tags.TagLoader/]: Couldn't load tag rallous_recruits_bind:levy as it is missing following references: recruits:commander (from rallous_recruits_bind-1.0.0.jar)
[01Sep2026 01:04:33.349] [Worker-Main-2/ERROR] [net.minecraft.tags.TagLoader/]: Couldn't load tag ctov:wares/cardboard_box as it is missing following references: wares:cardboard_box (from [forge]ctov-3.4.14.jar)
[01Sep2026 01:04:33.355] [Worker-Main-2/ERROR] [net.minecraft.tags.TagLoader/]: Couldn't load tag ctov:wares/sealed_delivery_agreement as it is missing following references: wares:sealed_delivery_agreement (from [forge]ctov-3.4.14.jar)
[01Sep2026 01:04:33.414] [Worker-Main-2/ERROR] [net.minecraft.server.packs.resources.SimpleJsonResourceReloadListener/]: Couldn't parse data file sonsoftheempire:king_armor_helmet_recipe from sonsoftheempire:recipes/king_armor_helmet_recipe.json
com.google.gson.JsonParseException: com.google.gson.stream.MalformedJsonException: Use JsonReader.setLenient(true) to accept malformed JSON at line 1 column 1 path $
	at net.minecraft.util.GsonHelper.m_13780_(GsonHelper.java:526) ~[server-1.20.1-20230612.114412-srg.jar%23261!/:?]
	at net.minecraft.util.GsonHelper.m_263475_(GsonHelper.java:531) ~[server-1.20.1-20230612.114412-srg.jar%23261!/:?]
	at net.minecraft.util.GsonHelper.m_13776_(GsonHelper.java:581) ~[server-1.20.1-20230612.114412-srg.jar%23261!/:?]
	at net.minecraft.server.packs.resources.SimpleJsonResourceReloadListener.m_278771_(SimpleJsonResourceReloadListener.java:41) ~[server-1.20.1-20230612.114412-srg.jar%23261!/:?]
	at net.minecraft.server.packs.resources.SimpleJsonResourceReloadListener.m_5944_(SimpleJsonResourceReloadListener.java:29) ~[server-1.20.1-20230612.114412-srg.jar%23261!/:?]
	at net.minecraft.server.packs.resources.SimpleJsonResourceReloadListener.m_5944_(SimpleJsonResourceReloadListener.java:17) ~[server-1.20.1-20230612.114412-srg.jar%23261!/:?]
	at net.minecraft.server.packs.resources.SimplePreparableReloadListener.m_10786_(SimplePreparableReloadListener.java:11) ~[server-1.20.1-20230612.114412-srg.jar%23261!/:?]
	at java.util.concurrent.CompletableFuture$AsyncSupply.run(CompletableFuture.java:1768) ~[?:?]
	at java.util.concurrent.CompletableFuture$AsyncSupply.exec(CompletableFuture.java:1760) ~[?:?]
	at java.util.concurrent.ForkJoinTask.doExec(ForkJoinTask.java:373) ~[?:?]
	at java.util.concurrent.ForkJoinPool$WorkQueue.topLevelExec(ForkJoinPool.java:1182) ~[?:?]
	at java.util.concurrent.ForkJoinPool.scan(ForkJoinPool.java:1655) ~[?:?]
	at java.util.concurrent.ForkJoinPool.runWorker(ForkJoinPool.java:1622) ~[?:?]
	at java.util.concurrent.ForkJoinWorkerThread.run(ForkJoinWorkerThread.java:165) ~[?:?]
Caused by: com.google.gson.stream.MalformedJsonException: Use JsonReader.setLenient(true) to accept malformed JSON at line 1 column 1 path $
	at com.google.gson.stream.JsonReader.syntaxError(JsonReader.java:1657) ~[gson-2.10.jar%2372!/:?]
	at com.google.gson.stream.JsonReader.checkLenient(JsonReader.java:1463) ~[gson-2.10.jar%2372!/:?]
	at com.google.gson.stream.JsonReader.doPeek(JsonReader.java:602) ~[gson-2.10.jar%2372!/:?]
	at com.google.gson.stream.JsonReader.peek(JsonReader.java:433) ~[gson-2.10.jar%2372!/:?]
	at com.google.gson.internal.bind.TypeAdapters$28.read(TypeAdapters.java:769) ~[gson-2.10.jar%2372!/:?]
	at com.google.gson.internal.bind.TypeAdapters$28.read(TypeAdapters.java:725) ~[gson-2.10.jar%2372!/:?]
	at com.google.gson.internal.bind.TypeAdapters$34$1.read(TypeAdapters.java:1007) ~[gson-2.10.jar%2372!/:?]
	at net.minecraft.util.GsonHelper.m_13780_(GsonHelper.java:524) ~[server-1.20.1-20230612.114412-srg.jar%23261!/:?]
	... 13 more
[01Sep2026 01:04:33.642] [Worker-Main-3/ERROR] [net.minecraftforge.common.ForgeHooks/]: Couldn't parse element loot_tables:irons_spellbooks:chests/catacombs/crypt_loot
com.google.gson.JsonSyntaxException: Missing name, expected to find a string
	at net.minecraft.util.GsonHelper.m_13906_(GsonHelper.java:127) ~[server-1.20.1-20230612.114412-srg.jar%23261!/:?]
	at net.minecraft.world.level.storage.loot.entries.LootTableReference$Serializer.m_7267_(LootTableReference.java:67) ~[server-1.20.1-20230612.114412-srg.jar%23261!/:?]
	at net.minecraft.world.level.storage.loot.entries.LootTableReference$Serializer.m_7267_(LootTableReference.java:58) ~[server-1.20.1-20230612.114412-srg.jar%23261!/:?]
	at net.minecraft.world.level.storage.loot.entries.LootPoolSingletonContainer$Serializer.m_5921_(LootPoolSingletonContainer.java:151) ~[server-1.20.1-20230612.114412-srg.jar%23261!/:?]
	at net.minecraft.world.level.storage.loot.entries.LootPoolSingletonContainer$Serializer.m_5921_(LootPoolSingletonContainer.java:129) ~[server-1.20.1-20230612.114412-srg.jar%23261!/:?]
	at net.minecraft.world.level.storage.loot.entries.LootPoolEntryContainer$Serializer.m_7561_(LootPoolEntryContainer.java:86) ~[server-1.20.1-20230612.114412-srg.jar%23261!/:?]
	at net.minecraft.world.level.storage.loot.entries.LootPoolEntryContainer$Serializer.m_7561_(LootPoolEntryContainer.java:74) ~[server-1.20.1-20230612.114412-srg.jar%23261!/:?]
	at net.minecraft.world.level.storage.loot.GsonAdapterFactory$JsonAdapter.deserialize(GsonAdapterFactory.java:102) ~[server-1.20.1-20230612.114412-srg.jar%23261!/:?]
	at com.google.gson.internal.bind.TreeTypeAdapter.read(TreeTypeAdapter.java:76) ~[gson-2.10.jar%2372!/:?]
	at com.google.gson.internal.bind.TypeAdapterRuntimeTypeWrapper.read(TypeAdapterRuntimeTypeWrapper.java:40) ~[gson-2.10.jar%2372!/:?]
	at com.google.gson.internal.bind.ArrayTypeAdapter.read(ArrayTypeAdapter.java:72) ~[gson-2.10.jar%2372!/:?]
	at com.google.gson.Gson.fromJson(Gson.java:1214) ~[gson-2.10.jar%2372!/:?]
	at com.google.gson.Gson.fromJson(Gson.java:1319) ~[gson-2.10.jar%2372!/:?]
	at com.google.gson.Gson.fromJson(Gson.java:1290) ~[gson-2.10.jar%2372!/:?]
	at com.google.gson.internal.bind.TreeTypeAdapter$GsonContextImpl.deserialize(TreeTypeAdapter.java:179) ~[gson-2.10.jar%2372!/:?]
	at net.minecraft.util.GsonHelper.m_13808_(GsonHelper.java:463) ~[server-1.20.1-20230612.114412-srg.jar%23261!/:?]
	at net.minecraft.util.GsonHelper.m_13836_(GsonHelper.java:471) ~[server-1.20.1-20230612.114412-srg.jar%23261!/:?]
	at net.minecraft.world.level.storage.loot.LootPool$Serializer.deserialize(LootPool.java:192) ~[server-1.20.1-20230612.114412-srg.jar%23261!/:?]
	at net.minecraft.world.level.storage.loot.LootPool$Serializer.deserialize(LootPool.java:189) ~[server-1.20.1-20230612.114412-srg.jar%23261!/:?]
	at com.google.gson.internal.bind.TreeTypeAdapter.read(TreeTypeAdapter.java:76) ~[gson-2.10.jar%2372!/:?]
	at com.google.gson.internal.bind.TypeAdapterRuntimeTypeWrapper.read(TypeAdapterRuntimeTypeWrapper.java:40) ~[gson-2.10.jar%2372!/:?]
	at com.google.gson.internal.bind.ArrayTypeAdapter.read(ArrayTypeAdapter.java:72) ~[gson-2.10.jar%2372!/:?]
	at com.google.gson.Gson.fromJson(Gson.java:1214) ~[gson-2.10.jar%2372!/:?]
	at com.google.gson.Gson.fromJson(Gson.java:1319) ~[gson-2.10.jar%2372!/:?]
	at com.google.gson.Gson.fromJson(Gson.java:1290) ~[gson-2.10.jar%2372!/:?]
	at com.google.gson.internal.bind.TreeTypeAdapter$GsonContextImpl.deserialize(TreeTypeAdapter.java:179) ~[gson-2.10.jar%2372!/:?]
	at net.minecraft.util.GsonHelper.m_13808_(GsonHelper.java:463) ~[server-1.20.1-20230612.114412-srg.jar%23261!/:?]
	at net.minecraft.util.GsonHelper.m_13845_(GsonHelper.java:481) ~[server-1.20.1-20230612.114412-srg.jar%23261!/:?]
	at net.minecraft.world.level.storage.loot.LootTable$Serializer.deserialize(LootTable.java:294) ~[server-1.20.1-20230612.114412-srg.jar%23261!/:?]
	at net.minecraft.world.level.storage.loot.LootTable$Serializer.deserialize(LootTable.java:291) ~[server-1.20.1-20230612.114412-srg.jar%23261!/:?]
	at com.google.gson.internal.bind.TreeTypeAdapter.read(TreeTypeAdapter.java:76) ~[gson-2.10.jar%2372!/:?]
	at com.google.gson.Gson.fromJson(Gson.java:1214) ~[gson-2.10.jar%2372!/:?]
	at com.google.gson.Gson.fromJson(Gson.java:1319) ~[gson-2.10.jar%2372!/:?]
	at com.google.gson.Gson.fromJson(Gson.java:1261) ~[gson-2.10.jar%2372!/:?]
	at net.minecraftforge.common.ForgeHooks.loadLootTable(ForgeHooks.java:872) ~[forge-1.20.1-47.4.10-universal.jar%23266!/:?]
	at net.minecraftforge.common.ForgeHooks.lambda$getLootTableDeserializer$3(ForgeHooks.java:849) ~[forge-1.20.1-47.4.10-universal.jar%23266!/:?]
	at net.minecraft.world.level.storage.loot.LootDataType.deserialize(LootDataType.java:45) ~[server-1.20.1-20230612.114412-srg.jar%23261!/:?]
	at net.minecraft.world.level.storage.loot.LootDataManager.lambda$scheduleElementParse$4(LootDataManager.java:56) ~[server-1.20.1-20230612.114412-srg.jar%23261!/:?]
	at java.util.HashMap.forEach(HashMap.java:1421) ~[?:?]
	at net.minecraft.world.level.storage.loot.LootDataManager.m_278660_(LootDataManager.java:55) ~[server-1.20.1-20230612.114412-srg.jar%23261!/:?]
	at java.util.concurrent.CompletableFuture$AsyncRun.run(CompletableFuture.java:1804) ~[?:?]
	at java.util.concurrent.CompletableFuture$AsyncRun.exec(CompletableFuture.java:1796) ~[?:?]
	at java.util.concurrent.ForkJoinTask.doExec(ForkJoinTask.java:373) ~[?:?]
	at java.util.concurrent.ForkJoinPool$WorkQueue.topLevelExec(ForkJoinPool.java:1182) ~[?:?]
	at java.util.concurrent.ForkJoinPool.scan(ForkJoinPool.java:1655) ~[?:?]
	at java.util.concurrent.ForkJoinPool.runWorker(ForkJoinPool.java:1622) ~[?:?]
	at java.util.concurrent.ForkJoinWorkerThread.run(ForkJoinWorkerThread.java:165) ~[?:?]
[01Sep2026 01:04:34.114] [Worker-Main-3/ERROR] [net.minecraftforge.common.ForgeHooks/]: Couldn't parse element loot_tables:irons_spellbooks:chests/citadel/citadel_tomes
com.google.gson.JsonSyntaxException: Unknown type 'minecraft:set_written_book_pages'
	at net.minecraft.world.level.storage.loot.GsonAdapterFactory$JsonAdapter.deserialize(GsonAdapterFactory.java:99) ~[server-1.20.1-20230612.114412-srg.jar%23261!/:?]
	at com.google.gson.internal.bind.TreeTypeAdapter.read(TreeTypeAdapter.java:76) ~[gson-2.10.jar%2372!/:?]
	at com.google.gson.internal.bind.TypeAdapterRuntimeTypeWrapper.read(TypeAdapterRuntimeTypeWrapper.java:40) ~[gson-2.10.jar%2372!/:?]
	at com.google.gson.internal.bind.ArrayTypeAdapter.read(ArrayTypeAdapter.java:72) ~[gson-2.10.jar%2372!/:?]
	at com.google.gson.Gson.fromJson(Gson.java:1214) ~[gson-2.10.jar%2372!/:?]
	at com.google.gson.Gson.fromJson(Gson.java:1319) ~[gson-2.10.jar%2372!/:?]
	at com.google.gson.Gson.fromJson(Gson.java:1290) ~[gson-2.10.jar%2372!/:?]
	at com.google.gson.internal.bind.TreeTypeAdapter$GsonContextImpl.deserialize(TreeTypeAdapter.java:179) ~[gson-2.10.jar%2372!/:?]
	at net.minecraft.util.GsonHelper.m_13808_(GsonHelper.java:463) ~[server-1.20.1-20230612.114412-srg.jar%23261!/:?]
	at net.minecraft.util.GsonHelper.m_13845_(GsonHelper.java:481) ~[server-1.20.1-20230612.114412-srg.jar%23261!/:?]
	at net.minecraft.world.level.storage.loot.entries.LootPoolSingletonContainer$Serializer.m_5921_(LootPoolSingletonContainer.java:149) ~[server-1.20.1-20230612.114412-srg.jar%23261!/:?]
	at net.minecraft.world.level.storage.loot.entries.LootPoolSingletonContainer$Serializer.m_5921_(LootPoolSingletonContainer.java:129) ~[server-1.20.1-20230612.114412-srg.jar%23261!/:?]
	at net.minecraft.world.level.storage.loot.entries.LootPoolEntryContainer$Serializer.m_7561_(LootPoolEntryContainer.java:86) ~[server-1.20.1-20230612.114412-srg.jar%23261!/:?]
	at net.minecraft.world.level.storage.loot.entries.LootPoolEntryContainer$Serializer.m_7561_(LootPoolEntryContainer.java:74) ~[server-1.20.1-20230612.114412-srg.jar%23261!/:?]
	at net.minecraft.world.level.storage.loot.GsonAdapterFactory$JsonAdapter.deserialize(GsonAdapterFactory.java:102) ~[server-1.20.1-20230612.114412-srg.jar%23261!/:?]
	at com.google.gson.internal.bind.TreeTypeAdapter.read(TreeTypeAdapter.java:76) ~[gson-2.10.jar%2372!/:?]
	at com.google.gson.internal.bind.TypeAdapterRuntimeTypeWrapper.read(TypeAdapterRuntimeTypeWrapper.java:40) ~[gson-2.10.jar%2372!/:?]
	at com.google.gson.internal.bind.ArrayTypeAdapter.read(ArrayTypeAdapter.java:72) ~[gson-2.10.jar%2372!/:?]
	at com.google.gson.Gson.fromJson(Gson.java:1214) ~[gson-2.10.jar%2372!/:?]
	at com.google.gson.Gson.fromJson(Gson.java:1319) ~[gson-2.10.jar%2372!/:?]
	at com.google.gson.Gson.fromJson(Gson.java:1290) ~[gson-2.10.jar%2372!/:?]
	at com.google.gson.internal.bind.TreeTypeAdapter$GsonContextImpl.deserialize(TreeTypeAdapter.java:179) ~[gson-2.10.jar%2372!/:?]
	at net.minecraft.util.GsonHelper.m_13808_(GsonHelper.java:463) ~[server-1.20.1-20230612.114412-srg.jar%23261!/:?]
	at net.minecraft.util.GsonHelper.m_13836_(GsonHelper.java:471) ~[server-1.20.1-20230612.114412-srg.jar%23261!/:?]
	at net.minecraft.world.level.storage.loot.LootPool$Serializer.deserialize(LootPool.java:192) ~[server-1.20.1-20230612.114412-srg.jar%23261!/:?]
	at net.minecraft.world.level.storage.loot.LootPool$Serializer.deserialize(LootPool.java:189) ~[server-1.20.1-20230612.114412-srg.jar%23261!/:?]
	at com.google.gson.internal.bind.TreeTypeAdapter.read(TreeTypeAdapter.java:76) ~[gson-2.10.jar%2372!/:?]
	at com.google.gson.internal.bind.TypeAdapterRuntimeTypeWrapper.read(TypeAdapterRuntimeTypeWrapper.java:40) ~[gson-2.10.jar%2372!/:?]
	at com.google.gson.internal.bind.ArrayTypeAdapter.read(ArrayTypeAdapter.java:72) ~[gson-2.10.jar%2372!/:?]
	at com.google.gson.Gson.fromJson(Gson.java:1214) ~[gson-2.10.jar%2372!/:?]
	at com.google.gson.Gson.fromJson(Gson.java:1319) ~[gson-2.10.jar%2372!/:?]
	at com.google.gson.Gson.fromJson(Gson.java:1290) ~[gson-2.10.jar%2372!/:?]
	at com.google.gson.internal.bind.TreeTypeAdapter$GsonContextImpl.deserialize(TreeTypeAdapter.java:179) ~[gson-2.10.jar%2372!/:?]
	at net.minecraft.util.GsonHelper.m_13808_(GsonHelper.java:463) ~[server-1.20.1-20230612.114412-srg.jar%23261!/:?]
	at net.minecraft.util.GsonHelper.m_13845_(GsonHelper.java:481) ~[server-1.20.1-20230612.114412-srg.jar%23261!/:?]
	at net.minecraft.world.level.storage.loot.LootTable$Serializer.deserialize(LootTable.java:294) ~[server-1.20.1-20230612.114412-srg.jar%23261!/:?]
	at net.minecraft.world.level.storage.loot.LootTable$Serializer.deserialize(LootTable.java:291) ~[server-1.20.1-20230612.114412-srg.jar%23261!/:?]
	at com.google.gson.internal.bind.TreeTypeAdapter.read(TreeTypeAdapter.java:76) ~[gson-2.10.jar%2372!/:?]
	at com.google.gson.Gson.fromJson(Gson.java:1214) ~[gson-2.10.jar%2372!/:?]
	at com.google.gson.Gson.fromJson(Gson.java:1319) ~[gson-2.10.jar%2372!/:?]
	at com.google.gson.Gson.fromJson(Gson.java:1261) ~[gson-2.10.jar%2372!/:?]
	at net.minecraftforge.common.ForgeHooks.loadLootTable(ForgeHooks.java:872) ~[forge-1.20.1-47.4.10-universal.jar%23266!/:?]
	at net.minecraftforge.common.ForgeHooks.lambda$getLootTableDeserializer$3(ForgeHooks.java:849) ~[forge-1.20.1-47.4.10-universal.jar%23266!/:?]
	at net.minecraft.world.level.storage.loot.LootDataType.deserialize(LootDataType.java:45) ~[server-1.20.1-20230612.114412-srg.jar%23261!/:?]
	at net.minecraft.world.level.storage.loot.LootDataManager.lambda$scheduleElementParse$4(LootDataManager.java:56) ~[server-1.20.1-20230612.114412-srg.jar%23261!/:?]
	at java.util.HashMap.forEach(HashMap.java:1421) ~[?:?]
	at net.minecraft.world.level.storage.loot.LootDataManager.m_278660_(LootDataManager.java:55) ~[server-1.20.1-20230612.114412-srg.jar%23261!/:?]
	at java.util.concurrent.CompletableFuture$AsyncRun.run(CompletableFuture.java:1804) ~[?:?]
	at java.util.concurrent.CompletableFuture$AsyncRun.exec(CompletableFuture.java:1796) ~[?:?]
	at java.util.concurrent.ForkJoinTask.doExec(ForkJoinTask.java:373) ~[?:?]
	at java.util.concurrent.ForkJoinPool$WorkQueue.topLevelExec(ForkJoinPool.java:1182) ~[?:?]
	at java.util.concurrent.ForkJoinPool.scan(ForkJoinPool.java:1655) ~[?:?]
	at java.util.concurrent.ForkJoinPool.runWorker(ForkJoinPool.java:1622) ~[?:?]
	at java.util.concurrent.ForkJoinWorkerThread.run(ForkJoinWorkerThread.java:165) ~[?:?]
[01Sep2026 01:04:34.236] [main/WARN] [net.minecraft.world.level.storage.loot.LootDataManager/]: Found loot table element validation problem in {loot_tables:irons_spellbooks:chests/citadel/citadel_bookshelf}.pools[8].entries[0]: Unknown loot table called irons_spellbooks:chests/citadel/citadel_tomes
[01Sep2026 01:04:34.263] [main/ERROR] [net.minecraft.world.item.crafting.RecipeManager/]: Parsing error loading recipe sonsoftheempire:alt_altdorfimperialgreatsword_armor_boots_recipe: com.google.gson.JsonSyntaxException: Unknown item 'sonsoftheempire:greatswordsmanalt_1_armor_boots'
[01Sep2026 01:04:34.266] [main/ERROR] [net.minecraft.world.item.crafting.RecipeManager/]: Parsing error loading recipe sonsoftheempire:altdorfgreatswordsman_armor_boots_recipe: com.google.gson.JsonSyntaxException: Unknown item 'sonsoftheempire:altdorfgreatswordsman_armor_boots'
[01Sep2026 01:04:34.275] [main/INFO] [net.minecraft.world.item.crafting.RecipeManager/]: Skipping loading recipe malum:nickel_from_node_smelting as it's serializer returned null
[01Sep2026 01:04:34.278] [main/ERROR] [net.minecraft.world.item.crafting.RecipeManager/]: Parsing error loading recipe sonsoftheempire:gryphonlegionalt_armor_leggings_recipe: com.google.gson.JsonSyntaxException: Unknown item 'sonsoftheempire:gryphonlegionalt_armor_leggings'
[01Sep2026 01:04:34.283] [main/ERROR] [net.minecraft.world.item.crafting.RecipeManager/]: Parsing error loading recipe sonsoftheempire:nordlandseahawk_armor_boots_recipe: com.google.gson.JsonSyntaxException: Unknown item 'sonsoftheempire:nordlandseahawk_armor_boots'
[01Sep2026 01:04:34.285] [main/ERROR] [net.minecraft.world.item.crafting.RecipeManager/]: Parsing error loading recipe malum:farmersdelight/unholy_caramel: com.google.gson.JsonSyntaxException: Unknown item 'malum:unholy_syrup'
[01Sep2026 01:04:34.290] [main/INFO] [net.minecraft.world.item.crafting.RecipeManager/]: Skipping loading recipe supplementaries:inspirations/blackboard_clear as it's serializer returned null
[01Sep2026 01:04:34.294] [main/ERROR] [net.minecraft.world.item.crafting.RecipeManager/]: Parsing error loading recipe sonsoftheempire:demigryphknightalt_1_armor_boots_recipe: com.google.gson.JsonSyntaxException: Unknown item 'sonsoftheempire:demigryphknightalt_1_armor_boots'
[01Sep2026 01:04:34.298] [main/INFO] [net.minecraft.world.item.crafting.RecipeManager/]: Skipping loading recipe malum:impetus_creation_lead as it's serializer returned null
[01Sep2026 01:04:34.302] [main/INFO] [net.minecraft.world.item.crafting.RecipeManager/]: Skipping loading recipe malum:zinc_from_node_blasting as it's serializer returned null
[01Sep2026 01:04:34.307] [main/ERROR] [net.minecraft.world.item.crafting.RecipeManager/]: Parsing error loading recipe sonsoftheempire:altconquistador_armor_leggings_recipe: com.google.gson.JsonSyntaxException: Unknown item 'sonsoftheempire:conquistador_armor_leggings'
[01Sep2026 01:04:34.310] [main/INFO] [net.minecraft.world.item.crafting.RecipeManager/]: Skipping loading recipe malum:cobalt_from_node_blasting as it's serializer returned null
[01Sep2026 01:04:34.310] [main/ERROR] [net.minecraft.world.item.crafting.RecipeManager/]: Parsing error loading recipe sonsoftheempire:greatswordsmanalt_1_armor_leggings_recipe: com.google.gson.JsonSyntaxException: Unknown item 'sonsoftheempire:greatswordsmanalt_1_armor_leggings'
[01Sep2026 01:04:34.323] [main/INFO] [net.minecraft.world.item.crafting.RecipeManager/]: Skipping loading recipe malum:uranium_from_node_blasting as it's serializer returned null
[01Sep2026 01:04:34.323] [main/ERROR] [net.minecraft.world.item.crafting.RecipeManager/]: Parsing error loading recipe sonsoftheempire:reiksguardknight_armor_boots_recipe: com.google.gson.JsonSyntaxException: Unknown item 'sonsoftheempire:reiksguardknight_armor_boots'
[01Sep2026 01:04:34.328] [main/INFO] [net.minecraft.world.item.crafting.RecipeManager/]: Skipping loading recipe malum:tin_from_node_smelting as it's serializer returned null
[01Sep2026 01:04:34.328] [main/ERROR] [net.minecraft.world.item.crafting.RecipeManager/]: Parsing error loading recipe sonsoftheempire:pheonixguard_armor_boots_recipe: com.google.gson.JsonSyntaxException: Unknown item 'sonsoftheempire:pheonixguard_armor_boots'
[01Sep2026 01:04:34.328] [main/INFO] [net.minecraft.world.item.crafting.RecipeManager/]: Skipping loading recipe malum:lead_from_node_blasting as it's serializer returned null
[01Sep2026 01:04:34.333] [main/ERROR] [net.minecraft.world.item.crafting.RecipeManager/]: Parsing error loading recipe sonsoftheempire:altdorfswordsman_armor_boots_recipe: com.google.gson.JsonSyntaxException: Unknown item 'sonsoftheempire:altdorfswordsman_armor_boots'
[01Sep2026 01:04:34.343] [main/ERROR] [net.minecraft.world.item.crafting.RecipeManager/]: Parsing error loading recipe sonsoftheempire:royalaltdorfdemigryphknight_armor_boots_recipe: com.google.gson.JsonSyntaxException: Unknown item 'sonsoftheempire:royalaltdorfdemigryphknight_armor_boots'
[01Sep2026 01:04:34.350] [main/ERROR] [net.minecraft.world.item.crafting.RecipeManager/]: Parsing error loading recipe sonsoftheempire:silverhelm_armor_boots_recipe: com.google.gson.JsonSyntaxException: Unknown item 'sonsoftheempire:silverhelm_armor_boots'
[01Sep2026 01:04:34.351] [main/ERROR] [net.minecraft.world.item.crafting.RecipeManager/]: Parsing error loading recipe malum:jeed/earthen_might: com.google.gson.JsonSyntaxException: Invalid or unsupported recipe type 'jeed:effect_provider'
[01Sep2026 01:04:34.354] [main/INFO] [net.minecraft.world.item.crafting.RecipeManager/]: Skipping loading recipe supplementaries:inspirations/flag_dye as it's serializer returned null
[01Sep2026 01:04:34.360] [main/INFO] [net.minecraft.world.item.crafting.RecipeManager/]: Skipping loading recipe malum:silver_from_node_smelting as it's serializer returned null
[01Sep2026 01:04:34.361] [main/ERROR] [net.minecraft.world.item.crafting.RecipeManager/]: Parsing error loading recipe malum:jeed/anglers_lure: com.google.gson.JsonSyntaxException: Invalid or unsupported recipe type 'jeed:effect_provider'
[01Sep2026 01:04:34.372] [main/INFO] [net.minecraft.world.item.crafting.RecipeManager/]: Skipping loading recipe malum:node_focusing_zinc as it's serializer returned null
[01Sep2026 01:04:34.376] [main/ERROR] [net.minecraft.world.item.crafting.RecipeManager/]: Parsing error loading recipe sonsoftheempire:demigryphknightalt_1_armor_leggings_recipe: com.google.gson.JsonSyntaxException: Unknown item 'sonsoftheempire:demigryphknightalt_1_armor_leggings'
[01Sep2026 01:04:34.377] [main/ERROR] [net.minecraft.world.item.crafting.RecipeManager/]: Parsing error loading recipe malum:farmersdelight/holy_caramel: com.google.gson.JsonSyntaxException: Unknown item 'malum:holy_syrup'
[01Sep2026 01:04:34.380] [main/ERROR] [net.minecraft.world.item.crafting.RecipeManager/]: Parsing error loading recipe malum:jeed/zephyrs_courage: com.google.gson.JsonSyntaxException: Invalid or unsupported recipe type 'jeed:effect_provider'
[01Sep2026 01:04:34.385] [main/INFO] [net.minecraft.world.item.crafting.RecipeManager/]: Skipping loading recipe malum:node_focusing_cobalt as it's serializer returned null
[01Sep2026 01:04:34.388] [main/INFO] [net.minecraft.world.item.crafting.RecipeManager/]: Skipping loading recipe malum:impetus_creation_osmium as it's serializer returned null
[01Sep2026 01:04:34.388] [main/INFO] [net.minecraft.world.item.crafting.RecipeManager/]: Skipping loading recipe malum:zinc_from_node_smelting as it's serializer returned null
[01Sep2026 01:04:34.391] [main/ERROR] [net.minecraft.world.item.crafting.RecipeManager/]: Parsing error loading recipe sonsoftheempire:alt_altdorfimperialgreatsword_armor_leggings_recipe: com.google.gson.JsonSyntaxException: Unknown item 'sonsoftheempire:greatswordsmanalt_1_armor_leggings'
[01Sep2026 01:04:34.394] [main/ERROR] [net.minecraft.world.item.crafting.RecipeManager/]: Parsing error loading recipe malum:jeed/miners_rage: com.google.gson.JsonSyntaxException: Invalid or unsupported recipe type 'jeed:effect_provider'
[01Sep2026 01:04:34.399] [main/ERROR] [net.minecraft.world.item.crafting.RecipeManager/]: Parsing error loading recipe sonsoftheempire:altconquistador_armor_helmet_recipe: com.google.gson.JsonSyntaxException: Unknown item 'sonsoftheempire:altconquistador_armor_helmet'
[01Sep2026 01:04:34.400] [main/INFO] [net.minecraft.world.item.crafting.RecipeManager/]: Skipping loading recipe malum:lead_from_node_smelting as it's serializer returned null
[01Sep2026 01:04:34.400] [main/INFO] [net.minecraft.world.item.crafting.RecipeManager/]: Skipping loading recipe malum:impetus_creation_cobalt as it's serializer returned null
[01Sep2026 01:04:34.403] [main/ERROR] [net.minecraft.world.item.crafting.RecipeManager/]: Parsing error loading recipe sonsoftheempire:guardiadelsol_armor_boots_recipe: com.google.gson.JsonSyntaxException: Unknown item 'sonsoftheempire:guardiadelsol_armor_boots'
[01Sep2026 01:04:34.404] [main/INFO] [net.minecraft.world.item.crafting.RecipeManager/]: Skipping loading recipe malum:node_focusing_uranium as it's serializer returned null
[01Sep2026 01:04:34.404] [main/ERROR] [net.minecraft.world.item.crafting.RecipeManager/]: Parsing error loading recipe sonsoftheempire:lotheranspearguard_armor_boots_recipe: com.google.gson.JsonSyntaxException: Unknown item 'sonsoftheempire:lotheranspearguard_armor_boots'
[01Sep2026 01:04:34.406] [main/INFO] [net.minecraft.world.item.crafting.RecipeManager/]: Skipping loading recipe malum:impetus_creation_zinc as it's serializer returned null
[01Sep2026 01:04:34.406] [main/INFO] [net.minecraft.world.item.crafting.RecipeManager/]: Skipping loading recipe malum:osmium_from_node_smelting as it's serializer returned null
[01Sep2026 01:04:34.407] [main/INFO] [net.minecraft.world.item.crafting.RecipeManager/]: Skipping loading recipe malum:cobalt_from_node_smelting as it's serializer returned null
[01Sep2026 01:04:34.413] [main/INFO] [net.minecraft.world.item.crafting.RecipeManager/]: Skipping loading recipe supplementaries:inspirations/flag_clear as it's serializer returned null
[01Sep2026 01:04:34.413] [main/ERROR] [net.minecraft.world.item.crafting.RecipeManager/]: Parsing error loading recipe sonsoftheempire:swordsmanalt_armor_boots_recipe: com.google.gson.JsonSyntaxException: Unknown item 'sonsoftheempire:swordsmanalt_armor_boots'
[01Sep2026 01:04:34.420] [main/ERROR] [net.minecraft.world.item.crafting.RecipeManager/]: Parsing error loading recipe sonsoftheempire:gryphonlegionalt_armor_boots_recipe: com.google.gson.JsonSyntaxException: Unknown item 'sonsoftheempire:gryphonlegionalt_armor_boots'
[01Sep2026 01:04:34.422] [main/ERROR] [net.minecraft.world.item.crafting.RecipeManager/]: Parsing error loading recipe sonsoftheempire:imperialarcher_armor_boots_recipe: com.google.gson.JsonSyntaxException: Unknown item 'sonsoftheempire:imperialarcher_armor_boots'
[01Sep2026 01:04:34.424] [main/ERROR] [net.minecraft.world.item.crafting.RecipeManager/]: Parsing error loading recipe sonsoftheempire:noblesonspistoleer_armor_boots_recipe: com.google.gson.JsonSyntaxException: Unknown item 'sonsoftheempire:noblesonspistoleer_armor_boots'
[01Sep2026 01:04:34.424] [main/ERROR] [net.minecraft.world.item.crafting.RecipeManager/]: Parsing error loading recipe malum:jeed/gaias_bulwark: com.google.gson.JsonSyntaxException: Invalid or unsupported recipe type 'jeed:effect_provider'
[01Sep2026 01:04:34.427] [main/INFO] [net.minecraft.world.item.crafting.RecipeManager/]: Skipping loading recipe malum:impetus_creation_uranium as it's serializer returned null
[01Sep2026 01:04:34.429] [main/ERROR] [net.minecraft.world.item.crafting.RecipeManager/]: Parsing error loading recipe sonsoftheempire:ostermarkbanner_1: com.google.gson.JsonSyntaxException: Unknown item 'minecraft:white_wall_banner'
[01Sep2026 01:04:34.432] [main/ERROR] [net.minecraft.world.item.crafting.RecipeManager/]: Parsing error loading recipe malum:jeed/poseidons_grasp: com.google.gson.JsonSyntaxException: Invalid or unsupported recipe type 'jeed:effect_provider'
[01Sep2026 01:04:34.433] [main/INFO] [net.minecraft.world.item.crafting.RecipeManager/]: Skipping loading recipe malum:aluminum_from_node_blasting as it's serializer returned null
[01Sep2026 01:04:34.434] [main/INFO] [net.minecraft.world.item.crafting.RecipeManager/]: Skipping loading recipe malum:node_focusing_osmium as it's serializer returned null
[01Sep2026 01:04:34.436] [main/INFO] [net.minecraft.world.item.crafting.RecipeManager/]: Skipping loading recipe malum:node_focusing_tin as it's serializer returned null
[01Sep2026 01:04:34.436] [main/INFO] [net.minecraft.world.item.crafting.RecipeManager/]: Skipping loading recipe malum:silver_from_node_blasting as it's serializer returned null
[01Sep2026 01:04:34.436] [main/ERROR] [net.minecraft.world.item.crafting.RecipeManager/]: Parsing error loading recipe sonsoftheempire:zintlersrieksguard_armor_boots_recipe: com.google.gson.JsonSyntaxException: Unknown item 'sonsoftheempire:reiksguardknight_armor_boots'
[01Sep2026 01:04:34.438] [main/INFO] [net.minecraft.world.item.crafting.RecipeManager/]: Skipping loading recipe malum:impetus_creation_silver as it's serializer returned null
[01Sep2026 01:04:34.441] [main/INFO] [net.minecraft.world.item.crafting.RecipeManager/]: Skipping loading recipe malum:impetus_creation_nickel as it's serializer returned null
[01Sep2026 01:04:34.441] [main/INFO] [net.minecraft.world.item.crafting.RecipeManager/]: Skipping loading recipe malum:impetus_creation_tin as it's serializer returned null
[01Sep2026 01:04:34.442] [main/ERROR] [net.minecraft.world.item.crafting.RecipeManager/]: Parsing error loading recipe sonsoftheempire:dahzshearthblades_armor_boots_recipe: com.google.gson.JsonSyntaxException: Unknown item 'sonsoftheempire:dahzshearthblades_armor_boots'
[01Sep2026 01:04:34.444] [main/ERROR] [net.minecraft.world.item.crafting.RecipeManager/]: Parsing error loading recipe malum:jeed/ifrits_embrace: com.google.gson.JsonSyntaxException: Invalid or unsupported recipe type 'jeed:effect_provider'
[01Sep2026 01:04:34.445] [main/INFO] [net.minecraft.world.item.crafting.RecipeManager/]: Skipping loading recipe malum:node_focusing_silver as it's serializer returned null
[01Sep2026 01:04:34.452] [main/ERROR] [net.minecraft.world.item.crafting.RecipeManager/]: Parsing error loading recipe sonsoftheempire:knightoftherealmalt_armor_boots_recipe: com.google.gson.JsonSyntaxException: Unknown item 'sonsoftheempire:knightoftherealmalt_armor_boots'
[01Sep2026 01:04:34.453] [main/ERROR] [net.minecraft.world.item.crafting.RecipeManager/]: Parsing error loading recipe sonsoftheempire:greatswordsmanalt_1_armor_boots_recipe: com.google.gson.JsonSyntaxException: Unknown item 'sonsoftheempire:greatswordsmanalt_1_armor_boots'
[01Sep2026 01:04:34.460] [main/ERROR] [net.minecraft.world.item.crafting.RecipeManager/]: Parsing error loading recipe sonsoftheempire:zintlersrieksguard_armor_leggings_recipe: com.google.gson.JsonSyntaxException: Unknown item 'sonsoftheempire:zintlersrieksguard_armor_leggings'
[01Sep2026 01:04:34.462] [main/INFO] [net.minecraft.world.item.crafting.RecipeManager/]: Skipping loading recipe malum:node_focusing_nickel as it's serializer returned null
[01Sep2026 01:04:34.463] [main/INFO] [net.minecraft.world.item.crafting.RecipeManager/]: Skipping loading recipe malum:aluminum_from_node_smelting as it's serializer returned null
[01Sep2026 01:04:34.466] [main/ERROR] [net.minecraft.world.item.crafting.RecipeManager/]: Parsing error loading recipe sonsoftheempire:conquistador_armor_leggings_recipe: com.google.gson.JsonSyntaxException: Unknown item 'sonsoftheempire:conquistador_armor_leggings'
[01Sep2026 01:04:34.466] [main/ERROR] [net.minecraft.world.item.crafting.RecipeManager/]: Parsing error loading recipe malum:jeed/gluttony: com.google.gson.JsonSyntaxException: Invalid or unsupported recipe type 'jeed:effect_provider'
[01Sep2026 01:04:34.470] [main/INFO] [net.minecraft.world.item.crafting.RecipeManager/]: Skipping loading recipe malum:impetus_creation_aluminum as it's serializer returned null
[01Sep2026 01:04:34.471] [main/ERROR] [net.minecraft.world.item.crafting.RecipeManager/]: Parsing error loading recipe sonsoftheempire:altconquistador_armor_boots_recipe: com.google.gson.JsonSyntaxException: Unknown item 'sonsoftheempire:altconquistador_armor_boots'
[01Sep2026 01:04:34.471] [main/INFO] [net.minecraft.world.item.crafting.RecipeManager/]: Skipping loading recipe malum:uranium_from_node_smelting as it's serializer returned null
[01Sep2026 01:04:34.471] [main/ERROR] [net.minecraft.world.item.crafting.RecipeManager/]: Parsing error loading recipe sonsoftheempire:dahzshearthblades_armor_leggings_recipe: com.google.gson.JsonSyntaxException: Unknown item 'sonsoftheempire:dahzshearthblades_armor_leggings'
[01Sep2026 01:04:34.472] [main/INFO] [net.minecraft.world.item.crafting.RecipeManager/]: Skipping loading recipe malum:nickel_from_node_blasting as it's serializer returned null
[01Sep2026 01:04:34.474] [main/INFO] [net.minecraft.world.item.crafting.RecipeManager/]: Skipping loading recipe malum:tin_from_node_blasting as it's serializer returned null
[01Sep2026 01:04:34.478] [main/ERROR] [net.minecraft.world.item.crafting.RecipeManager/]: Parsing error loading recipe sonsoftheempire:altdorfcaptain_armor_boots_recipe: com.google.gson.JsonSyntaxException: Unknown item 'sonsoftheempire:altdorfcaptain_armor_boots'
[01Sep2026 01:04:34.481] [main/ERROR] [net.minecraft.world.item.crafting.RecipeManager/]: Parsing error loading recipe sonsoftheempire:hombresvillanos_armor_boots_recipe: com.google.gson.JsonSyntaxException: Unknown item 'sonsoftheempire:hombresvillanos_armor_boots'
[01Sep2026 01:04:34.481] [main/ERROR] [net.minecraft.world.item.crafting.RecipeManager/]: Parsing error loading recipe malum:jeed/aethers_charm: com.google.gson.JsonSyntaxException: Invalid or unsupported recipe type 'jeed:effect_provider'
[01Sep2026 01:04:34.485] [main/INFO] [net.minecraft.world.item.crafting.RecipeManager/]: Skipping loading recipe malum:node_focusing_aluminum as it's serializer returned null
[01Sep2026 01:04:34.487] [main/INFO] [net.minecraft.world.item.crafting.RecipeManager/]: Skipping loading recipe malum:osmium_from_node_blasting as it's serializer returned null
[01Sep2026 01:04:34.487] [main/INFO] [net.minecraft.world.item.crafting.RecipeManager/]: Skipping loading recipe malum:node_focusing_lead as it's serializer returned null
[01Sep2026 01:04:34.491] [main/INFO] [net.minecraft.world.item.crafting.RecipeManager/]: Loaded 24 recipes
[01Sep2026 01:04:34.491] [main/ERROR] [net.minecraft.server.ServerFunctionLibrary/]: Failed to load function rallous_old_world:lm_bm/summon
java.util.concurrent.CompletionException: java.lang.IllegalArgumentException: Whilst parsing command on line 8: Can't find element 'fossilsandarcheology:triceratops' of type 'minecraft:entity_type'
	at java.util.concurrent.CompletableFuture.encodeThrowable(CompletableFuture.java:315) ~[?:?]
	at java.util.concurrent.CompletableFuture.completeThrowable(CompletableFuture.java:320) ~[?:?]
	at java.util.concurrent.CompletableFuture$AsyncSupply.run(CompletableFuture.java:1770) ~[?:?]
	at java.util.concurrent.CompletableFuture$AsyncSupply.exec(CompletableFuture.java:1760) ~[?:?]
	at java.util.concurrent.ForkJoinTask.doExec(ForkJoinTask.java:373) ~[?:?]
	at java.util.concurrent.ForkJoinPool$WorkQueue.topLevelExec(ForkJoinPool.java:1182) ~[?:?]
	at java.util.concurrent.ForkJoinPool.scan(ForkJoinPool.java:1655) ~[?:?]
	at java.util.concurrent.ForkJoinPool.runWorker(ForkJoinPool.java:1622) ~[?:?]
	at java.util.concurrent.ForkJoinWorkerThread.run(ForkJoinWorkerThread.java:165) ~[?:?]
Caused by: java.lang.IllegalArgumentException: Whilst parsing command on line 8: Can't find element 'fossilsandarcheology:triceratops' of type 'minecraft:entity_type'
	at net.minecraft.commands.CommandFunction.m_77984_(CommandFunction.java:63) ~[server-1.20.1-20230612.114412-srg.jar%23261!/:?]
	at net.minecraft.server.ServerFunctionLibrary.m_214320_(ServerFunctionLibrary.java:83) ~[server-1.20.1-20230612.114412-srg.jar%23261!/:?]
	at java.util.concurrent.CompletableFuture$AsyncSupply.run(CompletableFuture.java:1768) ~[?:?]
	... 6 more
[01Sep2026 01:04:34.492] [main/ERROR] [net.minecraft.server.ServerFunctionLibrary/]: Failed to load function rallous_old_world:crash/strip_starter_magic
java.util.concurrent.CompletionException: java.lang.IllegalArgumentException: Whilst parsing command on line 10: Unknown item 'irons_spellbooks:necronomicon' at position 9: clear @s <--[HERE]
	at java.util.concurrent.CompletableFuture.encodeThrowable(CompletableFuture.java:315) ~[?:?]
	at java.util.concurrent.CompletableFuture.completeThrowable(CompletableFuture.java:320) ~[?:?]
	at java.util.concurrent.CompletableFuture$AsyncSupply.run(CompletableFuture.java:1770) ~[?:?]
	at java.util.concurrent.CompletableFuture$AsyncSupply.exec(CompletableFuture.java:1760) ~[?:?]
	at java.util.concurrent.ForkJoinTask.doExec(ForkJoinTask.java:373) ~[?:?]
	at java.util.concurrent.ForkJoinPool$WorkQueue.topLevelExec(ForkJoinPool.java:1182) ~[?:?]
	at java.util.concurrent.ForkJoinPool.scan(ForkJoinPool.java:1655) ~[?:?]
	at java.util.concurrent.ForkJoinPool.runWorker(ForkJoinPool.java:1622) ~[?:?]
	at java.util.concurrent.ForkJoinWorkerThread.run(ForkJoinWorkerThread.java:165) ~[?:?]
Caused by: java.lang.IllegalArgumentException: Whilst parsing command on line 10: Unknown item 'irons_spellbooks:necronomicon' at position 9: clear @s <--[HERE]
	at net.minecraft.commands.CommandFunction.m_77984_(CommandFunction.java:63) ~[server-1.20.1-20230612.114412-srg.jar%23261!/:?]
	at net.minecraft.server.ServerFunctionLibrary.m_214320_(ServerFunctionLibrary.java:83) ~[server-1.20.1-20230612.114412-srg.jar%23261!/:?]
	at java.util.concurrent.CompletableFuture$AsyncSupply.run(CompletableFuture.java:1768) ~[?:?]
	... 6 more
[01Sep2026 01:04:34.492] [main/ERROR] [net.minecraft.server.ServerFunctionLibrary/]: Failed to load function rallous_crater_hq:load
java.util.concurrent.CompletionException: java.lang.IllegalArgumentException: Whilst parsing command on line 2: Incorrect argument for command at position 106: ...:data set <--[HERE]
	at java.util.concurrent.CompletableFuture.encodeThrowable(CompletableFuture.java:315) ~[?:?]
	at java.util.concurrent.CompletableFuture.completeThrowable(CompletableFuture.java:320) ~[?:?]
	at java.util.concurrent.CompletableFuture$AsyncSupply.run(CompletableFuture.java:1770) ~[?:?]
	at java.util.concurrent.CompletableFuture$AsyncSupply.exec(CompletableFuture.java:1760) ~[?:?]
	at java.util.concurrent.ForkJoinTask.doExec(ForkJoinTask.java:373) ~[?:?]
	at java.util.concurrent.ForkJoinPool$WorkQueue.topLevelExec(ForkJoinPool.java:1182) ~[?:?]
	at java.util.concurrent.ForkJoinPool.scan(ForkJoinPool.java:1655) ~[?:?]
	at java.util.concurrent.ForkJoinPool.runWorker(ForkJoinPool.java:1622) ~[?:?]
	at java.util.concurrent.ForkJoinWorkerThread.run(ForkJoinWorkerThread.java:165) ~[?:?]
Caused by: java.lang.IllegalArgumentException: Whilst parsing command on line 2: Incorrect argument for command at position 106: ...:data set <--[HERE]
	at net.minecraft.commands.CommandFunction.m_77984_(CommandFunction.java:63) ~[server-1.20.1-20230612.114412-srg.jar%23261!/:?]
	at net.minecraft.server.ServerFunctionLibrary.m_214320_(ServerFunctionLibrary.java:83) ~[server-1.20.1-20230612.114412-srg.jar%23261!/:?]
	at java.util.concurrent.CompletableFuture$AsyncSupply.run(CompletableFuture.java:1768) ~[?:?]
	... 6 more
[01Sep2026 01:04:34.492] [main/ERROR] [net.minecraft.server.ServerFunctionLibrary/]: Failed to load function rallous_recruits_bind:give_book
java.util.concurrent.CompletionException: java.lang.IllegalArgumentException: Whilst parsing command on line 2: Invalid escape sequence '\n' in quoted string at position 217: ... next to.\<--[HERE]
	at java.util.concurrent.CompletableFuture.encodeThrowable(CompletableFuture.java:315) ~[?:?]
	at java.util.concurrent.CompletableFuture.completeThrowable(CompletableFuture.java:320) ~[?:?]
	at java.util.concurrent.CompletableFuture$AsyncSupply.run(CompletableFuture.java:1770) ~[?:?]
	at java.util.concurrent.CompletableFuture$AsyncSupply.exec(CompletableFuture.java:1760) ~[?:?]
	at java.util.concurrent.ForkJoinTask.doExec(ForkJoinTask.java:373) ~[?:?]
	at java.util.concurrent.ForkJoinPool$WorkQueue.topLevelExec(ForkJoinPool.java:1182) ~[?:?]
	at java.util.concurrent.ForkJoinPool.scan(ForkJoinPool.java:1655) ~[?:?]
	at java.util.concurrent.ForkJoinPool.runWorker(ForkJoinPool.java:1622) ~[?:?]
	at java.util.concurrent.ForkJoinWorkerThread.run(ForkJoinWorkerThread.java:165) ~[?:?]
Caused by: java.lang.IllegalArgumentException: Whilst parsing command on line 2: Invalid escape sequence '\n' in quoted string at position 217: ... next to.\<--[HERE]
	at net.minecraft.commands.CommandFunction.m_77984_(CommandFunction.java:63) ~[server-1.20.1-20230612.114412-srg.jar%23261!/:?]
	at net.minecraft.server.ServerFunctionLibrary.m_214320_(ServerFunctionLibrary.java:83) ~[server-1.20.1-20230612.114412-srg.jar%23261!/:?]
	at java.util.concurrent.CompletableFuture$AsyncSupply.run(CompletableFuture.java:1768) ~[?:?]
	... 6 more
[01Sep2026 01:04:34.493] [main/ERROR] [net.minecraft.tags.TagLoader/]: Couldn't load tag minecraft:load as it is missing following references: rallous_crater_hq:load (from rallous_crater_hq-1.0.0.jar)
[01Sep2026 01:04:34.502] [main/ERROR] [net.minecraft.server.ServerAdvancementManager/]: Parsing error loading custom advancement siegemachines:root: Unsupported icon type, currently only items are supported (add 'item' key)
[01Sep2026 01:04:34.503] [main/ERROR] [net.minecraft.server.ServerAdvancementManager/]: Parsing error loading custom advancement siegemachines:master_engineer: Unsupported icon type, currently only items are supported (add 'item' key)
[01Sep2026 01:04:34.517] [main/ERROR] [net.minecraft.server.ServerAdvancementManager/]: Parsing error loading custom advancement siegemachines:mortar: Unsupported icon type, currently only items are supported (add 'item' key)
[01Sep2026 01:04:34.525] [main/ERROR] [net.minecraft.server.ServerAdvancementManager/]: Parsing error loading custom advancement siegemachines:trebuchet: Unsupported icon type, currently only items are supported (add 'item' key)
[01Sep2026 01:04:34.533] [main/ERROR] [net.minecraft.server.ServerAdvancementManager/]: Parsing error loading custom advancement siegemachines:battering_ram: Unsupported icon type, currently only items are supported (add 'item' key)
[01Sep2026 01:04:34.537] [main/ERROR] [net.minecraft.server.ServerAdvancementManager/]: Parsing error loading custom advancement siegemachines:siege_ladder: Unsupported icon type, currently only items are supported (add 'item' key)
[01Sep2026 01:04:34.541] [main/ERROR] [net.minecraft.server.ServerAdvancementManager/]: Parsing error loading custom advancement siegemachines:culverin: Unsupported icon type, currently only items are supported (add 'item' key)
[01Sep2026 01:04:34.548] [main/ERROR] [net.minecraft.server.ServerAdvancementManager/]: Parsing error loading custom advancement rallous_temple_herd:lizardmen/loyal_beast: Unknown item id 'fossil:egg'
[01Sep2026 01:04:34.548] [main/ERROR] [net.minecraft.server.ServerAdvancementManager/]: Parsing error loading custom advancement siegemachines:catapult: Unsupported icon type, currently only items are supported (add 'item' key)
[01Sep2026 01:04:34.549] [main/ERROR] [net.minecraft.server.ServerAdvancementManager/]: Parsing error loading custom advancement siegemachines:ballista: Unsupported icon type, currently only items are supported (add 'item' key)
[01Sep2026 01:04:34.568] [main/INFO] [net.minecraft.advancements.AdvancementList/]: Loaded 3080 advancements
[01Sep2026 01:04:34.772] [main/WARN] [epicfight/]: Item Capability Exception: No item named magistuarmory:rusted_heavywarhammer
[01Sep2026 01:04:34.774] [main/WARN] [epicfight/]: epicfight:cut is not a hit particle type in magistuarmory:pike
[01Sep2026 01:04:34.775] [main/WARN] [epicfight/]: epicfight:cut is not a hit particle type in magistuarmory:pike
[01Sep2026 01:04:34.775] [main/WARN] [epicfight/]: epicfight:cut is not a hit particle type in magistuarmory:pike
[01Sep2026 01:04:34.776] [main/WARN] [epicfight/]: epicfight:cut is not a hit particle type in magistuarmory:pike
[01Sep2026 01:04:34.776] [main/WARN] [epicfight/]: epicfight:cut is not a hit particle type in magistuarmory:pike
[01Sep2026 01:04:34.777] [main/WARN] [epicfight/]: Item Capability Exception: No item named magistuarmory:rusted_lochaberaxe
[01Sep2026 01:04:34.777] [main/WARN] [epicfight/]: epicfight:cut is not a hit particle type in magistuarmory:pike
[01Sep2026 01:04:34.778] [main/WARN] [epicfight/]: Item Capability Exception: No item named magistuarmory:rusted_ranseur
[01Sep2026 01:04:34.778] [main/WARN] [epicfight/]: Item Capability Exception: No item named magistuarmory:rusted_katzbalger
[01Sep2026 01:04:34.778] [main/WARN] [epicfight/]: epicfight:cut is not a hit particle type in magistuarmory:pike
[01Sep2026 01:04:34.778] [main/WARN] [epicfight/]: epicfight:cut is not a hit particle type in magistuarmory:pike
[01Sep2026 01:04:34.778] [main/WARN] [epicfight/]: epicfight:cut is not a hit particle type in magistuarmory:pike
[01Sep2026 01:04:34.778] [main/WARN] [epicfight/]: Item Capability Exception: No item named magistuarmory:rusted_morgenstern
[01Sep2026 01:04:34.778] [main/WARN] [epicfight/]: epicfight:cut is not a hit particle type in magistuarmory:pike
[01Sep2026 01:04:34.779] [main/WARN] [epicfight/]: epicfight:cut is not a hit particle type in magistuarmory:pike
[01Sep2026 01:04:34.779] [main/WARN] [epicfight/]: epicfight:cut is not a hit particle type in magistuarmory:pike
[01Sep2026 01:04:34.779] [main/WARN] [epicfight/]: epicfight:cut is not a hit particle type in magistuarmory:pike
[01Sep2026 01:04:34.779] [main/WARN] [epicfight/]: epicfight:cut is not a hit particle type in magistuarmory:pike
[01Sep2026 01:04:34.779] [main/WARN] [epicfight/]: epicfight:cut is not a hit particle type in magistuarmory:pike
[01Sep2026 01:04:34.779] [main/WARN] [epicfight/]: epicfight:cut is not a hit particle type in magistuarmory:pike
[01Sep2026 01:04:34.780] [main/WARN] [epicfight/]: epicfight:cut is not a hit particle type in magistuarmory:pike
[01Sep2026 01:04:34.780] [main/WARN] [epicfight/]: epicfight:cut is not a hit particle type in magistuarmory:pike
[01Sep2026 01:04:34.780] [main/WARN] [epicfight/]: Item Capability Exception: No item named magistuarmory:rusted_guisarme
[01Sep2026 01:04:34.780] [main/WARN] [epicfight/]: Item Capability Exception: No item named magistuarmory:rusted_pike
[01Sep2026 01:04:34.780] [main/WARN] [epicfight/]: epicfight:cut is not a hit particle type in magistuarmory:pike
[01Sep2026 01:04:34.780] [main/WARN] [epicfight/]: epicfight:cut is not a hit particle type in magistuarmory:pike
[01Sep2026 01:04:34.780] [main/WARN] [epicfight/]: epicfight:cut is not a hit particle type in magistuarmory:pike
[01Sep2026 01:04:34.781] [main/WARN] [epicfight/]: epicfight:cut is not a hit particle type in magistuarmory:pike
[01Sep2026 01:04:34.781] [main/WARN] [epicfight/]: epicfight:cut is not a hit particle type in magistuarmory:pike
[01Sep2026 01:04:34.781] [main/WARN] [epicfight/]: epicfight:cut is not a hit particle type in magistuarmory:pike
[01Sep2026 01:04:34.781] [main/WARN] [epicfight/]: epicfight:cut is not a hit particle type in magistuarmory:pike
[01Sep2026 01:04:34.782] [main/WARN] [epicfight/]: Item Capability Exception: No item named magistuarmory:rusted_claymore
[01Sep2026 01:04:34.782] [main/WARN] [epicfight/]: Item Capability Exception: No item named magistuarmory:rusted_estoc
[01Sep2026 01:04:34.782] [main/WARN] [epicfight/]: epicfight:cut is not a hit particle type in magistuarmory:pike
[01Sep2026 01:04:34.782] [main/WARN] [epicfight/]: Item Capability Exception: No item named magistuarmory:rusted_chainmorgenstern
[01Sep2026 01:04:34.782] [main/WARN] [epicfight/]: epicfight:cut is not a hit particle type in magistuarmory:pike
[01Sep2026 01:04:34.782] [main/WARN] [epicfight/]: epicfight:cut is not a hit particle type in magistuarmory:pike
[01Sep2026 01:04:34.782] [main/WARN] [epicfight/]: epicfight:cut is not a hit particle type in magistuarmory:pike
[01Sep2026 01:04:34.782] [main/WARN] [epicfight/]: epicfight:cut is not a hit particle type in magistuarmory:pike
[01Sep2026 01:04:34.782] [main/WARN] [epicfight/]: Item Capability Exception: No item named magistuarmory:rusted_chivalrylance
[01Sep2026 01:04:34.782] [main/WARN] [epicfight/]: Item Capability Exception: No item named magistuarmory:rusted_zweihander
[01Sep2026 01:04:34.782] [main/WARN] [epicfight/]: Item Capability Exception: No item named magistuarmory:rusted_stylet
[01Sep2026 01:04:34.782] [main/WARN] [epicfight/]: epicfight:cut is not a hit particle type in magistuarmory:pike
[01Sep2026 01:04:34.783] [main/WARN] [epicfight/]: Item Capability Exception: No item named magistuarmory:rusted_concavehalberd
[01Sep2026 01:04:34.783] [main/WARN] [epicfight/]: epicfight:cut is not a hit particle type in magistuarmory:pike
[01Sep2026 01:04:34.783] [main/WARN] [epicfight/]: epicfight:cut is not a hit particle type in magistuarmory:pike
[01Sep2026 01:04:34.783] [main/WARN] [epicfight/]: Item Capability Exception: No item named magistuarmory:rusted_flamebladedsword
[01Sep2026 01:04:34.783] [main/WARN] [epicfight/]: Error while deserializing datapack for magistuarmory:silver_morgenstern: Can't find weapon type: minecraft:axe
[01Sep2026 01:04:34.784] [main/WARN] [epicfight/]: Item Capability Exception: No item named magistuarmory:rusted_ahlspiess
[01Sep2026 01:04:34.784] [main/WARN] [epicfight/]: epicfight:cut is not a hit particle type in magistuarmory:pike
[01Sep2026 01:04:34.784] [main/WARN] [epicfight/]: Item Capability Exception: No item named magistuarmory:rusted_lucernhammer
[01Sep2026 01:04:34.833] [main/INFO] [Supplementaries/]: Loaded 27 flute songs
[01Sep2026 01:04:34.841] [main/INFO] [sfiomn.legendarysurvivaloverhaul.LegendarySurvivalOverhaul/]: Loaded 17 temperature consumables
[01Sep2026 01:04:34.842] [main/INFO] [sfiomn.legendarysurvivaloverhaul.LegendarySurvivalOverhaul/]: Loaded 0 temperature consumable blocks
[01Sep2026 01:04:34.844] [main/INFO] [sfiomn.legendarysurvivaloverhaul.LegendarySurvivalOverhaul/]: Loaded 43 temperature blocks
[01Sep2026 01:04:34.846] [main/INFO] [sfiomn.legendarysurvivaloverhaul.LegendarySurvivalOverhaul/]: Loaded 63 temperature items
[01Sep2026 01:04:34.847] [main/INFO] [sfiomn.legendarysurvivaloverhaul.LegendarySurvivalOverhaul/]: Loaded 7 temperature biomes
[01Sep2026 01:04:34.848] [main/INFO] [sfiomn.legendarysurvivaloverhaul.LegendarySurvivalOverhaul/]: Loaded 8 temperature fuel items
[01Sep2026 01:04:34.849] [main/INFO] [sfiomn.legendarysurvivaloverhaul.LegendarySurvivalOverhaul/]: Loaded 3 temperature dimensions
[01Sep2026 01:04:34.849] [main/INFO] [sfiomn.legendarysurvivaloverhaul.LegendarySurvivalOverhaul/]: Loaded 1 temperature mounts
[01Sep2026 01:04:34.849] [main/INFO] [sfiomn.legendarysurvivaloverhaul.LegendarySurvivalOverhaul/]: Loaded 0 temperature origins
[01Sep2026 01:04:34.853] [main/INFO] [sfiomn.legendarysurvivaloverhaul.LegendarySurvivalOverhaul/]: Loaded 36 thirst consumables
[01Sep2026 01:04:34.854] [main/INFO] [sfiomn.legendarysurvivaloverhaul.LegendarySurvivalOverhaul/]: Loaded 5 thirst blocks
[01Sep2026 01:04:34.856] [main/INFO] [sfiomn.legendarysurvivaloverhaul.LegendarySurvivalOverhaul/]: Loaded 23 body parts damage sources
[01Sep2026 01:04:34.857] [main/INFO] [sfiomn.legendarysurvivaloverhaul.LegendarySurvivalOverhaul/]: Loaded 6 body healing consumables
[01Sep2026 01:04:34.858] [main/INFO] [sfiomn.legendarysurvivaloverhaul.LegendarySurvivalOverhaul/]: Loaded 4 body part resistance items
[01Sep2026 01:04:34.862] [main/INFO] [com.sammy.malum.MalumMod/]: Ritual with registry name: malum:cthonic_conversion does not exist
[01Sep2026 01:04:34.865] [main/INFO] [top.theillusivec4.curios.Curios/]: Loaded 13 curio slots
[01Sep2026 01:04:34.866] [main/INFO] [top.theillusivec4.curios.Curios/]: Loaded 1 curio entities
[01Sep2026 01:04:34.869] [main/INFO] [Fossils Archeology/]: Loaded 733 server animations for 66 entities
[01Sep2026 01:04:34.877] [main/INFO] [Fossils Archeology/]: Loaded 1056 animation category entries for 66 entities
[01Sep2026 01:04:34.879] [main/INFO] [Fossils Archeology/]: Loaded data for 59 entities
[01Sep2026 01:04:34.880] [main/INFO] [Fossils Archeology/]: Loaded food values: (blocks: 41) (items: 41) (entities: 34, 34) (Tags: 3, 8, 0)
[01Sep2026 01:04:34.890] [main/INFO] [Fossils Archeology/]: Loaded 13 variants
[01Sep2026 01:04:34.927] [main/INFO] [Moonlight/]: Applied 18 data villager trades
[01Sep2026 01:04:34.970] [main/INFO] [Supplementaries/]: Finished additional setup in 0 ms
[01Sep2026 01:04:34.983] [main/WARN] [ModernFix/]: Initial datapack load took 2.961 s
[01Sep2026 01:04:35.087] [Server thread/INFO] [net.minecraft.server.dedicated.DedicatedServer/]: Starting minecraft server version 1.20.1
[01Sep2026 01:04:35.087] [Server thread/INFO] [net.minecraft.server.dedicated.DedicatedServer/]: Loading properties
[01Sep2026 01:04:35.087] [Server thread/INFO] [net.minecraft.server.dedicated.DedicatedServer/]: Default game type: SURVIVAL
[01Sep2026 01:04:35.088] [Server thread/INFO] [net.minecraft.server.MinecraftServer/]: Generating keypair
[01Sep2026 01:04:35.128] [Server thread/INFO] [net.minecraft.server.dedicated.DedicatedServer/]: Starting Minecraft server on 127.0.0.1:25565
[01Sep2026 01:04:35.145] [Server thread/INFO] [net.minecraft.server.network.ServerConnectionListener/]: Using epoll channel type
[01Sep2026 01:04:35.197] [Server thread/WARN] [net.minecraft.server.dedicated.DedicatedServer/]: **** SERVER IS RUNNING IN OFFLINE/INSECURE MODE!
[01Sep2026 01:04:35.198] [Server thread/WARN] [net.minecraft.server.dedicated.DedicatedServer/]: The server will make no attempt to authenticate usernames. Beware.
[01Sep2026 01:04:35.198] [Server thread/WARN] [net.minecraft.server.dedicated.DedicatedServer/]: While this makes the game possible to play without internet access, it also opens up the ability for hackers to connect with any username they choose.
[01Sep2026 01:04:35.198] [Server thread/WARN] [net.minecraft.server.dedicated.DedicatedServer/]: To change this, set "online-mode" to "true" in the server.properties file.
[01Sep2026 01:04:35.209] [Server thread/WARN] [net.minecraftforge.common.ForgeConfigSpec/CORE]: Configuration file ./world/serverconfig/jei-server.toml is not correct. Correcting
[01Sep2026 01:04:35.209] [Server thread/WARN] [net.minecraftforge.common.ForgeConfigSpec/CORE]: Incorrect key cheat mode was corrected from null to its default, SimpleCommentedConfig:{}. 
[01Sep2026 01:04:35.210] [Server thread/WARN] [net.minecraftforge.common.ForgeConfigSpec/CORE]: Incorrect key cheat mode.enableCheatModeForOp was corrected from null to its default, true. 
[01Sep2026 01:04:35.210] [Server thread/WARN] [net.minecraftforge.common.ForgeConfigSpec/CORE]: Incorrect key cheat mode.enableCheatModeForCreative was corrected from null to its default, true. 
[01Sep2026 01:04:35.210] [Server thread/WARN] [net.minecraftforge.common.ForgeConfigSpec/CORE]: Incorrect key cheat mode.enableCheatModeForGive was corrected from null to its default, false. 
[01Sep2026 01:04:35.211] [Server thread/WARN] [net.minecraftforge.common.ForgeConfigSpec/CORE]: Configuration file ./world/serverconfig/epicfight-server.toml is not correct. Correcting
[01Sep2026 01:04:35.211] [Server thread/WARN] [net.minecraftforge.common.ForgeConfigSpec/CORE]: Incorrect key allow_custom_animations was corrected from null to its default, false. 
[01Sep2026 01:04:35.212] [Server thread/WARN] [net.minecraftforge.common.ForgeConfigSpec/CORE]: Configuration file ./world/serverconfig/sophisticatedbackpacks-server.toml is not correct. Correcting
[01Sep2026 01:04:35.212] [Server thread/WARN] [net.minecraftforge.common.ForgeConfigSpec/CORE]: Incorrect key server was corrected from null to its default, SimpleCommentedConfig:{}. 
[01Sep2026 01:04:35.212] [Server thread/WARN] [net.minecraftforge.common.ForgeConfigSpec/CORE]: Incorrect key server.disallowedItems was corrected from null to its default, []. 
[01Sep2026 01:04:35.212] [Server thread/WARN] [net.minecraftforge.common.ForgeConfigSpec/CORE]: Incorrect key server.containerItemsDisallowed was corrected from null to its default, false. 
[01Sep2026 01:04:35.212] [Server thread/WARN] [net.minecraftforge.common.ForgeConfigSpec/CORE]: Incorrect key server.noInteractionBlocks was corrected from null to its default, []. 
[01Sep2026 01:04:35.212] [Server thread/WARN] [net.minecraftforge.common.ForgeConfigSpec/CORE]: Incorrect key server.noConnectionBlocks was corrected from null to its default, []. 
[01Sep2026 01:04:35.212] [Server thread/WARN] [net.minecraftforge.common.ForgeConfigSpec/CORE]: Incorrect key server.allBlockConnectionsDisallowed was corrected from null to its default, false. 
[01Sep2026 01:04:35.212] [Server thread/WARN] [net.minecraftforge.common.ForgeConfigSpec/CORE]: Incorrect key server.leatherBackpack was corrected from null to its default, SimpleCommentedConfig:{}. 
[01Sep2026 01:04:35.212] [Server thread/WARN] [net.minecraftforge.common.ForgeConfigSpec/CORE]: Incorrect key server.leatherBackpack.inventorySlotCount was corrected from null to its default, 27. 
[01Sep2026 01:04:35.212] [Server thread/WARN] [net.minecraftforge.common.ForgeConfigSpec/CORE]: Incorrect key server.leatherBackpack.upgradeSlotCount was corrected from null to its default, 1. 
[01Sep2026 01:04:35.212] [Server thread/WARN] [net.minecraftforge.common.ForgeConfigSpec/CORE]: Incorrect key server.copperBackpack was corrected from null to its default, SimpleCommentedConfig:{}. 
[01Sep2026 01:04:35.212] [Server thread/WARN] [net.minecraftforge.common.ForgeConfigSpec/CORE]: Incorrect key server.copperBackpack.inventorySlotCount was corrected from null to its default, 45. 
[01Sep2026 01:04:35.213] [Server thread/WARN] [net.minecraftforge.common.ForgeConfigSpec/CORE]: Incorrect key server.copperBackpack.upgradeSlotCount was corrected from null to its default, 1. 
[01Sep2026 01:04:35.213] [Server thread/WARN] [net.minecraftforge.common.ForgeConfigSpec/CORE]: Incorrect key server.ironBackpack was corrected from null to its default, SimpleCommentedConfig:{}. 
[01Sep2026 01:04:35.213] [Server thread/WARN] [net.minecraftforge.common.ForgeConfigSpec/CORE]: Incorrect key server.ironBackpack.inventorySlotCount was corrected from null to its default, 54. 
[01Sep2026 01:04:35.213] [Server thread/WARN] [net.minecraftforge.common.ForgeConfigSpec/CORE]: Incorrect key server.ironBackpack.upgradeSlotCount was corrected from null to its default, 2. 
[01Sep2026 01:04:35.213] [Server thread/WARN] [net.minecraftforge.common.ForgeConfigSpec/CORE]: Incorrect key server.goldBackpack was corrected from null to its default, SimpleCommentedConfig:{}. 
[01Sep2026 01:04:35.213] [Server thread/WARN] [net.minecraftforge.common.ForgeConfigSpec/CORE]: Incorrect key server.goldBackpack.inventorySlotCount was corrected from null to its default, 81. 
[01Sep2026 01:04:35.213] [Server thread/WARN] [net.minecraftforge.common.ForgeConfigSpec/CORE]: Incorrect key server.goldBackpack.upgradeSlotCount was corrected from null to its default, 3. 
[01Sep2026 01:04:35.213] [Server thread/WARN] [net.minecraftforge.common.ForgeConfigSpec/CORE]: Incorrect key server.diamondBackpack was corrected from null to its default, SimpleCommentedConfig:{}. 
[01Sep2026 01:04:35.213] [Server thread/WARN] [net.minecraftforge.common.ForgeConfigSpec/CORE]: Incorrect key server.diamondBackpack.inventorySlotCount was corrected from null to its default, 108. 
[01Sep2026 01:04:35.213] [Server thread/WARN] [net.minecraftforge.common.ForgeConfigSpec/CORE]: Incorrect key server.diamondBackpack.upgradeSlotCount was corrected from null to its default, 5. 
[01Sep2026 01:04:35.213] [Server thread/WARN] [net.minecraftforge.common.ForgeConfigSpec/CORE]: Incorrect key server.netheriteBackpack was corrected from null to its default, SimpleCommentedConfig:{}. 
[01Sep2026 01:04:35.213] [Server thread/WARN] [net.minecraftforge.common.ForgeConfigSpec/CORE]: Incorrect key server.netheriteBackpack.inventorySlotCount was corrected from null to its default, 120. 
[01Sep2026 01:04:35.213] [Server thread/WARN] [net.minecraftforge.common.ForgeConfigSpec/CORE]: Incorrect key server.netheriteBackpack.upgradeSlotCount was corrected from null to its default, 7. 
[01Sep2026 01:04:35.213] [Server thread/WARN] [net.minecraftforge.common.ForgeConfigSpec/CORE]: Incorrect key server.compactingUpgrade was corrected from null to its default, SimpleCommentedConfig:{}. 
[01Sep2026 01:04:35.213] [Server thread/WARN] [net.minecraftforge.common.ForgeConfigSpec/CORE]: Incorrect key server.compactingUpgrade.filterSlots was corrected from null to its default, 9. 
[01Sep2026 01:04:35.213] [Server thread/WARN] [net.minecraftforge.common.ForgeConfigSpec/CORE]: Incorrect key server.compactingUpgrade.slotsInRow was corrected from null to its default, 3. 
[01Sep2026 01:04:35.213] [Server thread/WARN] [net.minecraftforge.common.ForgeConfigSpec/CORE]: Incorrect key server.compactingUpgrade.additionalCompactingShapes was corrected from null to its default, [111/101/111]. 
[01Sep2026 01:04:35.214] [Server thread/WARN] [net.minecraftforge.common.ForgeConfigSpec/CORE]: Incorrect key server.compactingUpgrade.additionalCompactingShapeOverrides was corrected from null to its default, []. 
[01Sep2026 01:04:35.214] [Server thread/WARN] [net.minecraftforge.common.ForgeConfigSpec/CORE]: Incorrect key server.advancedCompactingUpgrade was corrected from null to its default, SimpleCommentedConfig:{}. 
[01Sep2026 01:04:35.214] [Server thread/WARN] [net.minecraftforge.common.ForgeConfigSpec/CORE]: Incorrect key server.advancedCompactingUpgrade.filterSlots was corrected from null to its default, 16. 
[01Sep2026 01:04:35.214] [Server thread/WARN] [net.minecraftforge.common.ForgeConfigSpec/CORE]: Incorrect key server.advancedCompactingUpgrade.slotsInRow was corrected from null to its default, 4. 
[01Sep2026 01:04:35.214] [Server thread/WARN] [net.minecraftforge.common.ForgeConfigSpec/CORE]: Incorrect key server.depositUpgrade was corrected from null to its default, SimpleCommentedConfig:{}. 
[01Sep2026 01:04:35.214] [Server thread/WARN] [net.minecraftforge.common.ForgeConfigSpec/CORE]: Incorrect key server.depositUpgrade.filterSlots was corrected from null to its default, 9. 
[01Sep2026 01:04:35.214] [Server thread/WARN] [net.minecraftforge.common.ForgeConfigSpec/CORE]: Incorrect key server.depositUpgrade.slotsInRow was corrected from null to its default, 3. 
[01Sep2026 01:04:35.214] [Server thread/WARN] [net.minecraftforge.common.ForgeConfigSpec/CORE]: Incorrect key server.advancedDepositUpgrade was corrected from null to its default, SimpleCommentedConfig:{}. 
[01Sep2026 01:04:35.214] [Server thread/WARN] [net.minecraftforge.common.ForgeConfigSpec/CORE]: Incorrect key server.advancedDepositUpgrade.filterSlots was corrected from null to its default, 16. 
[01Sep2026 01:04:35.214] [Server thread/WARN] [net.minecraftforge.common.ForgeConfigSpec/CORE]: Incorrect key server.advancedDepositUpgrade.slotsInRow was corrected from null to its default, 4. 
[01Sep2026 01:04:35.214] [Server thread/WARN] [net.minecraftforge.common.ForgeConfigSpec/CORE]: Incorrect key server.feedingUpgrade was corrected from null to its default, SimpleCommentedConfig:{}. 
[01Sep2026 01:04:35.214] [Server thread/WARN] [net.minecraftforge.common.ForgeConfigSpec/CORE]: Incorrect key server.feedingUpgrade.filterSlots was corrected from null to its default, 9. 
[01Sep2026 01:04:35.214] [Server thread/WARN] [net.minecraftforge.common.ForgeConfigSpec/CORE]: Incorrect key server.feedingUpgrade.slotsInRow was corrected from null to its default, 3. 
[01Sep2026 01:04:35.214] [Server thread/WARN] [net.minecraftforge.common.ForgeConfigSpec/CORE]: Incorrect key server.advancedFeedingUpgrade was corrected from null to its default, SimpleCommentedConfig:{}. 
[01Sep2026 01:04:35.214] [Server thread/WARN] [net.minecraftforge.common.ForgeConfigSpec/CORE]: Incorrect key server.advancedFeedingUpgrade.filterSlots was corrected from null to its default, 16. 
[01Sep2026 01:04:35.214] [Server thread/WARN] [net.minecraftforge.common.ForgeConfigSpec/CORE]: Incorrect key server.advancedFeedingUpgrade.slotsInRow was corrected from null to its default, 4. 
[01Sep2026 01:04:35.215] [Server thread/WARN] [net.minecraftforge.common.ForgeConfigSpec/CORE]: Incorrect key server.filterUpgrade was corrected from null to its default, SimpleCommentedConfig:{}. 
[01Sep2026 01:04:35.215] [Server thread/WARN] [net.minecraftforge.common.ForgeConfigSpec/CORE]: Incorrect key server.filterUpgrade.filterSlots was corrected from null to its default, 9. 
[01Sep2026 01:04:35.215] [Server thread/WARN] [net.minecraftforge.common.ForgeConfigSpec/CORE]: Incorrect key server.filterUpgrade.slotsInRow was corrected from null to its default, 3. 
[01Sep2026 01:04:35.215] [Server thread/WARN] [net.minecraftforge.common.ForgeConfigSpec/CORE]: Incorrect key server.advancedFilterUpgrade was corrected from null to its default, SimpleCommentedConfig:{}. 
[01Sep2026 01:04:35.215] [Server thread/WARN] [net.minecraftforge.common.ForgeConfigSpec/CORE]: Incorrect key server.advancedFilterUpgrade.filterSlots was corrected from null to its default, 16. 
[01Sep2026 01:04:35.215] [Server thread/WARN] [net.minecraftforge.common.ForgeConfigSpec/CORE]: Incorrect key server.advancedFilterUpgrade.slotsInRow was corrected from null to its default, 4. 
[01Sep2026 01:04:35.215] [Server thread/WARN] [net.minecraftforge.common.ForgeConfigSpec/CORE]: Incorrect key server.magnetUpgrade was corrected from null to its default, SimpleCommentedConfig:{}. 
[01Sep2026 01:04:35.215] [Server thread/WARN] [net.minecraftforge.common.ForgeConfigSpec/CORE]: Incorrect key server.magnetUpgrade.filterSlots was corrected from null to its default, 9. 
[01Sep2026 01:04:35.215] [Server thread/WARN] [net.minecraftforge.common.ForgeConfigSpec/CORE]: Incorrect key server.magnetUpgrade.slotsInRow was corrected from null to its default, 3. 
[01Sep2026 01:04:35.215] [Server thread/WARN] [net.minecraftforge.common.ForgeConfigSpec/CORE]: Incorrect key server.magnetUpgrade.magnetRange was corrected from null to its default, 3. 
[01Sep2026 01:04:35.215] [Server thread/WARN] [net.minecraftforge.common.ForgeConfigSpec/CORE]: Incorrect key server.advancedMagnetUpgrade was corrected from null to its default, SimpleCommentedConfig:{}. 
[01Sep2026 01:04:35.215] [Server thread/WARN] [net.minecraftforge.common.ForgeConfigSpec/CORE]: Incorrect key server.advancedMagnetUpgrade.filterSlots was corrected from null to its default, 16. 
[01Sep2026 01:04:35.215] [Server thread/WARN] [net.minecraftforge.common.ForgeConfigSpec/CORE]: Incorrect key server.advancedMagnetUpgrade.slotsInRow was corrected from null to its default, 4. 
[01Sep2026 01:04:35.215] [Server thread/WARN] [net.minecraftforge.common.ForgeConfigSpec/CORE]: Incorrect key server.advancedMagnetUpgrade.magnetRange was corrected from null to its default, 5. 
[01Sep2026 01:04:35.215] [Server thread/WARN] [net.minecraftforge.common.ForgeConfigSpec/CORE]: Incorrect key server.pickupUpgrade was corrected from null to its default, SimpleCommentedConfig:{}. 
[01Sep2026 01:04:35.215] [Server thread/WARN] [net.minecraftforge.common.ForgeConfigSpec/CORE]: Incorrect key server.pickupUpgrade.filterSlots was corrected from null to its default, 9. 
[01Sep2026 01:04:35.215] [Server thread/WARN] [net.minecraftforge.common.ForgeConfigSpec/CORE]: Incorrect key server.pickupUpgrade.slotsInRow was corrected from null to its default, 3. 
[01Sep2026 01:04:35.216] [Server thread/WARN] [net.minecraftforge.common.ForgeConfigSpec/CORE]: Incorrect key server.advancedPickupUpgrade was corrected from null to its default, SimpleCommentedConfig:{}. 
[01Sep2026 01:04:35.216] [Server thread/WARN] [net.minecraftforge.common.ForgeConfigSpec/CORE]: Incorrect key server.advancedPickupUpgrade.filterSlots was corrected from null to its default, 16. 
[01Sep2026 01:04:35.216] [Server thread/WARN] [net.minecraftforge.common.ForgeConfigSpec/CORE]: Incorrect key server.advancedPickupUpgrade.slotsInRow was corrected from null to its default, 4. 
[01Sep2026 01:04:35.216] [Server thread/WARN] [net.minecraftforge.common.ForgeConfigSpec/CORE]: Incorrect key server.refillUpgrade was corrected from null to its default, SimpleCommentedConfig:{}. 
[01Sep2026 01:04:35.216] [Server thread/WARN] [net.minecraftforge.common.ForgeConfigSpec/CORE]: Incorrect key server.refillUpgrade.filterSlots was corrected from null to its default, 6. 
[01Sep2026 01:04:35.216] [Server thread/WARN] [net.minecraftforge.common.ForgeConfigSpec/CORE]: Incorrect key server.refillUpgrade.slotsInRow was corrected from null to its default, 3. 
[01Sep2026 01:04:35.216] [Server thread/WARN] [net.minecraftforge.common.ForgeConfigSpec/CORE]: Incorrect key server.advancedRefillUpgrade was corrected from null to its default, SimpleCommentedConfig:{}. 
[01Sep2026 01:04:35.216] [Server thread/WARN] [net.minecraftforge.common.ForgeConfigSpec/CORE]: Incorrect key server.advancedRefillUpgrade.filterSlots was corrected from null to its default, 12. 
[01Sep2026 01:04:35.216] [Server thread/WARN] [net.minecraftforge.common.ForgeConfigSpec/CORE]: Incorrect key server.advancedRefillUpgrade.slotsInRow was corrected from null to its default, 4. 
[01Sep2026 01:04:35.216] [Server thread/WARN] [net.minecraftforge.common.ForgeConfigSpec/CORE]: Incorrect key server.restockUpgrade was corrected from null to its default, SimpleCommentedConfig:{}. 
[01Sep2026 01:04:35.216] [Server thread/WARN] [net.minecraftforge.common.ForgeConfigSpec/CORE]: Incorrect key server.restockUpgrade.filterSlots was corrected from null to its default, 9. 
[01Sep2026 01:04:35.216] [Server thread/WARN] [net.minecraftforge.common.ForgeConfigSpec/CORE]: Incorrect key server.restockUpgrade.slotsInRow was corrected from null to its default, 3. 
[01Sep2026 01:04:35.216] [Server thread/WARN] [net.minecraftforge.common.ForgeConfigSpec/CORE]: Incorrect key server.advancedRestockUpgrade was corrected from null to its default, SimpleCommentedConfig:{}. 
[01Sep2026 01:04:35.216] [Server thread/WARN] [net.minecraftforge.common.ForgeConfigSpec/CORE]: Incorrect key server.advancedRestockUpgrade.filterSlots was corrected from null to its default, 16. 
[01Sep2026 01:04:35.216] [Server thread/WARN] [net.minecraftforge.common.ForgeConfigSpec/CORE]: Incorrect key server.advancedRestockUpgrade.slotsInRow was corrected from null to its default, 4. 
[01Sep2026 01:04:35.216] [Server thread/WARN] [net.minecraftforge.common.ForgeConfigSpec/CORE]: Incorrect key server.voidUpgrade was corrected from null to its default, SimpleCommentedConfig:{}. 
[01Sep2026 01:04:35.216] [Server thread/WARN] [net.minecraftforge.common.ForgeConfigSpec/CORE]: Incorrect key server.voidUpgrade.filterSlots was corrected from null to its default, 9. 
[01Sep2026 01:04:35.217] [Server thread/WARN] [net.minecraftforge.common.ForgeConfigSpec/CORE]: Incorrect key server.voidUpgrade.slotsInRow was corrected from null to its default, 3. 
[01Sep2026 01:04:35.217] [Server thread/WARN] [net.minecraftforge.common.ForgeConfigSpec/CORE]: Incorrect key server.voidUpgrade.voidAlwaysEnabled was corrected from null to its default, true. 
[01Sep2026 01:04:35.217] [Server thread/WARN] [net.minecraftforge.common.ForgeConfigSpec/CORE]: Incorrect key server.advancedVoidUpgrade was corrected from null to its default, SimpleCommentedConfig:{}. 
[01Sep2026 01:04:35.217] [Server thread/WARN] [net.minecraftforge.common.ForgeConfigSpec/CORE]: Incorrect key server.advancedVoidUpgrade.filterSlots was corrected from null to its default, 16. 
[01Sep2026 01:04:35.217] [Server thread/WARN] [net.minecraftforge.common.ForgeConfigSpec/CORE]: Incorrect key server.advancedVoidUpgrade.slotsInRow was corrected from null to its default, 4. 
[01Sep2026 01:04:35.217] [Server thread/WARN] [net.minecraftforge.common.ForgeConfigSpec/CORE]: Incorrect key server.advancedVoidUpgrade.voidAlwaysEnabled was corrected from null to its default, true. 
[01Sep2026 01:04:35.217] [Server thread/WARN] [net.minecraftforge.common.ForgeConfigSpec/CORE]: Incorrect key server.stackUpgrade was corrected from null to its default, SimpleCommentedConfig:{}. 
[01Sep2026 01:04:35.217] [Server thread/WARN] [net.minecraftforge.common.ForgeConfigSpec/CORE]: Incorrect key server.stackUpgrade.nonStackableItems was corrected from null to its default, [minecraft:bundle, minecraft:shulker_box, minecraft:white_shulker_box, minecraft:orange_shulker_box, minecraft:magenta_shulker_box, minecraft:light_blue_shulker_box, minecraft:yellow_shulker_box, minecraft:lime_shulker_box, minecraft:pink_shulker_box, minecraft:gray_shulker_box, minecraft:light_gray_shulker_box, minecraft:cyan_shulker_box, minecraft:purple_shulker_box, minecraft:blue_shulker_box, minecraft:brown_shulker_box, minecraft:green_shulker_box, minecraft:red_shulker_box, minecraft:black_shulker_box]. 
[01Sep2026 01:04:35.217] [Server thread/WARN] [net.minecraftforge.common.ForgeConfigSpec/CORE]: Incorrect key server.smeltingUpgrade was corrected from null to its default, SimpleCommentedConfig:{}. 
[01Sep2026 01:04:35.217] [Server thread/WARN] [net.minecraftforge.common.ForgeConfigSpec/CORE]: Incorrect key server.smeltingUpgrade.smeltingSpeedMultiplier was corrected from null to its default, 1.0. 
[01Sep2026 01:04:35.217] [Server thread/WARN] [net.minecraftforge.common.ForgeConfigSpec/CORE]: Incorrect key server.smeltingUpgrade.fuelEfficiencyMultiplier was corrected from null to its default, 1.0. 
[01Sep2026 01:04:35.217] [Server thread/WARN] [net.minecraftforge.common.ForgeConfigSpec/CORE]: Incorrect key server.smokingUpgrade was corrected from null to its default, SimpleCommentedConfig:{}. 
[01Sep2026 01:04:35.217] [Server thread/WARN] [net.minecraftforge.common.ForgeConfigSpec/CORE]: Incorrect key server.smokingUpgrade.smeltingSpeedMultiplier was corrected from null to its default, 1.0. 
[01Sep2026 01:04:35.217] [Server thread/WARN] [net.minecraftforge.common.ForgeConfigSpec/CORE]: Incorrect key server.smokingUpgrade.fuelEfficiencyMultiplier was corrected from null to its default, 1.0. 
[01Sep2026 01:04:35.218] [Server thread/WARN] [net.minecraftforge.common.ForgeConfigSpec/CORE]: Incorrect key server.blastingUpgrade was corrected from null to its default, SimpleCommentedConfig:{}. 
[01Sep2026 01:04:35.218] [Server thread/WARN] [net.minecraftforge.common.ForgeConfigSpec/CORE]: Incorrect key server.blastingUpgrade.smeltingSpeedMultiplier was corrected from null to its default, 1.0. 
[01Sep2026 01:04:35.218] [Server thread/WARN] [net.minecraftforge.common.ForgeConfigSpec/CORE]: Incorrect key server.blastingUpgrade.fuelEfficiencyMultiplier was corrected from null to its default, 1.0. 
[01Sep2026 01:04:35.218] [Server thread/WARN] [net.minecraftforge.common.ForgeConfigSpec/CORE]: Incorrect key server.autoSmeltingUpgrade was corrected from null to its default, SimpleCommentedConfig:{}. 
[01Sep2026 01:04:35.218] [Server thread/WARN] [net.minecraftforge.common.ForgeConfigSpec/CORE]: Incorrect key server.autoSmeltingUpgrade.smeltingSpeedMultiplier was corrected from null to its default, 1.0. 
[01Sep2026 01:04:35.218] [Server thread/WARN] [net.minecraftforge.common.ForgeConfigSpec/CORE]: Incorrect key server.autoSmeltingUpgrade.fuelEfficiencyMultiplier was corrected from null to its default, 1.0. 
[01Sep2026 01:04:35.218] [Server thread/WARN] [net.minecraftforge.common.ForgeConfigSpec/CORE]: Incorrect key server.autoSmeltingUpgrade.inputFilterSlots was corrected from null to its default, 8. 
[01Sep2026 01:04:35.218] [Server thread/WARN] [net.minecraftforge.common.ForgeConfigSpec/CORE]: Incorrect key server.autoSmeltingUpgrade.inputFilterSlotsInRow was corrected from null to its default, 4. 
[01Sep2026 01:04:35.218] [Server thread/WARN] [net.minecraftforge.common.ForgeConfigSpec/CORE]: Incorrect key server.autoSmeltingUpgrade.fuelFilterSlots was corrected from null to its default, 4. 
[01Sep2026 01:04:35.218] [Server thread/WARN] [net.minecraftforge.common.ForgeConfigSpec/CORE]: Incorrect key server.autoSmeltingUpgrade.fuelFilterSlotsInRow was corrected from null to its default, 4. 
[01Sep2026 01:04:35.218] [Server thread/WARN] [net.minecraftforge.common.ForgeConfigSpec/CORE]: Incorrect key server.autoSmokingUpgrade was corrected from null to its default, SimpleCommentedConfig:{}. 
[01Sep2026 01:04:35.218] [Server thread/WARN] [net.minecraftforge.common.ForgeConfigSpec/CORE]: Incorrect key server.autoSmokingUpgrade.smeltingSpeedMultiplier was corrected from null to its default, 1.0. 
[01Sep2026 01:04:35.218] [Server thread/WARN] [net.minecraftforge.common.ForgeConfigSpec/CORE]: Incorrect key server.autoSmokingUpgrade.fuelEfficiencyMultiplier was corrected from null to its default, 1.0. 
[01Sep2026 01:04:35.218] [Server thread/WARN] [net.minecraftforge.common.ForgeConfigSpec/CORE]: Incorrect key server.autoSmokingUpgrade.inputFilterSlots was corrected from null to its default, 8. 
[01Sep2026 01:04:35.218] [Server thread/WARN] [net.minecraftforge.common.ForgeConfigSpec/CORE]: Incorrect key server.autoSmokingUpgrade.inputFilterSlotsInRow was corrected from null to its default, 4. 
[01Sep2026 01:04:35.218] [Server thread/WARN] [net.minecraftforge.common.ForgeConfigSpec/CORE]: Incorrect key server.autoSmokingUpgrade.fuelFilterSlots was corrected from null to its default, 4. 
[01Sep2026 01:04:35.219] [Server thread/WARN] [net.minecraftforge.common.ForgeConfigSpec/CORE]: Incorrect key server.autoSmokingUpgrade.fuelFilterSlotsInRow was corrected from null to its default, 4. 
[01Sep2026 01:04:35.219] [Server thread/WARN] [net.minecraftforge.common.ForgeConfigSpec/CORE]: Incorrect key server.autoBlastingUpgrade was corrected from null to its default, SimpleCommentedConfig:{}. 
[01Sep2026 01:04:35.219] [Server thread/WARN] [net.minecraftforge.common.ForgeConfigSpec/CORE]: Incorrect key server.autoBlastingUpgrade.smeltingSpeedMultiplier was corrected from null to its default, 1.0. 
[01Sep2026 01:04:35.219] [Server thread/WARN] [net.minecraftforge.common.ForgeConfigSpec/CORE]: Incorrect key server.autoBlastingUpgrade.fuelEfficiencyMultiplier was corrected from null to its default, 1.0. 
[01Sep2026 01:04:35.219] [Server thread/WARN] [net.minecraftforge.common.ForgeConfigSpec/CORE]: Incorrect key server.autoBlastingUpgrade.inputFilterSlots was corrected from null to its default, 8. 
[01Sep2026 01:04:35.219] [Server thread/WARN] [net.minecraftforge.common.ForgeConfigSpec/CORE]: Incorrect key server.autoBlastingUpgrade.inputFilterSlotsInRow was corrected from null to its default, 4. 
[01Sep2026 01:04:35.219] [Server thread/WARN] [net.minecraftforge.common.ForgeConfigSpec/CORE]: Incorrect key server.autoBlastingUpgrade.fuelFilterSlots was corrected from null to its default, 4. 
[01Sep2026 01:04:35.219] [Server thread/WARN] [net.minecraftforge.common.ForgeConfigSpec/CORE]: Incorrect key server.autoBlastingUpgrade.fuelFilterSlotsInRow was corrected from null to its default, 4. 
[01Sep2026 01:04:35.219] [Server thread/WARN] [net.minecraftforge.common.ForgeConfigSpec/CORE]: Incorrect key server.inceptionUpgrade was corrected from null to its default, SimpleCommentedConfig:{}. 
[01Sep2026 01:04:35.219] [Server thread/WARN] [net.minecraftforge.common.ForgeConfigSpec/CORE]: Incorrect key server.inceptionUpgrade.upgradesUseInventoriesOfBackpacksInBackpack was corrected from null to its default, true. 
[01Sep2026 01:04:35.219] [Server thread/WARN] [net.minecraftforge.common.ForgeConfigSpec/CORE]: Incorrect key server.inceptionUpgrade.upgradesInContainedBackpacksAreFunctional was corrected from null to its default, true. 
[01Sep2026 01:04:35.219] [Server thread/WARN] [net.minecraftforge.common.ForgeConfigSpec/CORE]: Incorrect key server.toolSwapperUpgrade was corrected from null to its default, SimpleCommentedConfig:{}. 
[01Sep2026 01:04:35.219] [Server thread/WARN] [net.minecraftforge.common.ForgeConfigSpec/CORE]: Incorrect key server.toolSwapperUpgrade.filterSlots was corrected from null to its default, 8. 
[01Sep2026 01:04:35.219] [Server thread/WARN] [net.minecraftforge.common.ForgeConfigSpec/CORE]: Incorrect key server.toolSwapperUpgrade.slotsInRow was corrected from null to its default, 4. 
[01Sep2026 01:04:35.219] [Server thread/WARN] [net.minecraftforge.common.ForgeConfigSpec/CORE]: Incorrect key server.tankUpgrade was corrected from null to its default, SimpleCommentedConfig:{}. 
[01Sep2026 01:04:35.219] [Server thread/WARN] [net.minecraftforge.common.ForgeConfigSpec/CORE]: Incorrect key server.tankUpgrade.capacityPerSlotRow was corrected from null to its default, 4000. 
[01Sep2026 01:04:35.220] [Server thread/WARN] [net.minecraftforge.common.ForgeConfigSpec/CORE]: Incorrect key server.tankUpgrade.stackMultiplierRatio was corrected from null to its default, 1.0. 
[01Sep2026 01:04:35.220] [Server thread/WARN] [net.minecraftforge.common.ForgeConfigSpec/CORE]: Incorrect key server.tankUpgrade.autoFillDrainContainerCooldown was corrected from null to its default, 20. 
[01Sep2026 01:04:35.220] [Server thread/WARN] [net.minecraftforge.common.ForgeConfigSpec/CORE]: Incorrect key server.tankUpgrade.maxInputOutput was corrected from null to its default, 20. 
[01Sep2026 01:04:35.220] [Server thread/WARN] [net.minecraftforge.common.ForgeConfigSpec/CORE]: Incorrect key server.batteryUpgrade was corrected from null to its default, SimpleCommentedConfig:{}. 
[01Sep2026 01:04:35.220] [Server thread/WARN] [net.minecraftforge.common.ForgeConfigSpec/CORE]: Incorrect key server.batteryUpgrade.energyPerSlotRow was corrected from null to its default, 10000. 
[01Sep2026 01:04:35.220] [Server thread/WARN] [net.minecraftforge.common.ForgeConfigSpec/CORE]: Incorrect key server.batteryUpgrade.stackMultiplierRatio was corrected from null to its default, 1.0. 
[01Sep2026 01:04:35.220] [Server thread/WARN] [net.minecraftforge.common.ForgeConfigSpec/CORE]: Incorrect key server.batteryUpgrade.maxInputOutput was corrected from null to its default, 20. 
[01Sep2026 01:04:35.220] [Server thread/WARN] [net.minecraftforge.common.ForgeConfigSpec/CORE]: Incorrect key server.pumpUpgrade was corrected from null to its default, SimpleCommentedConfig:{}. 
[01Sep2026 01:04:35.220] [Server thread/WARN] [net.minecraftforge.common.ForgeConfigSpec/CORE]: Incorrect key server.pumpUpgrade.filterSlots was corrected from null to its default, 4. 
[01Sep2026 01:04:35.220] [Server thread/WARN] [net.minecraftforge.common.ForgeConfigSpec/CORE]: Incorrect key server.pumpUpgrade.maxInputOutput was corrected from null to its default, 20. 
[01Sep2026 01:04:35.220] [Server thread/WARN] [net.minecraftforge.common.ForgeConfigSpec/CORE]: Incorrect key server.pumpUpgrade.stackMultiplierRatio was corrected from null to its default, 1.0. 
[01Sep2026 01:04:35.220] [Server thread/WARN] [net.minecraftforge.common.ForgeConfigSpec/CORE]: Incorrect key server.xpPumpUpgrade was corrected from null to its default, SimpleCommentedConfig:{}. 
[01Sep2026 01:04:35.220] [Server thread/WARN] [net.minecraftforge.common.ForgeConfigSpec/CORE]: Incorrect key server.xpPumpUpgrade.mendingOn was corrected from null to its default, true. 
[01Sep2026 01:04:35.220] [Server thread/WARN] [net.minecraftforge.common.ForgeConfigSpec/CORE]: Incorrect key server.xpPumpUpgrade.maxXpPointsPerMending was corrected from null to its default, 5. 
[01Sep2026 01:04:35.220] [Server thread/WARN] [net.minecraftforge.common.ForgeConfigSpec/CORE]: Incorrect key server.advancedJukeboxUpgrade was corrected from null to its default, SimpleCommentedConfig:{}. 
[01Sep2026 01:04:35.220] [Server thread/WARN] [net.minecraftforge.common.ForgeConfigSpec/CORE]: Incorrect key server.advancedJukeboxUpgrade.numberOfSlots was corrected from null to its default, 12. 
[01Sep2026 01:04:35.220] [Server thread/WARN] [net.minecraftforge.common.ForgeConfigSpec/CORE]: Incorrect key server.advancedJukeboxUpgrade.slotsInRow was corrected from null to its default, 4. 
[01Sep2026 01:04:35.221] [Server thread/WARN] [net.minecraftforge.common.ForgeConfigSpec/CORE]: Incorrect key server.alchemyUpgrade was corrected from null to its default, SimpleCommentedConfig:{}. 
[01Sep2026 01:04:35.221] [Server thread/WARN] [net.minecraftforge.common.ForgeConfigSpec/CORE]: Incorrect key server.alchemyUpgrade.filterSlots was corrected from null to its default, 4. 
[01Sep2026 01:04:35.221] [Server thread/WARN] [net.minecraftforge.common.ForgeConfigSpec/CORE]: Incorrect key server.advancedAlchemyUpgrade was corrected from null to its default, SimpleCommentedConfig:{}. 
[01Sep2026 01:04:35.221] [Server thread/WARN] [net.minecraftforge.common.ForgeConfigSpec/CORE]: Incorrect key server.advancedAlchemyUpgrade.filterSlots was corrected from null to its default, 8. 
[01Sep2026 01:04:35.221] [Server thread/WARN] [net.minecraftforge.common.ForgeConfigSpec/CORE]: Incorrect key server.mobCatcherUpgrade was corrected from null to its default, SimpleCommentedConfig:{}. 
[01Sep2026 01:04:35.221] [Server thread/WARN] [net.minecraftforge.common.ForgeConfigSpec/CORE]: Incorrect key server.mobCatcherUpgrade.basicMaxSlotCost was corrected from null to its default, 18. 
[01Sep2026 01:04:35.221] [Server thread/WARN] [net.minecraftforge.common.ForgeConfigSpec/CORE]: Incorrect key server.mobCatcherUpgrade.advancedMaxSlotCost was corrected from null to its default, 72. 
[01Sep2026 01:04:35.221] [Server thread/WARN] [net.minecraftforge.common.ForgeConfigSpec/CORE]: Incorrect key server.mobCatcherUpgrade.animalMultiplier was corrected from null to its default, 1.0. 
[01Sep2026 01:04:35.221] [Server thread/WARN] [net.minecraftforge.common.ForgeConfigSpec/CORE]: Incorrect key server.mobCatcherUpgrade.hostileMultiplier was corrected from null to its default, 2.0. 
[01Sep2026 01:04:35.221] [Server thread/WARN] [net.minecraftforge.common.ForgeConfigSpec/CORE]: Incorrect key server.mobCatcherUpgrade.disallowInventoryEntities was corrected from null to its default, false. 
[01Sep2026 01:04:35.221] [Server thread/WARN] [net.minecraftforge.common.ForgeConfigSpec/CORE]: Incorrect key server.mobCatcherUpgrade.entityBlockList was corrected from null to its default, [minecraft:wither]. 
[01Sep2026 01:04:35.221] [Server thread/WARN] [net.minecraftforge.common.ForgeConfigSpec/CORE]: Incorrect key server.mobCatcherUpgrade.hostileOverrides was corrected from null to its default, [minecraft:enderman]. 
[01Sep2026 01:04:35.221] [Server thread/WARN] [net.minecraftforge.common.ForgeConfigSpec/CORE]: Incorrect key server.mobCatcherUpgrade.passiveOverrides was corrected from null to its default, [minecraft:villager]. 
[01Sep2026 01:04:35.221] [Server thread/WARN] [net.minecraftforge.common.ForgeConfigSpec/CORE]: Incorrect key server.entityBackpackAdditions was corrected from null to its default, SimpleCommentedConfig:{}. 
[01Sep2026 01:04:35.221] [Server thread/WARN] [net.minecraftforge.common.ForgeConfigSpec/CORE]: Incorrect key server.entityBackpackAdditions.chance was corrected from null to its default, 0.01. 
[01Sep2026 01:04:35.221] [Server thread/WARN] [net.minecraftforge.common.ForgeConfigSpec/CORE]: Incorrect key server.entityBackpackAdditions.addLoot was corrected from null to its default, true. 
[01Sep2026 01:04:35.222] [Server thread/WARN] [net.minecraftforge.common.ForgeConfigSpec/CORE]: Incorrect key server.entityBackpackAdditions.buffWithPotionEffects was corrected from null to its default, true. 
[01Sep2026 01:04:35.222] [Server thread/WARN] [net.minecraftforge.common.ForgeConfigSpec/CORE]: Incorrect key server.entityBackpackAdditions.buffHealth was corrected from null to its default, true. 
[01Sep2026 01:04:35.222] [Server thread/WARN] [net.minecraftforge.common.ForgeConfigSpec/CORE]: Incorrect key server.entityBackpackAdditions.equipWithArmor was corrected from null to its default, true. 
[01Sep2026 01:04:35.222] [Server thread/WARN] [net.minecraftforge.common.ForgeConfigSpec/CORE]: Incorrect key server.entityBackpackAdditions.entityLootTableList was corrected from null to its default, [minecraft:creeper|minecraft:chests/desert_pyramid, minecraft:drowned|minecraft:chests/shipwreck_treasure, minecraft:enderman|minecraft:chests/end_city_treasure, minecraft:evoker|minecraft:chests/woodland_mansion, minecraft:husk|minecraft:chests/desert_pyramid, minecraft:piglin|minecraft:chests/bastion_bridge, minecraft:piglin_brute|minecraft:chests/bastion_treasure, minecraft:pillager|minecraft:chests/pillager_outpost, minecraft:skeleton|minecraft:chests/simple_dungeon, minecraft:stray|minecraft:chests/igloo_chest, minecraft:vex|minecraft:chests/woodland_mansion, minecraft:vindicator|minecraft:chests/woodland_mansion, minecraft:witch|minecraft:chests/buried_treasure, minecraft:wither_skeleton|minecraft:chests/nether_bridge, minecraft:zombie|minecraft:chests/simple_dungeon, minecraft:zombie_villager|minecraft:chests/village/village_armorer, minecraft:zombified_piglin|minecraft:chests/bastion_other]. 
[01Sep2026 01:04:35.222] [Server thread/WARN] [net.minecraftforge.common.ForgeConfigSpec/CORE]: Incorrect key server.entityBackpackAdditions.discBlockList was corrected from null to its default, [botania:record_gaia_1, botania:record_gaia_2]. 
[01Sep2026 01:04:35.222] [Server thread/WARN] [net.minecraftforge.common.ForgeConfigSpec/CORE]: Incorrect key server.entityBackpackAdditions.playJukebox was corrected from null to its default, true. 
[01Sep2026 01:04:35.223] [Server thread/WARN] [net.minecraftforge.common.ForgeConfigSpec/CORE]: Incorrect key server.entityBackpackAdditions.dropToFakePlayers was corrected from null to its default, false. 
[01Sep2026 01:04:35.223] [Server thread/WARN] [net.minecraftforge.common.ForgeConfigSpec/CORE]: Incorrect key server.entityBackpackAdditions.backpackDropChance was corrected from null to its default, 0.5. 
[01Sep2026 01:04:35.223] [Server thread/WARN] [net.minecraftforge.common.ForgeConfigSpec/CORE]: Incorrect key server.entityBackpackAdditions.lootingChanceIncreasePerLevel was corrected from null to its default, 0.15. 
[01Sep2026 01:04:35.223] [Server thread/WARN] [net.minecraftforge.common.ForgeConfigSpec/CORE]: Incorrect key server.entityBackpackAdditions.leatherWeight was corrected from null to its default, 625. 
[01Sep2026 01:04:35.223] [Server thread/WARN] [net.minecraftforge.common.ForgeConfigSpec/CORE]: Incorrect key server.entityBackpackAdditions.copperWeight was corrected from null to its default, 250. 
[01Sep2026 01:04:35.223] [Server thread/WARN] [net.minecraftforge.common.ForgeConfigSpec/CORE]: Incorrect key server.entityBackpackAdditions.ironWeight was corrected from null to its default, 125. 
[01Sep2026 01:04:35.223] [Server thread/WARN] [net.minecraftforge.common.ForgeConfigSpec/CORE]: Incorrect key server.entityBackpackAdditions.goldWeight was corrected from null to its default, 25. 
[01Sep2026 01:04:35.223] [Server thread/WARN] [net.minecraftforge.common.ForgeConfigSpec/CORE]: Incorrect key server.entityBackpackAdditions.diamondWeight was corrected from null to its default, 5. 
[01Sep2026 01:04:35.223] [Server thread/WARN] [net.minecraftforge.common.ForgeConfigSpec/CORE]: Incorrect key server.entityBackpackAdditions.netheriteWeight was corrected from null to its default, 1. 
[01Sep2026 01:04:35.223] [Server thread/WARN] [net.minecraftforge.common.ForgeConfigSpec/CORE]: Incorrect key server.entityBackpackAdditions.minBackpackTierMidDifficulty was corrected from null to its default, 1. 
[01Sep2026 01:04:35.223] [Server thread/WARN] [net.minecraftforge.common.ForgeConfigSpec/CORE]: Incorrect key server.entityBackpackAdditions.minBackpackTierHighDifficulty was corrected from null to its default, 2. 
[01Sep2026 01:04:35.223] [Server thread/WARN] [net.minecraftforge.common.ForgeConfigSpec/CORE]: Incorrect key server.entityBackpackAdditions.localDifficultyEffectsBackpackSpawns was corrected from null to its default, true. 
[01Sep2026 01:04:35.223] [Server thread/WARN] [net.minecraftforge.common.ForgeConfigSpec/CORE]: Incorrect key server.nerfs was corrected from null to its default, SimpleCommentedConfig:{}. 
[01Sep2026 01:04:35.223] [Server thread/WARN] [net.minecraftforge.common.ForgeConfigSpec/CORE]: Incorrect key server.nerfs.tooManyBackpacksSlowness was corrected from null to its default, false. 
[01Sep2026 01:04:35.223] [Server thread/WARN] [net.minecraftforge.common.ForgeConfigSpec/CORE]: Incorrect key server.nerfs.maxNumberOfBackpacks was corrected from null to its default, 3. 
[01Sep2026 01:04:35.224] [Server thread/WARN] [net.minecraftforge.common.ForgeConfigSpec/CORE]: Incorrect key server.nerfs.slownessLevelsPerAdditionalBackpack was corrected from null to its default, 1.0. 
[01Sep2026 01:04:35.224] [Server thread/WARN] [net.minecraftforge.common.ForgeConfigSpec/CORE]: Incorrect key server.nerfs.onlyWornBackpackTriggersUpgrades was corrected from null to its default, false. 
[01Sep2026 01:04:35.224] [Server thread/WARN] [net.minecraftforge.common.ForgeConfigSpec/CORE]: Incorrect key server.nerfs.nerfEffect was corrected from null to its default, minecraft:slowness. 
[01Sep2026 01:04:35.224] [Server thread/WARN] [net.minecraftforge.common.ForgeConfigSpec/CORE]: Incorrect key server.maxUpgradesPerStorage was corrected from null to its default, [stack_upgrades|3, jukebox_upgrades|1, furnace_upgrades|1]. 
[01Sep2026 01:04:35.224] [Server thread/WARN] [net.minecraftforge.common.ForgeConfigSpec/CORE]: Incorrect key server.itemFluidHandlerEnabled was corrected from null to its default, true. 
[01Sep2026 01:04:35.224] [Server thread/WARN] [net.minecraftforge.common.ForgeConfigSpec/CORE]: Incorrect key server.allowOpeningOtherPlayerBackpacks was corrected from null to its default, true. 
[01Sep2026 01:04:35.224] [Server thread/WARN] [net.minecraftforge.common.ForgeConfigSpec/CORE]: Incorrect key server.itemDisplayDisabled was corrected from null to its default, false. 
[01Sep2026 01:04:35.224] [Server thread/WARN] [net.minecraftforge.common.ForgeConfigSpec/CORE]: Incorrect key server.tickDedupeLogicDisabled was corrected from null to its default, false. 
[01Sep2026 01:04:35.224] [Server thread/WARN] [net.minecraftforge.common.ForgeConfigSpec/CORE]: Incorrect key server.canBePlacedInContainerItems was corrected from null to its default, false. 
[01Sep2026 01:04:35.226] [Server thread/WARN] [net.minecraftforge.common.ForgeConfigSpec/CORE]: Configuration file ./world/serverconfig/forge-server.toml is not correct. Correcting
[01Sep2026 01:04:35.226] [Server thread/WARN] [net.minecraftforge.common.ForgeConfigSpec/CORE]: Incorrect key server was corrected from null to its default, SimpleCommentedConfig:{}. 
[01Sep2026 01:04:35.226] [Server thread/WARN] [net.minecraftforge.common.ForgeConfigSpec/CORE]: Incorrect key server.removeErroringBlockEntities was corrected from null to its default, false. 
[01Sep2026 01:04:35.226] [Server thread/WARN] [net.minecraftforge.common.ForgeConfigSpec/CORE]: Incorrect key server.removeErroringEntities was corrected from null to its default, false. 
[01Sep2026 01:04:35.226] [Server thread/WARN] [net.minecraftforge.common.ForgeConfigSpec/CORE]: Incorrect key server.fullBoundingBoxLadders was corrected from null to its default, false. 
[01Sep2026 01:04:35.226] [Server thread/WARN] [net.minecraftforge.common.ForgeConfigSpec/CORE]: Incorrect key server.zombieBaseSummonChance was corrected from null to its default, 0.1. 
[01Sep2026 01:04:35.226] [Server thread/WARN] [net.minecraftforge.common.ForgeConfigSpec/CORE]: Incorrect key server.zombieBabyChance was corrected from null to its default, 0.05. 
[01Sep2026 01:04:35.226] [Server thread/WARN] [net.minecraftforge.common.ForgeConfigSpec/CORE]: Incorrect key server.permissionHandler was corrected from null to its default, forge:default_handler. 
[01Sep2026 01:04:35.226] [Server thread/WARN] [net.minecraftforge.common.ForgeConfigSpec/CORE]: Incorrect key server.advertiseDedicatedServerToLan was corrected from null to its default, true. 
[01Sep2026 01:04:35.226] [Server thread/WARN] [net.minecraftforge.common.ForgeConfigSpec/CORE]: Incorrect key server.useItemWithDurationZero was corrected from null to its default, false. 
[01Sep2026 01:04:35.227] [Server thread/WARN] [net.minecraftforge.common.ForgeConfigSpec/CORE]: Configuration file ./world/serverconfig/curios-server.toml is not correct. Correcting
[01Sep2026 01:04:35.227] [Server thread/WARN] [net.minecraftforge.common.ForgeConfigSpec/CORE]: Incorrect key keepCurios was corrected from null to its default, DEFAULT. 
[01Sep2026 01:04:35.228] [Server thread/WARN] [net.minecraftforge.common.ForgeConfigSpec/CORE]: Incorrect key menu was corrected from null to its default, SimpleCommentedConfig:{}. 
[01Sep2026 01:04:35.228] [Server thread/WARN] [net.minecraftforge.common.ForgeConfigSpec/CORE]: Incorrect key menu.enableLegacyMenu was corrected from null to its default, false. 
[01Sep2026 01:04:35.228] [Server thread/WARN] [net.minecraftforge.common.ForgeConfigSpec/CORE]: Incorrect key menu.experimental was corrected from null to its default, SimpleCommentedConfig:{}. 
[01Sep2026 01:04:35.228] [Server thread/WARN] [net.minecraftforge.common.ForgeConfigSpec/CORE]: Incorrect key menu.experimental.minimumColumns was corrected from null to its default, 1. 
[01Sep2026 01:04:35.228] [Server thread/WARN] [net.minecraftforge.common.ForgeConfigSpec/CORE]: Incorrect key menu.experimental.maxSlotsPerPage was corrected from null to its default, 48. 
[01Sep2026 01:04:35.228] [Server thread/WARN] [net.minecraftforge.common.ForgeConfigSpec/CORE]: Configuration file ./world/serverconfig/irons_spellbooks-server.toml is not correct. Correcting
[01Sep2026 01:04:35.229] [Server thread/WARN] [net.minecraftforge.common.ForgeConfigSpec/CORE]: Incorrect key Blocks was corrected from null to its default, SimpleCommentedConfig:{}. 
[01Sep2026 01:04:35.229] [Server thread/WARN] [net.minecraftforge.common.ForgeConfigSpec/CORE]: Incorrect key Blocks.portalFrameRestrictDye was corrected from null to its default, true. 
[01Sep2026 01:04:35.229] [Server thread/WARN] [net.minecraftforge.common.ForgeConfigSpec/CORE]: Incorrect key Blocks.portalFrameRestrictBreaking was corrected from null to its default, false. 
[01Sep2026 01:04:35.230] [Server thread/WARN] [net.minecraftforge.common.ForgeConfigSpec/CORE]: Incorrect key Misc was corrected from null to its default, SimpleCommentedConfig:{}. 
[01Sep2026 01:04:35.230] [Server thread/WARN] [net.minecraftforge.common.ForgeConfigSpec/CORE]: Incorrect key Misc.rarityConfig was corrected from null to its default, [0.3, 0.25, 0.2, 0.15, 0.1]. 
[01Sep2026 01:04:35.230] [Server thread/WARN] [net.minecraftforge.common.ForgeConfigSpec/CORE]: Incorrect key Misc.swordsConsumeMana was corrected from null to its default, true. 
[01Sep2026 01:04:35.230] [Server thread/WARN] [net.minecraftforge.common.ForgeConfigSpec/CORE]: Incorrect key Misc.swordsCooldownMultiplier was corrected from null to its default, 0.5. 
[01Sep2026 01:04:35.230] [Server thread/WARN] [net.minecraftforge.common.ForgeConfigSpec/CORE]: Incorrect key Misc.canAttackOwnSummons was corrected from null to its default, false. 
[01Sep2026 01:04:35.230] [Server thread/WARN] [net.minecraftforge.common.ForgeConfigSpec/CORE]: Incorrect key Misc.maxUpgrades was corrected from null to its default, 3. 
[01Sep2026 01:04:35.230] [Server thread/WARN] [net.minecraftforge.common.ForgeConfigSpec/CORE]: Incorrect key Misc.manaSpawnPercent was corrected from null to its default, 0.0. 
[01Sep2026 01:04:35.230] [Server thread/WARN] [net.minecraftforge.common.ForgeConfigSpec/CORE]: Incorrect key Misc.scrollRecycleChance was corrected from null to its default, 0.5. 
[01Sep2026 01:04:35.230] [Server thread/WARN] [net.minecraftforge.common.ForgeConfigSpec/CORE]: Incorrect key Misc.allowCauldronBrewing was corrected from null to its default, true. 
[01Sep2026 01:04:35.230] [Server thread/WARN] [net.minecraftforge.common.ForgeConfigSpec/CORE]: Incorrect key Misc.furledMapSkipsExistingChunks was corrected from null to its default, true. 
[01Sep2026 01:04:35.230] [Server thread/WARN] [net.minecraftforge.common.ForgeConfigSpec/CORE]: Incorrect key Misc.applyAllMultihandAttributes was corrected from null to its default, true. 
[01Sep2026 01:04:35.230] [Server thread/WARN] [net.minecraftforge.common.ForgeConfigSpec/CORE]: Incorrect key Misc.betterCreeperThunderHit was corrected from null to its default, true. 
[01Sep2026 01:04:35.230] [Server thread/WARN] [net.minecraftforge.common.ForgeConfigSpec/CORE]: Incorrect key Misc.spellGriefing was corrected from null to its default, false. 
[01Sep2026 01:04:35.230] [Server thread/WARN] [net.minecraftforge.common.ForgeConfigSpec/CORE]: Incorrect key Misc.additionalWanderingTraderTrades was corrected from null to its default, true. 
[01Sep2026 01:04:35.230] [Server thread/WARN] [net.minecraftforge.common.ForgeConfigSpec/CORE]: Incorrect key Misc.disableAdventureModeCasting was corrected from null to its default, false. 
[01Sep2026 01:04:35.230] [Server thread/WARN] [net.minecraftforge.common.ForgeConfigSpec/CORE]: Incorrect key Misc.hoglinOffspringProtection was corrected from null to its default, true. 
[01Sep2026 01:04:35.230] [Server thread/WARN] [net.minecraftforge.common.ForgeConfigSpec/CORE]: Incorrect key Misc.manaRegenMultiplier was corrected from null to its default, 1.0. 
[01Sep2026 01:04:35.230] [Server thread/WARN] [net.minecraftforge.common.ForgeConfigSpec/CORE]: Incorrect key Misc.scrollMerging was corrected from null to its default, true. 
[01Sep2026 01:04:35.230] [Server thread/WARN] [net.minecraftforge.common.ForgeConfigSpec/CORE]: Incorrect key Misc.creativeMana was corrected from null to its default, false. 
[01Sep2026 01:04:35.230] [Server thread/WARN] [net.minecraftforge.common.ForgeConfigSpec/CORE]: Incorrect key Misc.creativeCooldowns was corrected from null to its default, false. 
[01Sep2026 01:04:35.231] [Server thread/WARN] [net.minecraftforge.common.ForgeConfigSpec/CORE]: Incorrect key Upgrade Overrides was corrected from null to its default, SimpleCommentedConfig:{}. 
[01Sep2026 01:04:35.231] [Server thread/WARN] [net.minecraftforge.common.ForgeConfigSpec/CORE]: Incorrect key Upgrade Overrides.upgradeWhitelist was corrected from null to its default, []. 
[01Sep2026 01:04:35.231] [Server thread/WARN] [net.minecraftforge.common.ForgeConfigSpec/CORE]: Incorrect key Upgrade Overrides.upgradeBlacklist was corrected from null to its default, []. 
[01Sep2026 01:04:35.231] [Server thread/WARN] [net.minecraftforge.common.ForgeConfigSpec/CORE]: Incorrect key Imbue Overrides was corrected from null to its default, SimpleCommentedConfig:{}. 
[01Sep2026 01:04:35.231] [Server thread/WARN] [net.minecraftforge.common.ForgeConfigSpec/CORE]: Incorrect key Imbue Overrides.imbueWhitelist was corrected from null to its default, []. 
[01Sep2026 01:04:35.231] [Server thread/WARN] [net.minecraftforge.common.ForgeConfigSpec/CORE]: Incorrect key Imbue Overrides.imbueBlacklist was corrected from null to its default, []. 
[01Sep2026 01:04:35.231] [Server thread/WARN] [net.minecraftforge.common.ForgeConfigSpec/CORE]: Incorrect key Worldgen was corrected from null to its default, SimpleCommentedConfig:{}. 
[01Sep2026 01:04:35.231] [Server thread/WARN] [net.minecraftforge.common.ForgeConfigSpec/CORE]: Incorrect key Worldgen.priestHouseWeight was corrected from null to its default, 4. 
[01Sep2026 01:04:35.231] [Server thread/WARN] [net.minecraftforge.common.ForgeConfigSpec/CORE]: Incorrect key Worldgen.aquiferDetection was corrected from null to its default, true. 
[01Sep2026 01:04:35.231] [Server thread/WARN] [net.minecraftforge.common.ForgeConfigSpec/CORE]: Incorrect key Worldgen.iceSpiderPatrols was corrected from null to its default, true. 
[01Sep2026 01:04:35.231] [Server thread/WARN] [net.minecraftforge.common.ForgeConfigSpec/CORE]: Incorrect key Boss Config was corrected from null to its default, SimpleCommentedConfig:{}. 
[01Sep2026 01:04:35.231] [Server thread/WARN] [net.minecraftforge.common.ForgeConfigSpec/CORE]: Incorrect key Boss Config.Tyros was corrected from null to its default, SimpleCommentedConfig:{}. 
[01Sep2026 01:04:35.231] [Server thread/WARN] [net.minecraftforge.common.ForgeConfigSpec/CORE]: Incorrect key Boss Config.Tyros.additionalHealth was corrected from null to its default, 0.0. 
[01Sep2026 01:04:35.231] [Server thread/WARN] [net.minecraftforge.common.ForgeConfigSpec/CORE]: Incorrect key Boss Config.Tyros.additionalAttackDamage was corrected from null to its default, 0.0. 
[01Sep2026 01:04:35.231] [Server thread/WARN] [net.minecraftforge.common.ForgeConfigSpec/CORE]: Incorrect key Boss Config.Tyros.additionalSpellPower was corrected from null to its default, 0.0. 
[01Sep2026 01:04:35.232] [Server thread/WARN] [net.minecraftforge.common.ForgeConfigSpec/CORE]: Incorrect key Boss Config.Tyros.tyrosOminousEnabled was corrected from null to its default, false. 
[01Sep2026 01:04:35.232] [Server thread/WARN] [net.minecraftforge.common.ForgeConfigSpec/CORE]: Incorrect key Boss Config.Dead King was corrected from null to its default, SimpleCommentedConfig:{}. 
[01Sep2026 01:04:35.232] [Server thread/WARN] [net.minecraftforge.common.ForgeConfigSpec/CORE]: Incorrect key Boss Config.Dead King.additionalHealth was corrected from null to its default, 0.0. 
[01Sep2026 01:04:35.232] [Server thread/WARN] [net.minecraftforge.common.ForgeConfigSpec/CORE]: Incorrect key Boss Config.Dead King.additionalAttackDamage was corrected from null to its default, 0.0. 
[01Sep2026 01:04:35.232] [Server thread/WARN] [net.minecraftforge.common.ForgeConfigSpec/CORE]: Incorrect key Boss Config.Dead King.additionalSpellPower was corrected from null to its default, 0.0. 
[01Sep2026 01:04:35.232] [Server thread/INFO] [net.minecraftforge.fml.config.ConfigFileTypeHandler/CONFIG]: Loading default config file from path /tmp/rallous-smoke-039/defaultconfigs/vassalsuzerain-server.toml
[01Sep2026 01:04:35.234] [Server thread/WARN] [net.minecraftforge.common.ForgeConfigSpec/CORE]: Configuration file ./world/serverconfig/vassalsuzerain-server.toml is not correct. Correcting
[01Sep2026 01:04:35.234] [Server thread/INFO] [net.minecraftforge.fml.config.ConfigFileTypeHandler/CONFIG]: Loading default config file from path /tmp/rallous-smoke-039/defaultconfigs/recruits-server.toml
[01Sep2026 01:04:35.235] [Server thread/WARN] [net.minecraftforge.common.ForgeConfigSpec/CORE]: Configuration file ./world/serverconfig/recruits-server.toml is not correct. Correcting
[01Sep2026 01:04:35.235] [Server thread/WARN] [net.minecraftforge.common.ForgeConfigSpec/CORE]: Incorrect key Recruits.TargetBlackList was corrected from null to its default, [minecraft:creeper, minecraft:ghast, minecraft:enderman, minecraft:zombified_piglin, corpse:corpse, minecraft:armorstand]. 
[01Sep2026 01:04:35.235] [Server thread/WARN] [net.minecraftforge.common.ForgeConfigSpec/CORE]: Incorrect key Recruits.FoodBlackList was corrected from null to its default, [minecraft:poisonous_potato, minecraft:spider_eye, minecraft:pufferfish]. 
[01Sep2026 01:04:35.235] [Server thread/WARN] [net.minecraftforge.common.ForgeConfigSpec/CORE]: Incorrect key Recruits.MountWhitelist was corrected from null to its default, [minecraft:camel, minecraft:mule, minecraft:donkey, minecraft:horse, minecraft:llama, minecraft:pig, minecraft:boat, minecraft:minecart, smallships:cog, smallships:brigg, smallships:galley, smallships:drakkar, siegeweapons:catapult, siegeweapons:ballista]. 
[01Sep2026 01:04:35.237] [Server thread/WARN] [net.minecraftforge.common.ForgeConfigSpec/CORE]: Incorrect key Damage.AcceptedDamagesourceImmunity was corrected from null to its default, [inFire, lava, sweetBerryBush, cactus, lightningBolt, inWall, hotFloor, outOfWorld, drown]. 
[01Sep2026 01:04:35.237] [Server thread/WARN] [net.minecraftforge.common.ForgeConfigSpec/CORE]: Incorrect key Factions.Global Faction/Team Settings was corrected from null to its default, SimpleCommentedConfig:{}. 
[01Sep2026 01:04:35.237] [Server thread/WARN] [net.minecraftforge.common.ForgeConfigSpec/CORE]: Incorrect key Factions.Global Faction/Team Settings.GlobalTeamSetting was corrected from null to its default, true. 
[01Sep2026 01:04:35.237] [Server thread/WARN] [net.minecraftforge.common.ForgeConfigSpec/CORE]: Incorrect key Factions.Global Faction/Team Settings.GlobalTeamFriendlyFireSetting was corrected from null to its default, false. 
[01Sep2026 01:04:35.237] [Server thread/WARN] [net.minecraftforge.common.ForgeConfigSpec/CORE]: Incorrect key Factions.Global Faction/Team Settings.GlobalTeamSeeFriendlyInvisibleSetting was corrected from null to its default, true. 
[01Sep2026 01:04:35.238] [Server thread/WARN] [net.minecraftforge.common.ForgeConfigSpec/CORE]: Incorrect key Global Faction/Team Settings was corrected from SimpleCommentedConfig:{GlobalTeamSetting=true, GlobalTeamFriendlyFireSetting=false, GlobalTeamSeeFriendlyInvisibleSetting=true} to its default, null. 
[01Sep2026 01:04:35.239] [Server thread/INFO] [net.minecraftforge.fml.config.ConfigFileTypeHandler/CONFIG]: Loading default config file from path /tmp/rallous-smoke-039/defaultconfigs/openpartiesandclaims-server.toml
[01Sep2026 01:04:35.239] [Server thread/WARN] [net.minecraftforge.common.ForgeConfigSpec/CORE]: Configuration file ./world/serverconfig/openpartiesandclaims-server.toml is not correct. Correcting
[01Sep2026 01:04:35.239] [Server thread/WARN] [net.minecraftforge.common.ForgeConfigSpec/CORE]: Incorrect key serverConfig was corrected from null to its default, SimpleCommentedConfig:{}. 
[01Sep2026 01:04:35.239] [Server thread/WARN] [net.minecraftforge.common.ForgeConfigSpec/CORE]: Incorrect key serverConfig.defaultLanguage was corrected from null to its default, en_us. 
[01Sep2026 01:04:35.239] [Server thread/WARN] [net.minecraftforge.common.ForgeConfigSpec/CORE]: Incorrect key serverConfig.autosaveInterval was corrected from null to its default, 10. 
[01Sep2026 01:04:35.239] [Server thread/WARN] [net.minecraftforge.common.ForgeConfigSpec/CORE]: Incorrect key serverConfig.playerSubConfigLimit was corrected from null to its default, 64. 
[01Sep2026 01:04:35.240] [Server thread/WARN] [net.minecraftforge.common.ForgeConfigSpec/CORE]: Incorrect key serverConfig.permissionSystem was corrected from null to its default, prometheus. 
[01Sep2026 01:04:35.240] [Server thread/WARN] [net.minecraftforge.common.ForgeConfigSpec/CORE]: Incorrect key serverConfig.primaryPartySystem was corrected from null to its default, argonauts_guilds. 
[01Sep2026 01:04:35.240] [Server thread/WARN] [net.minecraftforge.common.ForgeConfigSpec/CORE]: Incorrect key serverConfig.maxPlayerGroups was corrected from null to its default, 16. 
[01Sep2026 01:04:35.240] [Server thread/WARN] [net.minecraftforge.common.ForgeConfigSpec/CORE]: Incorrect key serverConfig.playerGroupSpace was corrected from null to its default, 256. 
[01Sep2026 01:04:35.240] [Server thread/WARN] [net.minecraftforge.common.ForgeConfigSpec/CORE]: Incorrect key serverConfig.maxPlayerGroupsPermission was corrected from null to its default, xaero.pac_max_player_groups. 
[01Sep2026 01:04:35.240] [Server thread/WARN] [net.minecraftforge.common.ForgeConfigSpec/CORE]: Incorrect key serverConfig.playerGroupSpacePermission was corrected from null to its default, xaero.pac_player_group_space. 
[01Sep2026 01:04:35.240] [Server thread/WARN] [net.minecraftforge.common.ForgeConfigSpec/CORE]: Incorrect key serverConfig.parties was corrected from null to its default, SimpleCommentedConfig:{}. 
[01Sep2026 01:04:35.240] [Server thread/WARN] [net.minecraftforge.common.ForgeConfigSpec/CORE]: Incorrect key serverConfig.parties.enabled was corrected from null to its default, true. 
[01Sep2026 01:04:35.240] [Server thread/WARN] [net.minecraftforge.common.ForgeConfigSpec/CORE]: Incorrect key serverConfig.parties.maxPartyMembers was corrected from null to its default, 64. 
[01Sep2026 01:04:35.240] [Server thread/WARN] [net.minecraftforge.common.ForgeConfigSpec/CORE]: Incorrect key serverConfig.parties.maxPartyAllies was corrected from null to its default, 64. 
[01Sep2026 01:04:35.240] [Server thread/WARN] [net.minecraftforge.common.ForgeConfigSpec/CORE]: Incorrect key serverConfig.parties.maxPartyInvites was corrected from null to its default, 16. 
[01Sep2026 01:04:35.240] [Server thread/WARN] [net.minecraftforge.common.ForgeConfigSpec/CORE]: Incorrect key serverConfig.parties.partyExpirationTime was corrected from null to its default, 720. 
[01Sep2026 01:04:35.240] [Server thread/WARN] [net.minecraftforge.common.ForgeConfigSpec/CORE]: Incorrect key serverConfig.parties.partyExpirationCheckInterval was corrected from null to its default, 360. 
[01Sep2026 01:04:35.240] [Server thread/WARN] [net.minecraftforge.common.ForgeConfigSpec/CORE]: Incorrect key serverConfig.parties.partyChatLogging was corrected from null to its default, true. 
[01Sep2026 01:04:35.240] [Server thread/WARN] [net.minecraftforge.common.ForgeConfigSpec/CORE]: Incorrect key serverConfig.parties.adminModePermission was corrected from null to its default, xaero.pac_parties_admin_mode. 
[01Sep2026 01:04:35.240] [Server thread/WARN] [net.minecraftforge.common.ForgeConfigSpec/CORE]: Incorrect key serverConfig.parties.impersonationPermission was corrected from null to its default, xaero.pac_parties_impersonation. 
[01Sep2026 01:04:35.240] [Server thread/WARN] [net.minecraftforge.common.ForgeConfigSpec/CORE]: Incorrect key serverConfig.claims was corrected from null to its default, SimpleCommentedConfig:{}. 
[01Sep2026 01:04:35.240] [Server thread/WARN] [net.minecraftforge.common.ForgeConfigSpec/CORE]: Incorrect key serverConfig.claims.enabled was corrected from null to its default, true. 
[01Sep2026 01:04:35.240] [Server thread/WARN] [net.minecraftforge.common.ForgeConfigSpec/CORE]: Incorrect key serverConfig.claims.partyOwnedClaims was corrected from null to its default, false. 
[01Sep2026 01:04:35.240] [Server thread/WARN] [net.minecraftforge.common.ForgeConfigSpec/CORE]: Incorrect key serverConfig.claims.claimBonusPerPartyMember was corrected from null to its default, 100. 
[01Sep2026 01:04:35.240] [Server thread/WARN] [net.minecraftforge.common.ForgeConfigSpec/CORE]: Incorrect key serverConfig.claims.forceloadBonusPerPartyMember was corrected from null to its default, 2. 
[01Sep2026 01:04:35.240] [Server thread/WARN] [net.minecraftforge.common.ForgeConfigSpec/CORE]: Incorrect key serverConfig.claims.claimBonusForPartyOwner was corrected from null to its default, 0. 
[01Sep2026 01:04:35.240] [Server thread/WARN] [net.minecraftforge.common.ForgeConfigSpec/CORE]: Incorrect key serverConfig.claims.forceloadBonusForPartyOwner was corrected from null to its default, 0. 
[01Sep2026 01:04:35.240] [Server thread/WARN] [net.minecraftforge.common.ForgeConfigSpec/CORE]: Incorrect key serverConfig.claims.allowTouchingClaims was corrected from null to its default, true. 
[01Sep2026 01:04:35.240] [Server thread/WARN] [net.minecraftforge.common.ForgeConfigSpec/CORE]: Incorrect key serverConfig.claims.overLimitClaimAccessCooldown was corrected from null to its default, 5. 
[01Sep2026 01:04:35.240] [Server thread/WARN] [net.minecraftforge.common.ForgeConfigSpec/CORE]: Incorrect key serverConfig.claims.playerClaimsExpirationTime was corrected from null to its default, 8760. 
[01Sep2026 01:04:35.240] [Server thread/WARN] [net.minecraftforge.common.ForgeConfigSpec/CORE]: Incorrect key serverConfig.claims.playerClaimsExpirationCheckInterval was corrected from null to its default, 360. 
[01Sep2026 01:04:35.240] [Server thread/WARN] [net.minecraftforge.common.ForgeConfigSpec/CORE]: Incorrect key serverConfig.claims.playerClaimsConvertExpiredClaims was corrected from null to its default, true. 
[01Sep2026 01:04:35.240] [Server thread/WARN] [net.minecraftforge.common.ForgeConfigSpec/CORE]: Incorrect key serverConfig.claims.maxPlayerClaims was corrected from null to its default, 500. 
[01Sep2026 01:04:35.240] [Server thread/WARN] [net.minecraftforge.common.ForgeConfigSpec/CORE]: Incorrect key serverConfig.claims.maxPlayerClaimForceloads was corrected from null to its default, 10. 
[01Sep2026 01:04:35.240] [Server thread/WARN] [net.minecraftforge.common.ForgeConfigSpec/CORE]: Incorrect key serverConfig.claims.maxPlayerClaimsPermission was corrected from null to its default, xaero.pac_max_claims. 
[01Sep2026 01:04:35.240] [Server thread/WARN] [net.minecraftforge.common.ForgeConfigSpec/CORE]: Incorrect key serverConfig.claims.maxPlayerClaimForceloadsPermission was corrected from null to its default, xaero.pac_max_forceloads. 
[01Sep2026 01:04:35.240] [Server thread/WARN] [net.minecraftforge.common.ForgeConfigSpec/CORE]: Incorrect key serverConfig.claims.maxSingleClaimActionSize was corrected from null to its default, 121. 
[01Sep2026 01:04:35.240] [Server thread/WARN] [net.minecraftforge.common.ForgeConfigSpec/CORE]: Incorrect key serverConfig.claims.serverClaimPermission was corrected from null to its default, xaero.pac_server_claims. 
[01Sep2026 01:04:35.241] [Server thread/WARN] [net.minecraftforge.common.ForgeConfigSpec/CORE]: Incorrect key serverConfig.claims.moderatorModePermission was corrected from null to its default, xaero.pac_claims_moderator_mode. 
[01Sep2026 01:04:35.241] [Server thread/WARN] [net.minecraftforge.common.ForgeConfigSpec/CORE]: Incorrect key serverConfig.claims.adminModePermission was corrected from null to its default, xaero.pac_claims_admin_mode. 
[01Sep2026 01:04:35.241] [Server thread/WARN] [net.minecraftforge.common.ForgeConfigSpec/CORE]: Incorrect key serverConfig.claims.impersonationPermission was corrected from null to its default, xaero.pac_claims_impersonation. 
[01Sep2026 01:04:35.241] [Server thread/WARN] [net.minecraftforge.common.ForgeConfigSpec/CORE]: Incorrect key serverConfig.claims.teleportationPermission was corrected from null to its default, xaero.pac_claims_teleport. 
[01Sep2026 01:04:35.241] [Server thread/WARN] [net.minecraftforge.common.ForgeConfigSpec/CORE]: Incorrect key serverConfig.claims.maxClaimDistance was corrected from null to its default, 5. 
[01Sep2026 01:04:35.241] [Server thread/WARN] [net.minecraftforge.common.ForgeConfigSpec/CORE]: Incorrect key serverConfig.claims.claimableDimensionsListType was corrected from null to its default, ALL_BUT. 
[01Sep2026 01:04:35.241] [Server thread/WARN] [net.minecraftforge.common.ForgeConfigSpec/CORE]: Incorrect key serverConfig.claims.claimableDimensionsList was corrected from null to its default, []. 
[01Sep2026 01:04:35.241] [Server thread/WARN] [net.minecraftforge.common.ForgeConfigSpec/CORE]: Incorrect key serverConfig.claims.allowExistingClaimsInUnclaimableDimensions was corrected from null to its default, true. 
[01Sep2026 01:04:35.241] [Server thread/WARN] [net.minecraftforge.common.ForgeConfigSpec/CORE]: Incorrect key serverConfig.claims.allowExistingForceloadsInUnclaimableDimensions was corrected from null to its default, false. 
[01Sep2026 01:04:35.241] [Server thread/WARN] [net.minecraftforge.common.ForgeConfigSpec/CORE]: Incorrect key serverConfig.claims.claimsSynchronization was corrected from null to its default, ALL. 
[01Sep2026 01:04:35.241] [Server thread/WARN] [net.minecraftforge.common.ForgeConfigSpec/CORE]: Incorrect key serverConfig.claims.claimWelcomeMessages was corrected from null to its default, true. 
[01Sep2026 01:04:35.241] [Server thread/WARN] [net.minecraftforge.common.ForgeConfigSpec/CORE]: Incorrect key serverConfig.claims.protection was corrected from null to its default, SimpleCommentedConfig:{}. 
[01Sep2026 01:04:35.241] [Server thread/WARN] [net.minecraftforge.common.ForgeConfigSpec/CORE]: Incorrect key serverConfig.claims.protection.friendlyChunkProtectedEntityListType was corrected from null to its default, ALL_BUT. 
[01Sep2026 01:04:35.241] [Server thread/WARN] [net.minecraftforge.common.ForgeConfigSpec/CORE]: Incorrect key serverConfig.claims.protection.friendlyChunkProtectedEntityList was corrected from null to its default, [minecraft:boat]. 
[01Sep2026 01:04:35.241] [Server thread/WARN] [net.minecraftforge.common.ForgeConfigSpec/CORE]: Incorrect key serverConfig.claims.protection.hostileChunkProtectedEntityListType was corrected from null to its default, ONLY. 
[01Sep2026 01:04:35.241] [Server thread/WARN] [net.minecraftforge.common.ForgeConfigSpec/CORE]: Incorrect key serverConfig.claims.protection.hostileChunkProtectedEntityList was corrected from null to its default, []. 
[01Sep2026 01:04:35.241] [Server thread/WARN] [net.minecraftforge.common.ForgeConfigSpec/CORE]: Incorrect key serverConfig.claims.protection.blockProtectionExceptionList was corrected from null to its default, []. 
[01Sep2026 01:04:35.241] [Server thread/WARN] [net.minecraftforge.common.ForgeConfigSpec/CORE]: Incorrect key serverConfig.claims.protection.entityProtectionExceptionList was corrected from null to its default, []. 
[01Sep2026 01:04:35.241] [Server thread/WARN] [net.minecraftforge.common.ForgeConfigSpec/CORE]: Incorrect key serverConfig.claims.protection.entityClaimBarrierList was corrected from null to its default, []. 
[01Sep2026 01:04:35.241] [Server thread/WARN] [net.minecraftforge.common.ForgeConfigSpec/CORE]: Incorrect key serverConfig.claims.protection.forcedBlockProtectionExceptionList was corrected from null to its default, [minecraft:crafting_table]. 
[01Sep2026 01:04:35.241] [Server thread/WARN] [net.minecraftforge.common.ForgeConfigSpec/CORE]: Incorrect key serverConfig.claims.protection.blockProtectionOptionalExceptionGroups was corrected from null to its default, [Controls{minecraft:lever, #minecraft:buttons}, Doors{#minecraft:doors, #minecraft:fence_gates, #forge:fence_gates, #minecraft:trapdoors}, Chests{minecraft:chest, minecraft:trapped_chest, #forge:chests/wooden}, Barrels{minecraft:barrel, #forge:barrels}, Ender_Chests{minecraft:ender_chest, #forge:chests/ender}, Shulker_Boxes{#minecraft:shulker_boxes}, Furnaces{minecraft:furnace, minecraft:blast_furnace, minecraft:smoker}, Hoppers{minecraft:hopper}, Dispenser-like{minecraft:dispenser, minecraft:dropper}, Anvils{#minecraft:anvil}, Stonecutters{minecraft:stonecutter}, Grindstones{minecraft:grindstone}, Cartography_Tables{minecraft:cartography_table}, Lecterns{minecraft:lectern}, Smithing_Tables{minecraft:smithing_table}, Looms{minecraft:loom}, Jukeboxes{minecraft:jukebox}, Beds{#minecraft:beds}, Beacons{minecraft:beacon}, Enchanting_Tables{minecraft:enchanting_table}, break$Crops{#minecraft:crops}]. 
[01Sep2026 01:04:35.241] [Server thread/WARN] [net.minecraftforge.common.ForgeConfigSpec/CORE]: Incorrect key serverConfig.claims.protection.forcedEntityProtectionExceptionList was corrected from null to its default, [minecraft:minecart]. 
[01Sep2026 01:04:35.241] [Server thread/WARN] [net.minecraftforge.common.ForgeConfigSpec/CORE]: Incorrect key serverConfig.claims.protection.entityProtectionOptionalExceptionGroups was corrected from null to its default, [Traders{minecraft:villager, minecraft:wandering_trader}, hand$Item_Frames{minecraft:item_frame}, break$Livestock{minecraft:cow, minecraft:mooshroom, minecraft:sheep, minecraft:chicken, minecraft:pig, minecraft:rabbit, minecraft:goat}, Armor_Stands{minecraft:armor_stand}, Players{minecraft:player}]. 
[01Sep2026 01:04:35.241] [Server thread/WARN] [net.minecraftforge.common.ForgeConfigSpec/CORE]: Incorrect key serverConfig.claims.protection.forcedEntityClaimBarrierList was corrected from null to its default, [minecraft:falling_block, supplementaries:slingshot_projectile]. 
[01Sep2026 01:04:35.241] [Server thread/WARN] [net.minecraftforge.common.ForgeConfigSpec/CORE]: Incorrect key serverConfig.claims.protection.entityClaimBarrierOptionalGroups was corrected from null to its default, [Players{minecraft:player}, Ender_Pearls{minecraft:ender_pearl}]. 
[01Sep2026 01:04:35.242] [Server thread/WARN] [net.minecraftforge.common.ForgeConfigSpec/CORE]: Incorrect key serverConfig.claims.protection.entitiesAllowedToGrief was corrected from null to its default, [minecraft:sheep, interact$minecraft:potion, interact$minecraft:trident, interact$minecraft:(*_|)arrow, interact$minecraft:ender_pearl, interact$minecraft:egg, interact$minecraft:shulker_bullet]. 
[01Sep2026 01:04:35.242] [Server thread/WARN] [net.minecraftforge.common.ForgeConfigSpec/CORE]: Incorrect key serverConfig.claims.protection.entitiesAllowedToGriefEntities was corrected from null to its default, [interact$minecraft:potion, interact$minecraft:trident, interact$minecraft:(*_|)arrow, interact$minecraft:ender_pearl, interact$minecraft:egg, interact$minecraft:shulker_bullet]. 
[01Sep2026 01:04:35.242] [Server thread/WARN] [net.minecraftforge.common.ForgeConfigSpec/CORE]: Incorrect key serverConfig.claims.protection.entitiesAllowedToAccessPlayers was corrected from null to its default, [interact$minecraft:potion, interact$minecraft:trident, interact$minecraft:(*_|)arrow, interact$minecraft:ender_pearl, interact$minecraft:egg, interact$minecraft:shulker_bullet]. 
[01Sep2026 01:04:35.242] [Server thread/WARN] [net.minecraftforge.common.ForgeConfigSpec/CORE]: Incorrect key serverConfig.claims.protection.entitiesAllowedToGriefDroppedItems was corrected from null to its default, []. 
[01Sep2026 01:04:35.242] [Server thread/WARN] [net.minecraftforge.common.ForgeConfigSpec/CORE]: Incorrect key serverConfig.claims.protection.nonBlockGriefingMobs was corrected from null to its default, []. 
[01Sep2026 01:04:35.242] [Server thread/WARN] [net.minecraftforge.common.ForgeConfigSpec/CORE]: Incorrect key serverConfig.claims.protection.entityGriefingMobs was corrected from null to its default, []. 
[01Sep2026 01:04:35.242] [Server thread/WARN] [net.minecraftforge.common.ForgeConfigSpec/CORE]: Incorrect key serverConfig.claims.protection.playerGriefingMobs was corrected from null to its default, []. 
[01Sep2026 01:04:35.242] [Server thread/WARN] [net.minecraftforge.common.ForgeConfigSpec/CORE]: Incorrect key serverConfig.claims.protection.droppedItemGriefingMobs was corrected from null to its default, []. 
[01Sep2026 01:04:35.242] [Server thread/WARN] [net.minecraftforge.common.ForgeConfigSpec/CORE]: Incorrect key serverConfig.claims.protection.blockAccessEntityGroups was corrected from null to its default, [Villagers{minecraft:villager}]. 
[01Sep2026 01:04:35.242] [Server thread/WARN] [net.minecraftforge.common.ForgeConfigSpec/CORE]: Incorrect key serverConfig.claims.protection.entityAccessEntityGroups was corrected from null to its default, [Zombies{minecraft:zombie, minecraft:zombie_villager, minecraft:husk, minecraft:drowned}]. 
[01Sep2026 01:04:35.242] [Server thread/WARN] [net.minecraftforge.common.ForgeConfigSpec/CORE]: Incorrect key serverConfig.claims.protection.playerAccessEntityGroups was corrected from null to its default, [Zombies{minecraft:zombie, minecraft:zombie_villager, minecraft:husk, minecraft:drowned}]. 
[01Sep2026 01:04:35.242] [Server thread/WARN] [net.minecraftforge.common.ForgeConfigSpec/CORE]: Incorrect key serverConfig.claims.protection.droppedItemAccessEntityGroups was corrected from null to its default, [Villagers{minecraft:villager}, Piglins{minecraft:piglin}, Foxes{minecraft:fox}]. 
[01Sep2026 01:04:35.242] [Server thread/WARN] [net.minecraftforge.common.ForgeConfigSpec/CORE]: Incorrect key serverConfig.claims.protection.staticFakePlayers was corrected from null to its default, [[IntegratedTunnels]]. 
[01Sep2026 01:04:35.242] [Server thread/WARN] [net.minecraftforge.common.ForgeConfigSpec/CORE]: Incorrect key serverConfig.claims.protection.staticFakePlayerClassExceptions was corrected from null to its default, [dan200.computercraft.shared.turtle.core.TurtlePlayer]. 
[01Sep2026 01:04:35.242] [Server thread/WARN] [net.minecraftforge.common.ForgeConfigSpec/CORE]: Incorrect key serverConfig.claims.protection.additionalBannedItemsList was corrected from null to its default, [supplementaries:slingshot]. 
[01Sep2026 01:04:35.242] [Server thread/WARN] [net.minecraftforge.common.ForgeConfigSpec/CORE]: Incorrect key serverConfig.claims.protection.itemUseProtectionExceptionList was corrected from null to its default, [minecraft:firework_rocket]. 
[01Sep2026 01:04:35.242] [Server thread/WARN] [net.minecraftforge.common.ForgeConfigSpec/CORE]: Incorrect key serverConfig.claims.protection.itemUseProtectionOptionalExceptionGroups was corrected from null to its default, [Books{minecraft:written_book, minecraft:writable_book}]. 
[01Sep2026 01:04:35.242] [Server thread/WARN] [net.minecraftforge.common.ForgeConfigSpec/CORE]: Incorrect key serverConfig.claims.protection.completelyDisabledItemInteractions was corrected from null to its default, []. 
[01Sep2026 01:04:35.242] [Server thread/WARN] [net.minecraftforge.common.ForgeConfigSpec/CORE]: Incorrect key serverConfig.claims.protection.completelyDisabledBlockInteractions was corrected from null to its default, []. 
[01Sep2026 01:04:35.242] [Server thread/WARN] [net.minecraftforge.common.ForgeConfigSpec/CORE]: Incorrect key serverConfig.claims.protection.completelyDisabledEntityInteractions was corrected from null to its default, []. 
[01Sep2026 01:04:35.242] [Server thread/WARN] [net.minecraftforge.common.ForgeConfigSpec/CORE]: Incorrect key serverConfig.claims.protection.completelyDisableFrostWalking was corrected from null to its default, false. 
[01Sep2026 01:04:35.242] [Server thread/WARN] [net.minecraftforge.common.ForgeConfigSpec/CORE]: Incorrect key serverConfig.claims.protection.reducedBoatEntityCollisions was corrected from null to its default, true. 
[01Sep2026 01:04:35.243] [Server thread/WARN] [net.minecraftforge.common.ForgeConfigSpec/CORE]: Incorrect key serverConfig.playerConfigurablePlayerConfigOptions was corrected from null to its default, [claims.protectClaimedChunks, claims.forceload.enabled, claims.name, claims.color, claims.protection.exceptions.fullAccess, claims.protection.exceptions.buttonsByProjectiles, claims.protection.exceptions.targetsByProjectiles, claims.protection.exceptions.platesByPlayers, claims.protection.exceptions.platesByMobs, claims.protection.exceptions.platesByOther, claims.protection.exceptions.tripwireByPlayers, claims.protection.exceptions.tripwireByMobs, claims.protection.exceptions.tripwireByOther, claims.protection.exceptions.cropTrample, claims.protection.exceptions.playerLightning, claims.protection.exceptions.frostWalking, claims.protection.exceptions.entitiesByPlayers, claims.protection.exceptions.entitiesByMobs, claims.protection.exceptions.entitiesByOther, claims.protection.exceptions.entitiesRedirect, claims.protection.exceptions.entitiesByExplosions, claims.protection.exceptions.entitiesByFire, claims.protection.exceptions.netherPortalsPlayers, claims.protection.exceptions.netherPortalsMobs, claims.protection.exceptions.netherPortalsOther, claims.protection.fluidBarrier, claims.protection.dispenserBarrier, claims.protection.pistonBarrier, claims.protection.exceptions.itemTossPlayers, claims.protection.exceptions.itemTossMobs, claims.protection.exceptions.itemTossOther, claims.protection.exceptions.itemTossRedirect, claims.protection.exceptions.mobLoot, claims.protection.playerDeathLoot, claims.protection.exceptions.itemPickupPlayers, claims.protection.exceptions.itemPickupMobs, claims.protection.exceptions.itemPickupRedirect, claims.protection.exceptions.xpPickup, claims.protection.exceptions.raids, claims.protection.exceptions.naturalSpawnHostile, claims.protection.exceptions.naturalSpawnFriendly, claims.protection.exceptions.spawnersHostile, claims.protection.exceptions.spawnersFriendly, claims.protection.exceptions.projectileHitHostileSpawn, claims.protection.exceptions.projectileHitFriendlySpawn, claims.protection.exceptions.reclaimable, parties.name, parties.shareLocationWithParty, parties.shareLocationWithMutualAllyParties, parties.receiveLocationsFromParty, parties.receiveLocationsFromMutualAllyParties, claims.protection.exceptions.groups.block.interact.Controls, claims.protection.exceptions.groups.block.interact.Doors, claims.protection.exceptions.groups.block.interact.Chests, claims.protection.exceptions.groups.block.interact.Barrels, claims.protection.exceptions.groups.block.interact.Ender_Chests, claims.protection.exceptions.groups.block.interact.Shulker_Boxes, claims.protection.exceptions.groups.block.interact.Furnaces, claims.protection.exceptions.groups.block.interact.Hoppers, claims.protection.exceptions.groups.block.interact.Dispenser-like, claims.protection.exceptions.groups.block.interact.Anvils, claims.protection.exceptions.groups.block.interact.Stonecutters, claims.protection.exceptions.groups.block.interact.Grindstones, claims.protection.exceptions.groups.block.interact.Cartography_Tables, claims.protection.exceptions.groups.block.interact.Lecterns, claims.protection.exceptions.groups.block.interact.Smithing_Tables, claims.protection.exceptions.groups.block.interact.Looms, claims.protection.exceptions.groups.block.interact.Jukeboxes, claims.protection.exceptions.groups.block.interact.Beds, claims.protection.exceptions.groups.block.interact.Beacons, claims.protection.exceptions.groups.block.interact.Enchanting_Tables, claims.protection.exceptions.groups.block.break.Crops, claims.protection.exceptions.groups.entity.interact.Traders, claims.protection.exceptions.groups.entity.handInteract.Item_Frames, claims.protection.exceptions.groups.entity.interact.Armor_Stands, claims.protection.exceptions.groups.entity.interact.Players, claims.protection.exceptions.groups.entity.break.Livestock, claims.protection.exceptions.groups.entity.blockAccess.Villagers, claims.protection.exceptions.groups.entity.entityAccess.Zombies, claims.protection.exceptions.groups.entity.playerAccess.Zombies, claims.protection.exceptions.groups.entity.droppedItemAccess.Villagers, claims.protection.exceptions.groups.entity.droppedItemAccess.Piglins, claims.protection.exceptions.groups.entity.droppedItemAccess.Foxes, claims.protection.exceptions.groups.item.interact.Books, claims.protection.exceptions.groups.entity.barrier.Ender_Pearls, /*remove comment to enable*/claims.protection.exceptions.groups.entity.barrier.Players]. 
[01Sep2026 01:04:35.243] [Server thread/WARN] [net.minecraftforge.common.ForgeConfigSpec/CORE]: Incorrect key serverConfig.opConfigurablePlayerConfigOptions was corrected from null to its default, [claims.bonusChunkClaims, claims.bonusChunkForceloads, bonusPlayerGroups, bonusPlayerGroupSpace]. 
[01Sep2026 01:04:35.313] [Server thread/INFO] [xaero.pac.OpenPartiesAndClaims/]: Initializing Open Parties and Claims for the server...
[01Sep2026 01:04:35.322] [Server thread/INFO] [xaero.pac.OpenPartiesAndClaims/]: Loading server info!
[01Sep2026 01:04:35.354] [Server thread/INFO] [xaero.pac.OpenPartiesAndClaims/]: Loading player configs...
[01Sep2026 01:04:35.364] [Server thread/INFO] [xaero.pac.OpenPartiesAndClaims/]: Loaded player configs!
[01Sep2026 01:04:35.365] [Server thread/INFO] [xaero.pac.OpenPartiesAndClaims/]: Loading parties...
[01Sep2026 01:04:35.365] [Server thread/INFO] [xaero.pac.OpenPartiesAndClaims/]: Loaded parties!
[01Sep2026 01:04:35.366] [Server thread/INFO] [xaero.pac.OpenPartiesAndClaims/]: Fixing party inconsistencies...
[01Sep2026 01:04:35.396] [Server thread/INFO] [xaero.pac.OpenPartiesAndClaims/]: Registered party system for OPAC: default
[01Sep2026 01:04:35.396] [Server thread/INFO] [xaero.pac.OpenPartiesAndClaims/]: Registered party system for OPAC: ftb_teams
[01Sep2026 01:04:35.396] [Server thread/INFO] [xaero.pac.OpenPartiesAndClaims/]: Registered permission system for OPAC: permission_api
[01Sep2026 01:04:35.397] [Server thread/WARN] [xaero.pac.OpenPartiesAndClaims/]: The configured primary party system "argonauts_guilds" isn't registered!
[01Sep2026 01:04:35.397] [Server thread/INFO] [xaero.pac.OpenPartiesAndClaims/]: Configured OPAC to use the following party system as primary: default
[01Sep2026 01:04:35.397] [Server thread/INFO] [xaero.pac.OpenPartiesAndClaims/]: Loading claims...
[01Sep2026 01:04:35.397] [Server thread/INFO] [xaero.pac.OpenPartiesAndClaims/]: Loaded claims in 0ms
[01Sep2026 01:04:35.397] [Server thread/WARN] [xaero.pac.OpenPartiesAndClaims/]: The configured permission system "prometheus" isn't registered!
[01Sep2026 01:04:35.397] [Server thread/INFO] [xaero.pac.OpenPartiesAndClaims/]: Configured OPAC to use the following permission system: permission_api
[01Sep2026 01:04:35.471] [Server thread/INFO] [terrablender/]: Initialized TerraBlender biomes for level stem minecraft:the_nether
[01Sep2026 01:04:35.557] [Server thread/INFO] [terrablender/]: Initialized TerraBlender biomes for level stem minecraft:overworld
[01Sep2026 01:04:35.558] [Server thread/INFO] [net.minecraft.server.dedicated.DedicatedServer/]: Preparing level "world"
[01Sep2026 01:04:35.927] [Server thread/WARN] [yungsapi/]: WARNING: block Block{minecraft:coal_ore} added to BlockStateRandomizer exceeds max probabiltiy of 1!
[01Sep2026 01:04:48.959] [Server thread/WARN] [yungsapi/]: WARNING: block Block{minecraft:coal_ore} added to BlockStateRandomizer exceeds max probabiltiy of 1!
[01Sep2026 01:04:48.961] [Server thread/WARN] [yungsapi/]: WARNING: block Block{minecraft:coal_ore} added to BlockStateRandomizer exceeds max probabiltiy of 1!
[01Sep2026 01:04:48.964] [Server thread/WARN] [yungsapi/]: WARNING: block Block{minecraft:coal_ore} added to BlockStateRandomizer exceeds max probabiltiy of 1!
[01Sep2026 01:04:48.977] [Server thread/WARN] [yungsapi/]: WARNING: block Block{minecraft:coal_ore} added to BlockStateRandomizer exceeds max probabiltiy of 1!
[01Sep2026 01:04:48.979] [Server thread/WARN] [yungsapi/]: WARNING: block Block{minecraft:coal_ore} added to BlockStateRandomizer exceeds max probabiltiy of 1!
[01Sep2026 01:04:48.981] [Server thread/INFO] [net.minecraft.server.MinecraftServer/]: Preparing start region for dimension minecraft:overworld
[01Sep2026 01:04:49.058] [Worker-Main-1/INFO] [net.minecraft.server.level.progress.LoggerChunkProgressListener/]: Preparing spawn area: 0%
[01Sep2026 01:04:49.482] [Worker-Main-2/INFO] [net.minecraft.server.level.progress.LoggerChunkProgressListener/]: Preparing spawn area: 0%
[01Sep2026 01:04:49.996] [Worker-Main-3/INFO] [net.minecraft.server.level.progress.LoggerChunkProgressListener/]: Preparing spawn area: 1%
[01Sep2026 01:04:50.482] [Worker-Main-3/INFO] [net.minecraft.server.level.progress.LoggerChunkProgressListener/]: Preparing spawn area: 2%
[01Sep2026 01:04:51.308] [Worker-Main-2/INFO] [net.minecraft.server.level.progress.LoggerChunkProgressListener/]: Preparing spawn area: 4%
[01Sep2026 01:04:51.485] [Worker-Main-2/INFO] [net.minecraft.server.level.progress.LoggerChunkProgressListener/]: Preparing spawn area: 5%
[01Sep2026 01:04:51.982] [Worker-Main-2/INFO] [net.minecraft.server.level.progress.LoggerChunkProgressListener/]: Preparing spawn area: 7%
[01Sep2026 01:04:52.484] [Worker-Main-2/INFO] [net.minecraft.server.level.progress.LoggerChunkProgressListener/]: Preparing spawn area: 9%
[01Sep2026 01:04:53.943] [Worker-Main-3/INFO] [net.minecraft.server.level.progress.LoggerChunkProgressListener/]: Preparing spawn area: 10%
[01Sep2026 01:04:53.943] [Worker-Main-3/INFO] [net.minecraft.server.level.progress.LoggerChunkProgressListener/]: Preparing spawn area: 10%
[01Sep2026 01:04:53.985] [Worker-Main-3/INFO] [net.minecraft.server.level.progress.LoggerChunkProgressListener/]: Preparing spawn area: 10%
[01Sep2026 01:04:55.693] [Worker-Main-3/INFO] [net.minecraft.server.level.progress.LoggerChunkProgressListener/]: Preparing spawn area: 12%
[01Sep2026 01:04:55.693] [Worker-Main-3/INFO] [net.minecraft.server.level.progress.LoggerChunkProgressListener/]: Preparing spawn area: 12%
[01Sep2026 01:04:55.696] [Worker-Main-3/INFO] [net.minecraft.server.level.progress.LoggerChunkProgressListener/]: Preparing spawn area: 12%
[01Sep2026 01:04:55.984] [Worker-Main-3/INFO] [net.minecraft.server.level.progress.LoggerChunkProgressListener/]: Preparing spawn area: 13%
[01Sep2026 01:04:56.485] [Worker-Main-3/INFO] [net.minecraft.server.level.progress.LoggerChunkProgressListener/]: Preparing spawn area: 15%
[01Sep2026 01:04:56.985] [Worker-Main-1/INFO] [net.minecraft.server.level.progress.LoggerChunkProgressListener/]: Preparing spawn area: 19%
[01Sep2026 01:04:58.428] [Worker-Main-3/INFO] [net.minecraft.server.level.progress.LoggerChunkProgressListener/]: Preparing spawn area: 19%
[01Sep2026 01:04:58.428] [Worker-Main-2/INFO] [net.minecraft.server.level.progress.LoggerChunkProgressListener/]: Preparing spawn area: 19%
[01Sep2026 01:04:58.485] [Worker-Main-3/INFO] [net.minecraft.server.level.progress.LoggerChunkProgressListener/]: Preparing spawn area: 20%
[01Sep2026 01:05:00.412] [Worker-Main-2/INFO] [net.minecraft.server.level.progress.LoggerChunkProgressListener/]: Preparing spawn area: 23%
[01Sep2026 01:05:00.412] [Worker-Main-2/INFO] [net.minecraft.server.level.progress.LoggerChunkProgressListener/]: Preparing spawn area: 23%
[01Sep2026 01:05:00.413] [Worker-Main-3/INFO] [net.minecraft.server.level.progress.LoggerChunkProgressListener/]: Preparing spawn area: 23%
[01Sep2026 01:05:00.482] [Worker-Main-1/INFO] [net.minecraft.server.level.progress.LoggerChunkProgressListener/]: Preparing spawn area: 23%
[01Sep2026 01:05:00.505] [Worker-Main-1/ERROR] [net.minecraft.world.entity.decoration.HangingEntity/]: Hanging entity at invalid position: BlockPos{x=-22, y=-57, z=626}
[01Sep2026 01:05:00.507] [Worker-Main-1/ERROR] [net.minecraft.world.entity.decoration.HangingEntity/]: Hanging entity at invalid position: BlockPos{x=-14, y=-57, z=626}
[01Sep2026 01:05:00.547] [Worker-Main-3/ERROR] [net.minecraft.world.entity.decoration.HangingEntity/]: Hanging entity at invalid position: BlockPos{x=-22, y=-57, z=618}
[01Sep2026 01:05:00.548] [Worker-Main-3/ERROR] [net.minecraft.world.entity.decoration.HangingEntity/]: Hanging entity at invalid position: BlockPos{x=-14, y=-57, z=618}
[01Sep2026 01:05:00.991] [Worker-Main-3/INFO] [net.minecraft.server.level.progress.LoggerChunkProgressListener/]: Preparing spawn area: 27%
[01Sep2026 01:05:02.650] [Worker-Main-3/INFO] [net.minecraft.server.level.progress.LoggerChunkProgressListener/]: Preparing spawn area: 30%
[01Sep2026 01:05:02.650] [Worker-Main-3/INFO] [net.minecraft.server.level.progress.LoggerChunkProgressListener/]: Preparing spawn area: 30%
[01Sep2026 01:05:02.650] [Worker-Main-2/INFO] [net.minecraft.server.level.progress.LoggerChunkProgressListener/]: Preparing spawn area: 30%
[01Sep2026 01:05:02.984] [Worker-Main-1/INFO] [net.minecraft.server.level.progress.LoggerChunkProgressListener/]: Preparing spawn area: 31%
[01Sep2026 01:05:03.482] [Worker-Main-3/INFO] [net.minecraft.server.level.progress.LoggerChunkProgressListener/]: Preparing spawn area: 35%
[01Sep2026 01:05:03.985] [Worker-Main-1/INFO] [net.minecraft.server.level.progress.LoggerChunkProgressListener/]: Preparing spawn area: 38%
[01Sep2026 01:05:04.482] [Worker-Main-1/INFO] [net.minecraft.server.level.progress.LoggerChunkProgressListener/]: Preparing spawn area: 42%
[01Sep2026 01:05:04.986] [Worker-Main-2/INFO] [net.minecraft.server.level.progress.LoggerChunkProgressListener/]: Preparing spawn area: 47%
[01Sep2026 01:05:05.482] [Worker-Main-2/INFO] [net.minecraft.server.level.progress.LoggerChunkProgressListener/]: Preparing spawn area: 51%
[01Sep2026 01:05:05.983] [Worker-Main-2/INFO] [net.minecraft.server.level.progress.LoggerChunkProgressListener/]: Preparing spawn area: 55%
[01Sep2026 01:05:06.484] [Worker-Main-2/INFO] [net.minecraft.server.level.progress.LoggerChunkProgressListener/]: Preparing spawn area: 59%
[01Sep2026 01:05:07.169] [Worker-Main-1/INFO] [net.minecraft.server.level.progress.LoggerChunkProgressListener/]: Preparing spawn area: 62%
[01Sep2026 01:05:07.486] [Worker-Main-3/INFO] [net.minecraft.server.level.progress.LoggerChunkProgressListener/]: Preparing spawn area: 65%
[01Sep2026 01:05:07.985] [Worker-Main-1/INFO] [net.minecraft.server.level.progress.LoggerChunkProgressListener/]: Preparing spawn area: 70%
[01Sep2026 01:05:08.485] [Worker-Main-2/INFO] [net.minecraft.server.level.progress.LoggerChunkProgressListener/]: Preparing spawn area: 75%
[01Sep2026 01:05:08.982] [Worker-Main-1/INFO] [net.minecraft.server.level.progress.LoggerChunkProgressListener/]: Preparing spawn area: 79%
[01Sep2026 01:05:09.483] [Worker-Main-1/INFO] [net.minecraft.server.level.progress.LoggerChunkProgressListener/]: Preparing spawn area: 83%
[01Sep2026 01:05:09.832] [Server thread/INFO] [dev.corgitaco.enhancedcelestials.EnhancedCelestials/]: Possible lunar events for dimension "minecraft:overworld" are [enhancedcelestials:blue_moon, enhancedcelestials:super_blue_moon, enhancedcelestials:super_harvest_moon, enhancedcelestials:blood_moon, enhancedcelestials:super_blood_moon, enhancedcelestials:super_moon, enhancedcelestials:harvest_moon].
[01Sep2026 01:05:09.990] [Worker-Main-1/INFO] [net.minecraft.server.level.progress.LoggerChunkProgressListener/]: Preparing spawn area: 88%
[01Sep2026 01:05:10.506] [Worker-Main-1/INFO] [net.minecraft.server.level.progress.LoggerChunkProgressListener/]: Preparing spawn area: 94%
[01Sep2026 01:05:10.984] [Worker-Main-3/INFO] [net.minecraft.server.level.progress.LoggerChunkProgressListener/]: Preparing spawn area: 98%
[01Sep2026 01:05:11.079] [Server thread/INFO] [net.minecraft.server.level.progress.LoggerChunkProgressListener/]: Time elapsed: 22098 ms
[01Sep2026 01:05:11.079] [Server thread/INFO] [net.minecraft.server.dedicated.DedicatedServer/]: Done (35.871s)! For help, type "help"
[01Sep2026 01:05:11.117] [Server thread/INFO] [noppes.npcs.CustomNpcs/]: CustomNPC PermissionNode<Boolean>s available:
[01Sep2026 01:05:11.118] [Server thread/INFO] [noppes.npcs.CustomNpcs/]: customnpcs.admin
[01Sep2026 01:05:11.118] [Server thread/INFO] [noppes.npcs.CustomNpcs/]: customnpcs.edit.blocks
[01Sep2026 01:05:11.118] [Server thread/INFO] [noppes.npcs.CustomNpcs/]: customnpcs.edit.villager
[01Sep2026 01:05:11.118] [Server thread/INFO] [noppes.npcs.CustomNpcs/]: customnpcs.global.bank
[01Sep2026 01:05:11.118] [Server thread/INFO] [noppes.npcs.CustomNpcs/]: customnpcs.global.dialog
[01Sep2026 01:05:11.118] [Server thread/INFO] [noppes.npcs.CustomNpcs/]: customnpcs.global.faction
[01Sep2026 01:05:11.118] [Server thread/INFO] [noppes.npcs.CustomNpcs/]: customnpcs.global.linked
[01Sep2026 01:05:11.118] [Server thread/INFO] [noppes.npcs.CustomNpcs/]: customnpcs.global.naturalspawn
[01Sep2026 01:05:11.118] [Server thread/INFO] [noppes.npcs.CustomNpcs/]: customnpcs.global.playerdata
[01Sep2026 01:05:11.118] [Server thread/INFO] [noppes.npcs.CustomNpcs/]: customnpcs.global.quest
[01Sep2026 01:05:11.118] [Server thread/INFO] [noppes.npcs.CustomNpcs/]: customnpcs.global.recipe
[01Sep2026 01:05:11.118] [Server thread/INFO] [noppes.npcs.CustomNpcs/]: customnpcs.global.transport
[01Sep2026 01:05:11.118] [Server thread/INFO] [noppes.npcs.CustomNpcs/]: customnpcs.npc.advanced
[01Sep2026 01:05:11.118] [Server thread/INFO] [noppes.npcs.CustomNpcs/]: customnpcs.npc.ai
[01Sep2026 01:05:11.118] [Server thread/INFO] [noppes.npcs.CustomNpcs/]: customnpcs.npc.clone
[01Sep2026 01:05:11.118] [Server thread/INFO] [noppes.npcs.CustomNpcs/]: customnpcs.npc.create
[01Sep2026 01:05:11.118] [Server thread/INFO] [noppes.npcs.CustomNpcs/]: customnpcs.npc.delete
[01Sep2026 01:05:11.118] [Server thread/INFO] [noppes.npcs.CustomNpcs/]: customnpcs.npc.display
[01Sep2026 01:05:11.118] [Server thread/INFO] [noppes.npcs.CustomNpcs/]: customnpcs.npc.freeze
[01Sep2026 01:05:11.118] [Server thread/INFO] [noppes.npcs.CustomNpcs/]: customnpcs.npc.gui
[01Sep2026 01:05:11.118] [Server thread/INFO] [noppes.npcs.CustomNpcs/]: customnpcs.npc.inventory
[01Sep2026 01:05:11.118] [Server thread/INFO] [noppes.npcs.CustomNpcs/]: customnpcs.npc.reset
[01Sep2026 01:05:11.118] [Server thread/INFO] [noppes.npcs.CustomNpcs/]: customnpcs.npc.stats
[01Sep2026 01:05:11.118] [Server thread/INFO] [noppes.npcs.CustomNpcs/]: customnpcs.scenes
[01Sep2026 01:05:11.118] [Server thread/INFO] [noppes.npcs.CustomNpcs/]: customnpcs.soulstone.all
[01Sep2026 01:05:11.118] [Server thread/INFO] [noppes.npcs.CustomNpcs/]: customnpcs.spawner.create
[01Sep2026 01:05:11.118] [Server thread/INFO] [noppes.npcs.CustomNpcs/]: customnpcs.spawner.mob
[01Sep2026 01:05:11.118] [Server thread/INFO] [noppes.npcs.CustomNpcs/]: customnpcs.tool.mounter
[01Sep2026 01:05:11.118] [Server thread/INFO] [noppes.npcs.CustomNpcs/]: customnpcs.tool.nbtbook
[01Sep2026 01:05:11.118] [Server thread/INFO] [noppes.npcs.CustomNpcs/]: customnpcs.tool.pather
[01Sep2026 01:05:11.118] [Server thread/INFO] [noppes.npcs.CustomNpcs/]: customnpcs.tool.scripter
[01Sep2026 01:05:11.118] [Server thread/INFO] [net.minecraftforge.server.permission.PermissionAPI/]: Successfully initialized permission handler forge:default_handler
[01Sep2026 01:05:11.123] [Server thread/INFO] [xaero.map.WorldMap/]: Registered synced player tracker system: ftb_teams
[01Sep2026 01:05:11.124] [Server thread/INFO] [xaero.hud.minimap.MinimapLogs/]: Registered synced player tracker system: ftb_teams
[01Sep2026 01:05:11.136] [Server thread/WARN] [net.minecraft.network.syncher.SynchedEntityData/]: defineId called for: class net.minecraft.world.entity.player.Player from class tschipp.carryon.common.carry.CarryOnDataManager
[01Sep2026 01:05:11.318] [Server thread/WARN] [ModernFix/]: Dedicated server took 51.685 seconds to load
