[01Sep2026 03:15:52.359] [main/INFO] [cpw.mods.modlauncher.Launcher/MODLAUNCHER]: ModLauncher running: args [--launchTarget, forgeserver, --fml.forgeVersion, 47.4.10, --fml.mcVersion, 1.20.1, --fml.forgeGroup, net.minecraftforge, --fml.mcpVersion, 20230612.114412, nogui]
[01Sep2026 03:15:52.362] [main/INFO] [cpw.mods.modlauncher.Launcher/MODLAUNCHER]: ModLauncher 10.0.9+10.0.9+main.dcd20f30 starting: java version 17.0.20 by Ubuntu; OS Linux arch amd64 version 6.12.94+
[01Sep2026 03:15:52.757] [main/INFO] [net.minecraftforge.fml.loading.ImmediateWindowHandler/]: ImmediateWindowProvider not loading because launch target is forgeserver
[01Sep2026 03:15:52.783] [main/INFO] [mixin/]: SpongePowered MIXIN Subsystem Version=0.8.5 Source=union:/tmp/rallous-smoke-039/libraries/org/spongepowered/mixin/0.8.5/mixin-0.8.5.jar%2365!/ Service=ModLauncher Env=SERVER
[01Sep2026 03:15:53.016] [main/WARN] [net.minecraftforge.fml.loading.moddiscovery.ModFileParser/LOADING]: Mod file /tmp/rallous-smoke-039/libraries/net/minecraftforge/fmlcore/1.20.1-47.4.10/fmlcore-1.20.1-47.4.10.jar is missing mods.toml file
[01Sep2026 03:15:53.017] [main/WARN] [net.minecraftforge.fml.loading.moddiscovery.ModFileParser/LOADING]: Mod file /tmp/rallous-smoke-039/libraries/net/minecraftforge/javafmllanguage/1.20.1-47.4.10/javafmllanguage-1.20.1-47.4.10.jar is missing mods.toml file
[01Sep2026 03:15:53.018] [main/WARN] [net.minecraftforge.fml.loading.moddiscovery.ModFileParser/LOADING]: Mod file /tmp/rallous-smoke-039/libraries/net/minecraftforge/lowcodelanguage/1.20.1-47.4.10/lowcodelanguage-1.20.1-47.4.10.jar is missing mods.toml file
[01Sep2026 03:15:53.018] [main/WARN] [net.minecraftforge.fml.loading.moddiscovery.ModFileParser/LOADING]: Mod file /tmp/rallous-smoke-039/libraries/net/minecraftforge/mclanguage/1.20.1-47.4.10/mclanguage-1.20.1-47.4.10.jar is missing mods.toml file
[01Sep2026 03:15:53.183] [main/WARN] [net.minecraftforge.jarjar.selection.JarSelector/]: Attempted to select two dependency jars from JarJar which have the same identification: Mod File:  and Mod File: . Using Mod File: 
[01Sep2026 03:15:53.184] [main/INFO] [net.minecraftforge.fml.loading.moddiscovery.JarInJarDependencyLocator/]: Found 12 dependencies adding them to mods collection
[01Sep2026 03:15:54.714] [main/INFO] [mixin/]: Compatibility level set to JAVA_17
[01Sep2026 03:15:54.833] [main/INFO] [cpw.mods.modlauncher.LaunchServiceHandler/MODLAUNCHER]: Launching target 'forgeserver' with arguments [nogui]
[01Sep2026 03:15:55.004] [main/INFO] [ModernFix/]: Loaded configuration file for ModernFix 5.27.83+mc1.20.1: 110 options available, 0 override(s) found
[01Sep2026 03:15:55.005] [main/INFO] [ModernFix/]: Applying Nashorn fix
[01Sep2026 03:15:55.015] [main/INFO] [ModernFix/]: Applied Forge config corruption patch
[01Sep2026 03:15:55.080] [main/WARN] [mixin/]: Reference map 'puzzlesaccessapi.common.refmap.json' for puzzlesaccessapi.common.mixins.json could not be read. If this is a development environment you can ignore this message
[01Sep2026 03:15:55.142] [main/INFO] [Puzzles Lib/]: Loading 86 mods:
	- amendments 1.20-2.2.6
	- architectury 9.2.14
	- betterdungeons 1.20-Forge-4.0.4
	- betterfortresses 1.20-Forge-2.0.6
	- betterstrongholds 1.20-Forge-4.0.3
	- born_in_chaos_v1 1.7.5
	- carryon 2.1.2.7
	- citadel 2.6.3
	- cloth_config 11.1.136
	- corgilib 4.0.3.5
	- cristellib 1.1.6
	- ctov 3.4.14
	- curios 5.14.1+1.20.1
	- customnpcs 1.20.1.20260711
	- dataanchor 1.0.0.22
	- dungeons_arise 2.1.58-1.20.x
	- enhancedcelestials 1.20.1-5.0.3.3
	- epicfight 20.14.17
	- explorify 1.6.5
	- farmersdelight 1.20.1-1.3.4
	- ferritecore 6.0.1
	- forge 47.4.10
	- fossil 9.3.4.0
	- ftblibrary 2001.2.13
	- ftbquests 2001.4.22
	- ftbteams 2001.3.2
	- fzzy_config 0.7.6+1.20.1+forge
	- geckolib 4.8.4
	- glitchcore 0.0.1.1
	- guardvillagers 1.20.1-1.6.19
	- irons_lib 1.20.1-2.1.0
	- irons_spellbooks 1.20.1-3.16.3
	- itemfilters 2001.1.0-build.59
	- jade 11.13.3+forge
	- jei 15.56.0.205
	- kotlinforforge 4.12.0
	- legendarysurvivaloverhaul 1.20.1-2.4.7
	- lithostitched 1.4.11
	- lodestone 1.20.1-1.6.4.1
	- magistuarmory 10.11
	- malum 1.20.1-1.6.7
	- minecraft 1.20.1
	- modernfix 5.27.83+mc1.20.1
		\-- mixinextras 0.4.1
	- moonlight 1.20-2.16.34
	- morehitboxes 1.9.2
	- openpartiesandclaims 0.30.3
	- playeranimator 1.0.2-rc1+1.20
	- puzzleslib 8.1.33
		\-- puzzlesaccessapi 20.1.1
	- rallous_contact 1.0.0
	- rallous_crater_hq 1.0.0
	- rallous_diplomacy 1.0.0
	- rallous_factions 1.0.0
	- rallous_grow 1.0.0
	- rallous_kit 1.0.0
	- rallous_old_world 1.1.0
	- rallous_recruits_bind 1.0.0
	- rallous_recruits_bridge 1.0.0
	- rallous_roaming 1.0.0
	- rallous_session 1.0.0
	- rallous_temple_herd 1.0.0
	- rallous_warp_crash 1.0.0
	- rallous_winds 1.0.0
	- ranksandtitles 1.2.0
	- recruits 1.15.2
	- searchables 1.0.3
	- sereneseasons 9.1.0.3
	- siegemachines 1.39
	- simplyswords 1.70.2-1.20.1
	- simplytooltips 0.1.5-1.20.1
	- sonsoftheempire 1.1.9
	- sophisticatedbackpacks 3.24.67.2109
	- sophisticatedcore 1.3.84.2308
	- structory 1.3.5
	- supplementaries 1.20-3.1.43
		\-- mixinsquared 0.1.1
	- t_and_t 0.0NONE
	- tameablebeasts 7.1
	- terrablender 3.0.1.10
	- terralith 2.5.4
	- vassalsuzerain 1.2.0
	- xaerominimap 26.4.2
		\-- xaerolib 1.7.1
	- xaeroworldmap 1.45.0
	- yungsapi 1.20-Forge-4.0.6
[01Sep2026 03:15:55.156] [main/WARN] [mixin/]: Reference map 'cristellib-forge-refmap.json' for cristellib.mixins.json could not be read. If this is a development environment you can ignore this message
[01Sep2026 03:15:56.181] [main/WARN] [mixin/]: Error loading class: net/bettercombat/network/ServerNetwork (java.lang.ClassNotFoundException: net.bettercombat.network.ServerNetwork)
[01Sep2026 03:15:56.183] [main/WARN] [mixin/]: Error loading class: noobanidus/mods/lootr/block/entities/LootrChestBlockEntity (java.lang.ClassNotFoundException: noobanidus.mods.lootr.block.entities.LootrChestBlockEntity)
[01Sep2026 03:15:56.184] [main/WARN] [mixin/]: Error loading class: noobanidus/mods/lootr/block/entities/LootrBarrelBlockEntity (java.lang.ClassNotFoundException: noobanidus.mods.lootr.block.entities.LootrBarrelBlockEntity)
[01Sep2026 03:15:56.186] [main/WARN] [mixin/]: Error loading class: noobanidus/mods/lootr/block/entities/LootrShulkerBlockEntity (java.lang.ClassNotFoundException: noobanidus.mods.lootr.block.entities.LootrShulkerBlockEntity)
[01Sep2026 03:15:56.187] [main/WARN] [mixin/]: Error loading class: noobanidus/mods/lootr/entity/LootrChestMinecartEntity (java.lang.ClassNotFoundException: noobanidus.mods.lootr.entity.LootrChestMinecartEntity)
[01Sep2026 03:15:56.213] [main/WARN] [mixin/]: Error loading class: dev/shadowsoffire/attributeslib/client/AttributesLibClient (java.lang.ClassNotFoundException: dev.shadowsoffire.attributeslib.client.AttributesLibClient)
[01Sep2026 03:15:56.325] [main/INFO] [MixinExtras|Service/]: Initializing MixinExtras via com.llamalad7.mixinextras.service.MixinExtrasServiceImpl(version=0.4.1).
[01Sep2026 03:15:56.623] [main/INFO] [net.minecraft.server.Bootstrap/]: ModernFix reached bootstrap stage (5.370 s after launch)
[01Sep2026 03:15:56.700] [main/WARN] [mixin/]: @Final field delegatesByName:Ljava/util/Map; in modernfix-modernfix.mixins.json:perf.forge_registry_alloc.ForgeRegistryMixin should be final
[01Sep2026 03:15:56.700] [main/WARN] [mixin/]: @Final field delegatesByValue:Ljava/util/Map; in modernfix-modernfix.mixins.json:perf.forge_registry_alloc.ForgeRegistryMixin should be final
[01Sep2026 03:15:57.772] [main/INFO] [net.minecraft.server.Bootstrap/]: Vanilla bootstrap took 1142 milliseconds
[01Sep2026 03:15:58.178] [main/WARN] [mixin/]: @Final field f_31427_:[I in mixins.epicfight.json:common.MixinWitherBoss should be final
[01Sep2026 03:15:58.178] [main/WARN] [mixin/]: @Final field f_31428_:[I in mixins.epicfight.json:common.MixinWitherBoss should be final
[01Sep2026 03:15:58.264] [main/WARN] [mixin/]: Method overwrite conflict for m_6596_ in mixins.irons_spellbooks.json:LecternBlockEntityMixin, previously written by net.mehvahdjukaar.amendments.mixins.LecternBlockEntityMixin. Skipping method.
[01Sep2026 03:15:58.264] [main/WARN] [mixin/]: Method overwrite conflict for m_58483_ in mixins.irons_spellbooks.json:LecternBlockEntityMixin, previously written by net.mehvahdjukaar.amendments.mixins.LecternBlockEntityUpdateMixin. Skipping method.
[01Sep2026 03:15:58.264] [main/WARN] [mixin/]: Method overwrite conflict for m_5995_ in mixins.irons_spellbooks.json:LecternBlockEntityMixin, previously written by net.mehvahdjukaar.amendments.mixins.LecternBlockEntityUpdateMixin. Skipping method.
[01Sep2026 03:15:58.644] [main/WARN] [mixin/]: @Final field f_26027_:Lnet/minecraft/world/entity/ai/targeting/TargetingConditions; in guardvillagers.mixins.json:DefendVillageGoalGolemMixin should be final
[01Sep2026 03:15:58.765] [main/WARN] [net.minecraft.network.syncher.SynchedEntityData/]: defineId called for: class net.minecraft.world.entity.LivingEntity from class yesman.epicfight.world.capabilities.entitypatch.LivingEntityPatch
[01Sep2026 03:15:58.765] [main/WARN] [net.minecraft.network.syncher.SynchedEntityData/]: defineId called for: class net.minecraft.world.entity.LivingEntity from class yesman.epicfight.world.capabilities.entitypatch.LivingEntityPatch
[01Sep2026 03:15:58.765] [main/WARN] [net.minecraft.network.syncher.SynchedEntityData/]: defineId called for: class net.minecraft.world.entity.LivingEntity from class yesman.epicfight.world.capabilities.entitypatch.LivingEntityPatch
[01Sep2026 03:15:58.765] [main/WARN] [net.minecraft.network.syncher.SynchedEntityData/]: defineId called for: class net.minecraft.world.entity.LivingEntity from class yesman.epicfight.world.capabilities.entitypatch.LivingEntityPatch
[01Sep2026 03:15:59.332] [main/WARN] [mixin/]: Static binding violation: PRIVATE @Overwrite method m_47505_ in modernfix-modernfix.mixins.json:perf.remove_biome_temperature_cache.BiomeMixin cannot reduce visibiliy of PUBLIC target method, visibility will be upgraded.
[01Sep2026 03:15:59.663] [modloading-worker-0/INFO] [xaero.lib.XaeroLib/]: Registering common data for channel xaerolib:main!
[01Sep2026 03:15:59.676] [modloading-worker-0/INFO] [xaero.lib.XaeroLib/]: Loading primary common config for channel xaerolib:main!
[01Sep2026 03:15:59.678] [modloading-worker-0/INFO] [xaero.lib.XaeroLib/]: Loading server config profiles for channel xaerolib:main!
[01Sep2026 03:15:59.697] [modloading-worker-0/INFO] [xaero.map.WorldMap/]: Registering common data for channel xaeroworldmap:main!
[01Sep2026 03:15:59.722] [modloading-worker-0/INFO] [xaero.map.WorldMap/]: Loading primary common config for channel xaeroworldmap:main!
[01Sep2026 03:15:59.722] [modloading-worker-0/INFO] [xaero.map.WorldMap/]: Loading server config profiles for channel xaeroworldmap:main!
[01Sep2026 03:15:59.735] [modloading-worker-0/INFO] [epicfight/]: Loaded mod compat: GeckolibCompat
[01Sep2026 03:15:59.735] [modloading-worker-0/INFO] [epicfight/]: Loaded mod compat: CuriosCompat
[01Sep2026 03:15:59.735] [modloading-worker-0/INFO] [epicfight/]: Loaded mod compat: PlayerAnimatorCompat
[01Sep2026 03:15:59.811] [modloading-worker-0/WARN] [net.minecraftforge.common.ForgeConfigSpec/CORE]: Configuration file /tmp/rallous-smoke-039/config/guardvillagers-common.toml is not correct. Correcting
[01Sep2026 03:15:59.847] [modloading-worker-0/INFO] [net.minecraftforge.common.ForgeMod/FORGEMOD]: Forge mod loading, version 47.4.10, for MC 1.20.1 with MCP 20230612.114412
[01Sep2026 03:15:59.848] [modloading-worker-0/INFO] [net.minecraftforge.common.MinecraftForge/FORGE]: MinecraftForge v47.4.10 Initialized
[01Sep2026 03:16:00.411] [modloading-worker-0/INFO] [xaero.common.HudMod/]: Registering common data for channel xaerominimap:main!
[01Sep2026 03:16:00.442] [modloading-worker-0/INFO] [xaero.common.HudMod/]: Loading primary common config for channel xaerominimap:main!
[01Sep2026 03:16:00.445] [modloading-worker-0/INFO] [xaero.common.HudMod/]: Loading server config profiles for channel xaerominimap:main!
[01Sep2026 03:16:00.552] [modloading-worker-0/INFO] [thedarkcolour.kotlinforforge.test.KotlinForForge/]: Kotlin For Forge Enabled!
[01Sep2026 03:16:00.707] [modloading-worker-0/WARN] [yungsapi/]: WARNING: block Block{minecraft:coal_ore} added to BlockStateRandomizer exceeds max probabiltiy of 1!
[01Sep2026 03:16:00.863] [modloading-worker-0/INFO] [dev.architectury.networking.forge.NetworkManagerImpl/]: Registering C2S receiver with id architectury:sync_ids
[01Sep2026 03:16:00.864] [modloading-worker-0/INFO] [dev.architectury.networking.forge.NetworkManagerImpl/]: Registering C2S receiver with id ftblibrary:edit_nbt_response
[01Sep2026 03:16:00.897] [modloading-worker-0/INFO] [dev.architectury.networking.forge.NetworkManagerImpl/]: Registering C2S receiver with id itemfilters:main/14e7fa1454283aec8ae811ef844ada28
[01Sep2026 03:16:00.900] [modloading-worker-0/INFO] [dev.architectury.networking.forge.NetworkManagerImpl/]: Registering C2S receiver with id itemfilters:main/8f6a899247753217b9d86ab427a2b279
[01Sep2026 03:16:00.920] [modloading-worker-0/INFO] [dev.architectury.networking.forge.NetworkManagerImpl/]: Registering C2S receiver with id ftbteams:open_gui
[01Sep2026 03:16:00.921] [modloading-worker-0/INFO] [dev.architectury.networking.forge.NetworkManagerImpl/]: Registering C2S receiver with id ftbteams:update_settings
[01Sep2026 03:16:00.922] [modloading-worker-0/INFO] [dev.architectury.networking.forge.NetworkManagerImpl/]: Registering C2S receiver with id ftbteams:send_message
[01Sep2026 03:16:00.924] [modloading-worker-0/INFO] [dev.architectury.networking.forge.NetworkManagerImpl/]: Registering C2S receiver with id ftbteams:create_party
[01Sep2026 03:16:00.927] [modloading-worker-0/INFO] [dev.architectury.networking.forge.NetworkManagerImpl/]: Registering C2S receiver with id ftbteams:player_gui_operation
[01Sep2026 03:16:00.981] [modloading-worker-0/INFO] [dev.architectury.networking.forge.NetworkManagerImpl/]: Registering C2S receiver with id magistuarmory:packet_long_reach_attack
[01Sep2026 03:16:00.982] [modloading-worker-0/INFO] [dev.architectury.networking.forge.NetworkManagerImpl/]: Registering C2S receiver with id magistuarmory:packet_lance_collision
[01Sep2026 03:16:01.016] [modloading-worker-0/INFO] [STDOUT/]: [com.magistuarmory.item.armor.ArmorType:<init>:64]: magistuarmory:minicrown
[01Sep2026 03:16:01.017] [modloading-worker-0/INFO] [STDOUT/]: [com.magistuarmory.item.armor.ArmorType:<init>:64]: magistuarmory:crown
[01Sep2026 03:16:01.018] [modloading-worker-0/INFO] [STDOUT/]: [com.magistuarmory.item.armor.ArmorType:<init>:64]: magistuarmory:flowercrown
[01Sep2026 03:16:01.018] [modloading-worker-0/INFO] [STDOUT/]: [com.magistuarmory.item.armor.ArmorType:<init>:64]: minecraft:default
[01Sep2026 03:16:01.018] [modloading-worker-0/INFO] [STDOUT/]: [com.magistuarmory.item.armor.ArmorType:<init>:64]: magistuarmory:armet
[01Sep2026 03:16:01.018] [modloading-worker-0/INFO] [STDOUT/]: [com.magistuarmory.item.armor.ArmorType:<init>:64]: magistuarmory:stechhelm
[01Sep2026 03:16:01.018] [modloading-worker-0/INFO] [STDOUT/]: [com.magistuarmory.item.armor.ArmorType:<init>:64]: minecraft:default
[01Sep2026 03:16:01.018] [modloading-worker-0/INFO] [STDOUT/]: [com.magistuarmory.item.armor.ArmorType:<init>:64]: magistuarmory:sallet
[01Sep2026 03:16:01.018] [modloading-worker-0/INFO] [STDOUT/]: [com.magistuarmory.item.armor.ArmorType:<init>:64]: minecraft:default
[01Sep2026 03:16:01.018] [modloading-worker-0/INFO] [STDOUT/]: [com.magistuarmory.item.armor.ArmorType:<init>:64]: magistuarmory:maximilian_helmet
[01Sep2026 03:16:01.022] [modloading-worker-0/INFO] [STDOUT/]: [com.magistuarmory.item.armor.ArmorType:<init>:64]: minecraft:default
[01Sep2026 03:16:01.022] [modloading-worker-0/INFO] [STDOUT/]: [com.magistuarmory.item.armor.ArmorType:<init>:64]: minecraft:default
[01Sep2026 03:16:01.022] [modloading-worker-0/INFO] [STDOUT/]: [com.magistuarmory.item.armor.ArmorType:<init>:64]: magistuarmory:kettlehat
[01Sep2026 03:16:01.022] [modloading-worker-0/INFO] [STDOUT/]: [com.magistuarmory.item.armor.ArmorType:<init>:64]: minecraft:default
[01Sep2026 03:16:01.022] [modloading-worker-0/INFO] [STDOUT/]: [com.magistuarmory.item.armor.ArmorType:<init>:64]: magistuarmory:barbute
[01Sep2026 03:16:01.022] [modloading-worker-0/INFO] [STDOUT/]: [com.magistuarmory.item.armor.ArmorType:<init>:64]: minecraft:default
[01Sep2026 03:16:01.022] [modloading-worker-0/INFO] [STDOUT/]: [com.magistuarmory.item.armor.ArmorType:<init>:64]: magistuarmory:crusader
[01Sep2026 03:16:01.022] [modloading-worker-0/INFO] [STDOUT/]: [com.magistuarmory.item.armor.ArmorType:<init>:64]: minecraft:default
[01Sep2026 03:16:01.022] [modloading-worker-0/INFO] [STDOUT/]: [com.magistuarmory.item.armor.ArmorType:<init>:64]: minecraft:default
[01Sep2026 03:16:01.022] [modloading-worker-0/INFO] [STDOUT/]: [com.magistuarmory.item.armor.ArmorType:<init>:64]: minecraft:default
[01Sep2026 03:16:01.022] [modloading-worker-0/INFO] [STDOUT/]: [com.magistuarmory.item.armor.ArmorType:<init>:64]: magistuarmory:armet
[01Sep2026 03:16:01.022] [modloading-worker-0/INFO] [STDOUT/]: [com.magistuarmory.item.armor.ArmorType:<init>:64]: minecraft:default
[01Sep2026 03:16:01.022] [modloading-worker-0/INFO] [STDOUT/]: [com.magistuarmory.item.armor.ArmorType:<init>:64]: magistuarmory:conic_helmet
[01Sep2026 03:16:01.022] [modloading-worker-0/INFO] [STDOUT/]: [com.magistuarmory.item.armor.ArmorType:<init>:64]: magistuarmory:conic_helmet
[01Sep2026 03:16:01.022] [modloading-worker-0/INFO] [STDOUT/]: [com.magistuarmory.item.armor.ArmorType:<init>:64]: magistuarmory:barbute
[01Sep2026 03:16:01.022] [modloading-worker-0/INFO] [STDOUT/]: [com.magistuarmory.item.armor.ArmorType:<init>:64]: minecraft:default
[01Sep2026 03:16:01.022] [modloading-worker-0/INFO] [STDOUT/]: [com.magistuarmory.item.armor.ArmorType:<init>:64]: minecraft:default
[01Sep2026 03:16:01.023] [modloading-worker-0/INFO] [STDOUT/]: [com.magistuarmory.item.armor.ArmorType:<init>:64]: magistuarmory:kettlehat
[01Sep2026 03:16:01.023] [modloading-worker-0/INFO] [STDOUT/]: [com.magistuarmory.item.armor.ArmorType:<init>:64]: magistuarmory:conic_helmet
[01Sep2026 03:16:01.023] [modloading-worker-0/INFO] [STDOUT/]: [com.magistuarmory.item.armor.ArmorType:<init>:64]: magistuarmory:crusader
[01Sep2026 03:16:01.023] [modloading-worker-0/INFO] [STDOUT/]: [com.magistuarmory.item.armor.ArmorType:<init>:64]: minecraft:default
[01Sep2026 03:16:01.023] [modloading-worker-0/INFO] [STDOUT/]: [com.magistuarmory.item.armor.ArmorType:<init>:64]: magistuarmory:bascinet
[01Sep2026 03:16:01.023] [modloading-worker-0/INFO] [STDOUT/]: [com.magistuarmory.item.armor.ArmorType:<init>:64]: minecraft:default
[01Sep2026 03:16:01.023] [modloading-worker-0/INFO] [STDOUT/]: [com.magistuarmory.item.armor.ArmorType:<init>:64]: magistuarmory:wingedhussarchestplate
[01Sep2026 03:16:01.023] [modloading-worker-0/INFO] [STDOUT/]: [com.magistuarmory.item.armor.ArmorType:<init>:64]: minecraft:default
[01Sep2026 03:16:01.023] [modloading-worker-0/INFO] [STDOUT/]: [com.magistuarmory.item.armor.ArmorType:<init>:64]: minecraft:default
[01Sep2026 03:16:01.023] [modloading-worker-0/INFO] [STDOUT/]: [com.magistuarmory.item.armor.ArmorType:<init>:64]: magistuarmory:grand_bascinet
[01Sep2026 03:16:01.023] [modloading-worker-0/INFO] [STDOUT/]: [com.magistuarmory.item.armor.ArmorType:<init>:64]: minecraft:default
[01Sep2026 03:16:01.126] [modloading-worker-0/INFO] [dev.architectury.networking.forge.NetworkManagerImpl/]: Registering C2S receiver with id ftbquests:submit_task
[01Sep2026 03:16:01.127] [modloading-worker-0/INFO] [dev.architectury.networking.forge.NetworkManagerImpl/]: Registering C2S receiver with id ftbquests:claim_reward
[01Sep2026 03:16:01.129] [modloading-worker-0/INFO] [dev.architectury.networking.forge.NetworkManagerImpl/]: Registering C2S receiver with id ftbquests:get_emergency_items
[01Sep2026 03:16:01.129] [modloading-worker-0/INFO] [dev.architectury.networking.forge.NetworkManagerImpl/]: Registering C2S receiver with id ftbquests:claim_all_rewards
[01Sep2026 03:16:01.130] [modloading-worker-0/INFO] [dev.architectury.networking.forge.NetworkManagerImpl/]: Registering C2S receiver with id ftbquests:claim_choice_reward
[01Sep2026 03:16:01.131] [modloading-worker-0/INFO] [dev.architectury.networking.forge.NetworkManagerImpl/]: Registering C2S receiver with id ftbquests:toggle_pinned
[01Sep2026 03:16:01.132] [modloading-worker-0/INFO] [dev.architectury.networking.forge.NetworkManagerImpl/]: Registering C2S receiver with id ftbquests:toggle_chapter_pinned
[01Sep2026 03:16:01.136] [modloading-worker-0/INFO] [dev.architectury.networking.forge.NetworkManagerImpl/]: Registering C2S receiver with id ftbquests:toggle_editing_mode
[01Sep2026 03:16:01.137] [modloading-worker-0/INFO] [dev.architectury.networking.forge.NetworkManagerImpl/]: Registering C2S receiver with id ftbquests:force_save
[01Sep2026 03:16:01.138] [modloading-worker-0/INFO] [dev.architectury.networking.forge.NetworkManagerImpl/]: Registering C2S receiver with id ftbquests:set_custom_image
[01Sep2026 03:16:01.140] [modloading-worker-0/INFO] [dev.architectury.networking.forge.NetworkManagerImpl/]: Registering C2S receiver with id ftbquests:task_screen_config_resp
[01Sep2026 03:16:01.140] [modloading-worker-0/INFO] [dev.architectury.networking.forge.NetworkManagerImpl/]: Registering C2S receiver with id ftbquests:give_item_to_player
[01Sep2026 03:16:01.141] [modloading-worker-0/INFO] [dev.architectury.networking.forge.NetworkManagerImpl/]: Registering C2S receiver with id ftbquests:reorder_item
[01Sep2026 03:16:01.141] [modloading-worker-0/INFO] [dev.architectury.networking.forge.NetworkManagerImpl/]: Registering C2S receiver with id ftbquests:change_progress
[01Sep2026 03:16:01.142] [modloading-worker-0/INFO] [dev.architectury.networking.forge.NetworkManagerImpl/]: Registering C2S receiver with id ftbquests:create_object
[01Sep2026 03:16:01.143] [modloading-worker-0/INFO] [dev.architectury.networking.forge.NetworkManagerImpl/]: Registering C2S receiver with id ftbquests:create_task_at
[01Sep2026 03:16:01.143] [modloading-worker-0/INFO] [dev.architectury.networking.forge.NetworkManagerImpl/]: Registering C2S receiver with id ftbquests:delete_object
[01Sep2026 03:16:01.144] [modloading-worker-0/INFO] [dev.architectury.networking.forge.NetworkManagerImpl/]: Registering C2S receiver with id ftbquests:edit_object
[01Sep2026 03:16:01.145] [modloading-worker-0/INFO] [dev.architectury.networking.forge.NetworkManagerImpl/]: Registering C2S receiver with id ftbquests:move_chapter
[01Sep2026 03:16:01.145] [modloading-worker-0/INFO] [dev.architectury.networking.forge.NetworkManagerImpl/]: Registering C2S receiver with id ftbquests:move_quest
[01Sep2026 03:16:01.146] [modloading-worker-0/INFO] [dev.architectury.networking.forge.NetworkManagerImpl/]: Registering C2S receiver with id ftbquests:change_chapter_group
[01Sep2026 03:16:01.147] [modloading-worker-0/INFO] [dev.architectury.networking.forge.NetworkManagerImpl/]: Registering C2S receiver with id ftbquests:move_chapter_group
[01Sep2026 03:16:01.148] [modloading-worker-0/INFO] [dev.architectury.networking.forge.NetworkManagerImpl/]: Registering C2S receiver with id ftbquests:copy_quest
[01Sep2026 03:16:01.150] [modloading-worker-0/INFO] [dev.architectury.networking.forge.NetworkManagerImpl/]: Registering C2S receiver with id ftbquests:copy_chapter_image
[01Sep2026 03:16:01.150] [modloading-worker-0/INFO] [dev.architectury.networking.forge.NetworkManagerImpl/]: Registering C2S receiver with id ftbquests:sync_structures_request
[01Sep2026 03:16:01.151] [modloading-worker-0/INFO] [dev.architectury.networking.forge.NetworkManagerImpl/]: Registering C2S receiver with id ftbquests:request_team_data
[01Sep2026 03:16:01.223] [modloading-worker-0/INFO] [dev.architectury.networking.forge.NetworkManagerImpl/]: Registering C2S receiver with id fossil:cap_channel/537e4f78f24b30e4bee5892e8d9314fa
[01Sep2026 03:16:01.224] [modloading-worker-0/INFO] [dev.architectury.networking.forge.NetworkManagerImpl/]: Registering C2S receiver with id fossil:sync_channel/f7d73d83d6fa3fb99fb754f57f7238af
[01Sep2026 03:16:01.225] [modloading-worker-0/INFO] [dev.architectury.networking.forge.NetworkManagerImpl/]: Registering C2S receiver with id fossil:sync_channel/5ecf814711a7357f8ebd58d771f05139
[01Sep2026 03:16:01.227] [modloading-worker-0/INFO] [dev.architectury.networking.forge.NetworkManagerImpl/]: Registering C2S receiver with id fossil:sync_channel/2ae61e410df635b2b2c2d4eaa7b7afcb
[01Sep2026 03:16:01.228] [modloading-worker-0/INFO] [dev.architectury.networking.forge.NetworkManagerImpl/]: Registering C2S receiver with id fossil:sync_channel/600dc9ad56393757ae8315ba075af416
[01Sep2026 03:16:01.229] [modloading-worker-0/INFO] [dev.architectury.networking.forge.NetworkManagerImpl/]: Registering C2S receiver with id fossil:sync_channel/f58da9d045d839f69fc6dd355effa92e
[01Sep2026 03:16:01.231] [modloading-worker-0/INFO] [dev.architectury.networking.forge.NetworkManagerImpl/]: Registering C2S receiver with id fossil:sync_channel/ec18fa987d5331379c9156102188220c
[01Sep2026 03:16:01.232] [modloading-worker-0/INFO] [dev.architectury.networking.forge.NetworkManagerImpl/]: Registering C2S receiver with id fossil:sync_channel/b0228010ee3d3689beb49186e8009925
[01Sep2026 03:16:01.232] [modloading-worker-0/INFO] [dev.architectury.networking.forge.NetworkManagerImpl/]: Registering C2S receiver with id fossil:sync_channel/ed688e568fc63151a34c0f912fce9d27
[01Sep2026 03:16:01.234] [modloading-worker-0/INFO] [dev.architectury.networking.forge.NetworkManagerImpl/]: Registering C2S receiver with id fossil:sync_channel/8aaf614d5e2d39dd9e136e8c430145a9
[01Sep2026 03:16:01.238] [modloading-worker-0/INFO] [dev.architectury.networking.forge.NetworkManagerImpl/]: Registering C2S receiver with id fossil:sync_channel/08e9f40b177134efbc5eb99e2ad6bcb5
[01Sep2026 03:16:01.239] [modloading-worker-0/INFO] [dev.architectury.networking.forge.NetworkManagerImpl/]: Registering C2S receiver with id fossil:sync_channel/531d15ea7fd13018964a31b3ccac540a
[01Sep2026 03:16:01.262] [modloading-worker-0/INFO] [Puzzles Lib/]: Constructing common components for puzzleslib:main
[01Sep2026 03:16:01.297] [modloading-worker-0/INFO] [fzzy_config/]: Loaded config simplytooltips:config in 238ms
[01Sep2026 03:16:01.297] [modloading-worker-0/INFO] [fzzy_config/]: Loaded config simplyswords:general in 295ms
[01Sep2026 03:16:01.312] [modloading-worker-0/INFO] [simplytooltips/]: SimplyTooltips config loaded: simplytooltips:config
[01Sep2026 03:16:01.322] [modloading-worker-0/INFO] [recruits/]: Registering POI for ResourceKey[minecraft:block / recruits:recruit_block]
[01Sep2026 03:16:01.323] [modloading-worker-0/INFO] [fzzy_config/]: Loaded config simplyswords:gui in 9ms
[01Sep2026 03:16:01.324] [modloading-worker-0/INFO] [recruits/]: Registering POI for ResourceKey[minecraft:block / recruits:recruit_shield_block]
[01Sep2026 03:16:01.325] [modloading-worker-0/INFO] [recruits/]: Registering POI for ResourceKey[minecraft:block / recruits:bowman_block]
[01Sep2026 03:16:01.325] [modloading-worker-0/INFO] [recruits/]: Registering POI for ResourceKey[minecraft:block / recruits:crossbowman_block]
[01Sep2026 03:16:01.325] [modloading-worker-0/INFO] [recruits/]: Registering POI for ResourceKey[minecraft:block / recruits:horseman_block]
[01Sep2026 03:16:01.325] [modloading-worker-0/INFO] [recruits/]: Registering POI for ResourceKey[minecraft:block / recruits:nomad_block]
[01Sep2026 03:16:01.325] [modloading-worker-0/INFO] [com.rallous.recruitsbridge.RallousRecruitsBridge/]: rallous-recruits-bridge: will found Recruits hosts after Warp-crash assign
[01Sep2026 03:16:01.325] [modloading-worker-0/INFO] [recruits/]: Registering profession for recruit with POI net.minecraftforge.registries.RegistryObject@810c44e9
[01Sep2026 03:16:01.330] [modloading-worker-0/INFO] [recruits/]: Registering profession for shieldman with POI net.minecraftforge.registries.RegistryObject@73a49efc
[01Sep2026 03:16:01.330] [modloading-worker-0/INFO] [recruits/]: Registering profession for bowman with POI net.minecraftforge.registries.RegistryObject@ee1298fb
[01Sep2026 03:16:01.330] [modloading-worker-0/INFO] [recruits/]: Registering profession for crossbowman with POI net.minecraftforge.registries.RegistryObject@278013b
[01Sep2026 03:16:01.330] [modloading-worker-0/INFO] [recruits/]: Registering profession for horseman with POI net.minecraftforge.registries.RegistryObject@2cde3e08
[01Sep2026 03:16:01.330] [modloading-worker-0/INFO] [recruits/]: Registering profession for nomad with POI net.minecraftforge.registries.RegistryObject@46c5f19a
[01Sep2026 03:16:01.507] [modloading-worker-0/INFO] [fzzy_config/]: Loaded config simplyswords:gem_powers in 140ms
[01Sep2026 03:16:01.510] [modloading-worker-0/INFO] [fzzy_config/]: Loaded config simplyswords:status_effects in 2ms
[01Sep2026 03:16:01.541] [modloading-worker-0/INFO] [fzzy_config/]: Loaded config simplyswords:weapon_attributes in 28ms
[01Sep2026 03:16:01.712] [modloading-worker-0/INFO] [fzzy_config/]: Loaded config simplyswords:unique_effects in 120ms
[01Sep2026 03:16:01.742] [modloading-worker-0/INFO] [fzzy_config/]: Loaded config simplyswords:compatibility in 16ms
[01Sep2026 03:16:01.780] [modloading-worker-0/INFO] [dev.architectury.networking.forge.NetworkManagerImpl/]: Registering C2S receiver with id simplyswords:use_weapon_ability
[01Sep2026 03:16:01.780] [modloading-worker-0/INFO] [dev.architectury.networking.forge.NetworkManagerImpl/]: Registering C2S receiver with id simplyswords:weapon_ability_keybind_state
[01Sep2026 03:16:01.780] [modloading-worker-0/INFO] [dev.architectury.networking.forge.NetworkManagerImpl/]: Registering C2S receiver with id simplyswords:player_movement_intent
[01Sep2026 03:16:01.807] [modloading-worker-0/INFO] [STDOUT/]: [net.sweenus.simplyswords.SimplySwords:init:182]: /tmp/rallous-smoke-039/config
[01Sep2026 03:16:02.338] [main/WARN] [dev.architectury.registry.registries.forge.RegistrarManagerImpl/]: Registry entry listened Registry Entry [minecraft:block / fossil:stripped_sigillaria_log] was not realized!
[01Sep2026 03:16:02.338] [main/WARN] [dev.architectury.registry.registries.forge.RegistrarManagerImpl/]: Registry entry listened Registry Entry [minecraft:block / fossil:stripped_palm_wood] was not realized!
[01Sep2026 03:16:02.338] [main/WARN] [dev.architectury.registry.registries.forge.RegistrarManagerImpl/]: Registry entry listened Registry Entry [minecraft:block / fossil:stripped_mutant_tree_log] was not realized!
[01Sep2026 03:16:02.338] [main/WARN] [dev.architectury.registry.registries.forge.RegistrarManagerImpl/]: Registry entry listened Registry Entry [minecraft:block / fossil:stripped_tempskya_log] was not realized!
[01Sep2026 03:16:02.338] [main/WARN] [dev.architectury.registry.registries.forge.RegistrarManagerImpl/]: Registry entry listened Registry Entry [minecraft:block / fossil:stripped_calamites_log] was not realized!
[01Sep2026 03:16:02.338] [main/WARN] [dev.architectury.registry.registries.forge.RegistrarManagerImpl/]: Registry entry listened Registry Entry [minecraft:block / fossil:stripped_cordaites_log] was not realized!
[01Sep2026 03:16:02.338] [main/WARN] [dev.architectury.registry.registries.forge.RegistrarManagerImpl/]: Registry entry listened Registry Entry [minecraft:block / fossil:stripped_mutant_tree_wood] was not realized!
[01Sep2026 03:16:02.338] [main/WARN] [dev.architectury.registry.registries.forge.RegistrarManagerImpl/]: Registry entry listened Registry Entry [minecraft:block / fossil:stripped_cordaites_wood] was not realized!
[01Sep2026 03:16:02.338] [main/WARN] [dev.architectury.registry.registries.forge.RegistrarManagerImpl/]: Registry entry listened Registry Entry [minecraft:block / fossil:stripped_palm_log] was not realized!
[01Sep2026 03:16:02.338] [main/WARN] [dev.architectury.registry.registries.forge.RegistrarManagerImpl/]: Registry entry listened Registry Entry [minecraft:block / fossil:stripped_calamites_wood] was not realized!
[01Sep2026 03:16:02.338] [main/WARN] [dev.architectury.registry.registries.forge.RegistrarManagerImpl/]: Registry entry listened Registry Entry [minecraft:block / fossil:stripped_tempskya_wood] was not realized!
[01Sep2026 03:16:02.338] [main/WARN] [dev.architectury.registry.registries.forge.RegistrarManagerImpl/]: Registry entry listened Registry Entry [minecraft:block / fossil:stripped_sigillaria_wood] was not realized!
[01Sep2026 03:16:02.341] [main/WARN] [dev.architectury.registry.registries.forge.RegistrarManagerImpl/]: Registry entry listened Registry Entry [minecraft:block / fossil:stripped_sigillaria_log] was not realized!
[01Sep2026 03:16:02.341] [main/WARN] [dev.architectury.registry.registries.forge.RegistrarManagerImpl/]: Registry entry listened Registry Entry [minecraft:block / fossil:stripped_palm_wood] was not realized!
[01Sep2026 03:16:02.341] [main/WARN] [dev.architectury.registry.registries.forge.RegistrarManagerImpl/]: Registry entry listened Registry Entry [minecraft:block / fossil:stripped_mutant_tree_log] was not realized!
[01Sep2026 03:16:02.341] [main/WARN] [dev.architectury.registry.registries.forge.RegistrarManagerImpl/]: Registry entry listened Registry Entry [minecraft:block / fossil:stripped_tempskya_log] was not realized!
[01Sep2026 03:16:02.341] [main/WARN] [dev.architectury.registry.registries.forge.RegistrarManagerImpl/]: Registry entry listened Registry Entry [minecraft:block / fossil:stripped_calamites_log] was not realized!
[01Sep2026 03:16:02.341] [main/WARN] [dev.architectury.registry.registries.forge.RegistrarManagerImpl/]: Registry entry listened Registry Entry [minecraft:block / fossil:stripped_cordaites_log] was not realized!
[01Sep2026 03:16:02.342] [main/WARN] [dev.architectury.registry.registries.forge.RegistrarManagerImpl/]: Registry entry listened Registry Entry [minecraft:block / fossil:stripped_mutant_tree_wood] was not realized!
[01Sep2026 03:16:02.342] [main/WARN] [dev.architectury.registry.registries.forge.RegistrarManagerImpl/]: Registry entry listened Registry Entry [minecraft:block / fossil:stripped_cordaites_wood] was not realized!
[01Sep2026 03:16:02.342] [main/WARN] [dev.architectury.registry.registries.forge.RegistrarManagerImpl/]: Registry entry listened Registry Entry [minecraft:block / fossil:stripped_palm_log] was not realized!
[01Sep2026 03:16:02.342] [main/WARN] [dev.architectury.registry.registries.forge.RegistrarManagerImpl/]: Registry entry listened Registry Entry [minecraft:block / fossil:stripped_calamites_wood] was not realized!
[01Sep2026 03:16:02.342] [main/WARN] [dev.architectury.registry.registries.forge.RegistrarManagerImpl/]: Registry entry listened Registry Entry [minecraft:block / fossil:stripped_tempskya_wood] was not realized!
[01Sep2026 03:16:02.342] [main/WARN] [dev.architectury.registry.registries.forge.RegistrarManagerImpl/]: Registry entry listened Registry Entry [minecraft:block / fossil:stripped_sigillaria_wood] was not realized!
[01Sep2026 03:16:02.552] [main/WARN] [dev.architectury.registry.registries.forge.RegistrarManagerImpl/]: Registry entry listened Registry Entry [minecraft:item / fossil:ichthyosaurus_dna] was not realized!
[01Sep2026 03:16:02.552] [main/WARN] [dev.architectury.registry.registries.forge.RegistrarManagerImpl/]: Registry entry listened Registry Entry [minecraft:item / fossil:bone_vertebrae_confuciusornis] was not realized!
[01Sep2026 03:16:02.552] [main/WARN] [dev.architectury.registry.registries.forge.RegistrarManagerImpl/]: Registry entry listened Registry Entry [minecraft:item / fossil:cooked_edaphosaurus] was not realized!
[01Sep2026 03:16:02.552] [main/WARN] [dev.architectury.registry.registries.forge.RegistrarManagerImpl/]: Registry entry listened Registry Entry [minecraft:item / fossil:meat_aquilolamna] was not realized!
[01Sep2026 03:16:02.553] [main/WARN] [dev.architectury.registry.registries.forge.RegistrarManagerImpl/]: Registry entry listened Registry Entry [minecraft:item / fossil:bone_leg_stegosaurus] was not realized!
[01Sep2026 03:16:02.553] [main/WARN] [dev.architectury.registry.registries.forge.RegistrarManagerImpl/]: Registry entry listened Registry Entry [minecraft:item / fossil:egg_item_henodus] was not realized!
[01Sep2026 03:16:02.553] [main/WARN] [dev.architectury.registry.registries.forge.RegistrarManagerImpl/]: Registry entry listened Registry Entry [minecraft:item / fossil:bone_leg_titanis] was not realized!
[01Sep2026 03:16:02.553] [main/WARN] [dev.architectury.registry.registries.forge.RegistrarManagerImpl/]: Registry entry listened Registry Entry [minecraft:item / fossil:meat_dilophosaurus] was not realized!
[01Sep2026 03:16:02.553] [main/WARN] [dev.architectury.registry.registries.forge.RegistrarManagerImpl/]: Registry entry listened Registry Entry [minecraft:item / fossil:spawn_egg_pachyrhinosaurus] was not realized!
[01Sep2026 03:16:02.553] [main/WARN] [dev.architectury.registry.registries.forge.RegistrarManagerImpl/]: Registry entry listened Registry Entry [minecraft:item / fossil:spawn_egg_smilodon] was not realized!
[01Sep2026 03:16:02.553] [main/WARN] [dev.architectury.registry.registries.forge.RegistrarManagerImpl/]: Registry entry listened Registry Entry [minecraft:item / fossil:cooked_megaloceros] was not realized!
[01Sep2026 03:16:02.553] [main/WARN] [dev.architectury.registry.registries.forge.RegistrarManagerImpl/]: Registry entry listened Registry Entry [minecraft:item / fossil:bone_ribcage_titanis] was not realized!
[01Sep2026 03:16:02.553] [main/WARN] [dev.architectury.registry.registries.forge.RegistrarManagerImpl/]: Registry entry listened Registry Entry [minecraft:item / fossil:bone_leg_ceratosaurus] was not realized!
[01Sep2026 03:16:02.553] [main/WARN] [dev.architectury.registry.registries.forge.RegistrarManagerImpl/]: Registry entry listened Registry Entry [minecraft:item / fossil:bone_skull_diplocaulus] was not realized!
[01Sep2026 03:16:02.553] [main/WARN] [dev.architectury.registry.registries.forge.RegistrarManagerImpl/]: Registry entry listened Registry Entry [minecraft:item / fossil:meat_brachiosaurus] was not realized!
[01Sep2026 03:16:02.553] [main/WARN] [dev.architectury.registry.registries.forge.RegistrarManagerImpl/]: Registry entry listened Registry Entry [minecraft:item / fossil:cooked_pteranodon] was not realized!
[01Sep2026 03:16:02.553] [main/WARN] [dev.architectury.registry.registries.forge.RegistrarManagerImpl/]: Registry entry listened Registry Entry [minecraft:item / fossil:dryosaurus_dna] was not realized!
[01Sep2026 03:16:02.553] [main/WARN] [dev.architectury.registry.registries.forge.RegistrarManagerImpl/]: Registry entry listened Registry Entry [minecraft:item / fossil:meat_megalograptus] was not realized!
[01Sep2026 03:16:02.553] [main/WARN] [dev.architectury.registry.registries.forge.RegistrarManagerImpl/]: Registry entry listened Registry Entry [minecraft:item / fossil:bone_vertebrae_protoceratops] was not realized!
[01Sep2026 03:16:02.553] [main/WARN] [dev.architectury.registry.registries.forge.RegistrarManagerImpl/]: Registry entry listened Registry Entry [minecraft:item / fossil:egg_item_therizinosaurus] was not realized!
[01Sep2026 03:16:02.553] [main/WARN] [dev.architectury.registry.registries.forge.RegistrarManagerImpl/]: Registry entry listened Registry Entry [minecraft:item / fossil:bone_arm_mammoth] was not realized!
[01Sep2026 03:16:02.553] [main/WARN] [dev.architectury.registry.registries.forge.RegistrarManagerImpl/]: Registry entry listened Registry Entry [minecraft:item / fossil:egg_item_pachycephalosaurus] was not realized!
[01Sep2026 03:16:02.553] [main/WARN] [dev.architectury.registry.registries.forge.RegistrarManagerImpl/]: Registry entry listened Registry Entry [minecraft:item / fossil:bucket_item_scotoharpes] was not realized!
[01Sep2026 03:16:02.553] [main/WARN] [dev.architectury.registry.registries.forge.RegistrarManagerImpl/]: Registry entry listened Registry Entry [minecraft:item / fossil:bone_foot_platybelodon] was not realized!
[01Sep2026 03:16:02.553] [main/WARN] [dev.architectury.registry.registries.forge.RegistrarManagerImpl/]: Registry entry listened Registry Entry [minecraft:item / fossil:bone_vertebrae_tiktaalik] was not realized!
[01Sep2026 03:16:02.553] [main/WARN] [dev.architectury.registry.registries.forge.RegistrarManagerImpl/]: Registry entry listened Registry Entry [minecraft:item / fossil:bone_vertebrae_velociraptor] was not realized!
[01Sep2026 03:16:02.553] [main/WARN] [dev.architectury.registry.registries.forge.RegistrarManagerImpl/]: Registry entry listened Registry Entry [minecraft:item / fossil:bone_vertebrae_platybelodon] was not realized!
[01Sep2026 03:16:02.553] [main/WARN] [dev.architectury.registry.registries.forge.RegistrarManagerImpl/]: Registry entry listened Registry Entry [minecraft:item / fossil:bone_foot_velociraptor] was not realized!
[01Sep2026 03:16:02.553] [main/WARN] [dev.architectury.registry.registries.forge.RegistrarManagerImpl/]: Registry entry listened Registry Entry [minecraft:item / fossil:bone_vertebrae_dimetrodon] was not realized!
[01Sep2026 03:16:02.553] [main/WARN] [dev.architectury.registry.registries.forge.RegistrarManagerImpl/]: Registry entry listened Registry Entry [minecraft:item / fossil:bone_leg_parasaurolophus] was not realized!
[01Sep2026 03:16:02.553] [main/WARN] [dev.architectury.registry.registries.forge.RegistrarManagerImpl/]: Registry entry listened Registry Entry [minecraft:item / fossil:bone_skull_diplodocus] was not realized!
[01Sep2026 03:16:02.553] [main/WARN] [dev.architectury.registry.registries.forge.RegistrarManagerImpl/]: Registry entry listened Registry Entry [minecraft:item / fossil:bone_tail_diplodocus] was not realized!
[01Sep2026 03:16:02.553] [main/WARN] [dev.architectury.registry.registries.forge.RegistrarManagerImpl/]: Registry entry listened Registry Entry [minecraft:item / fossil:velociraptor_dna] was not realized!
[01Sep2026 03:16:02.553] [main/WARN] [dev.architectury.registry.registries.forge.RegistrarManagerImpl/]: Registry entry listened Registry Entry [minecraft:item / fossil:cooked_citipati] was not realized!
[01Sep2026 03:16:02.553] [main/WARN] [dev.architectury.registry.registries.forge.RegistrarManagerImpl/]: Registry entry listened Registry Entry [minecraft:item / fossil:bone_tail_phorusrhacos] was not realized!
[01Sep2026 03:16:02.553] [main/WARN] [dev.architectury.registry.registries.forge.RegistrarManagerImpl/]: Registry entry listened Registry Entry [minecraft:item / fossil:bone_skull_pachyrhinosaurus] was not realized!
[01Sep2026 03:16:02.553] [main/WARN] [dev.architectury.registry.registries.forge.RegistrarManagerImpl/]: Registry entry listened Registry Entry [minecraft:item / fossil:bone_tail_plesiosaurus] was not realized!
[01Sep2026 03:16:02.553] [main/WARN] [dev.architectury.registry.registries.forge.RegistrarManagerImpl/]: Registry entry listened Registry Entry [minecraft:item / fossil:bone_unique_therizinosaurus] was not realized!
[01Sep2026 03:16:02.553] [main/WARN] [dev.architectury.registry.registries.forge.RegistrarManagerImpl/]: Registry entry listened Registry Entry [minecraft:item / fossil:bone_foot_deinonychus] was not realized!
[01Sep2026 03:16:02.553] [main/WARN] [dev.architectury.registry.registries.forge.RegistrarManagerImpl/]: Registry entry listened Registry Entry [minecraft:item / fossil:egg_item_diplocaulus] was not realized!
[01Sep2026 03:16:02.553] [main/WARN] [dev.architectury.registry.registries.forge.RegistrarManagerImpl/]: Registry entry listened Registry Entry [minecraft:item / fossil:syringe_donkey] was not realized!
[01Sep2026 03:16:02.553] [main/WARN] [dev.architectury.registry.registries.forge.RegistrarManagerImpl/]: Registry entry listened Registry Entry [minecraft:item / fossil:bone_arm_velociraptor] was not realized!
[01Sep2026 03:16:02.553] [main/WARN] [dev.architectury.registry.registries.forge.RegistrarManagerImpl/]: Registry entry listened Registry Entry [minecraft:item / fossil:spawn_egg_triceratops] was not realized!
[01Sep2026 03:16:02.553] [main/WARN] [dev.architectury.registry.registries.forge.RegistrarManagerImpl/]: Registry entry listened Registry Entry [minecraft:item / fossil:egg_item_pteranodon] was not realized!
[01Sep2026 03:16:02.553] [main/WARN] [dev.architectury.registry.registries.forge.RegistrarManagerImpl/]: Registry entry listened Registry Entry [minecraft:item / fossil:spawn_egg_edaphosaurus] was not realized!
[01Sep2026 03:16:02.553] [main/WARN] [dev.architectury.registry.registries.forge.RegistrarManagerImpl/]: Registry entry listened Registry Entry [minecraft:item / fossil:syringe_wolf] was not realized!
[01Sep2026 03:16:02.553] [main/WARN] [dev.architectury.registry.registries.forge.RegistrarManagerImpl/]: Registry entry listened Registry Entry [minecraft:item / fossil:meat_nautilus] was not realized!
[01Sep2026 03:16:02.553] [main/WARN] [dev.architectury.registry.registries.forge.RegistrarManagerImpl/]: Registry entry listened Registry Entry [minecraft:item / fossil:bone_unique_postosuchus] was not realized!
[01Sep2026 03:16:02.553] [main/WARN] [dev.architectury.registry.registries.forge.RegistrarManagerImpl/]: Registry entry listened Registry Entry [minecraft:item / fossil:meat_alligator_gar] was not realized!
[01Sep2026 03:16:02.553] [main/WARN] [dev.architectury.registry.registries.forge.RegistrarManagerImpl/]: Registry entry listened Registry Entry [minecraft:item / fossil:bone_ribcage_mosasaurus] was not realized!
[01Sep2026 03:16:02.553] [main/WARN] [dev.architectury.registry.registries.forge.RegistrarManagerImpl/]: Registry entry listened Registry Entry [minecraft:item / fossil:bone_vertebrae_smilodon] was not realized!
[01Sep2026 03:16:02.553] [main/WARN] [dev.architectury.registry.registries.forge.RegistrarManagerImpl/]: Registry entry listened Registry Entry [minecraft:item / fossil:bone_arm_smilodon] was not realized!
[01Sep2026 03:16:02.553] [main/WARN] [dev.architectury.registry.registries.forge.RegistrarManagerImpl/]: Registry entry listened Registry Entry [minecraft:item / fossil:bone_unique_ichthyosaurus] was not realized!
[01Sep2026 03:16:02.554] [main/WARN] [dev.architectury.registry.registries.forge.RegistrarManagerImpl/]: Registry entry listened Registry Entry [minecraft:item / fossil:meat_megaloceros] was not realized!
[01Sep2026 03:16:02.554] [main/WARN] [dev.architectury.registry.registries.forge.RegistrarManagerImpl/]: Registry entry listened Registry Entry [minecraft:item / fossil:cow_dna] was not realized!
[01Sep2026 03:16:02.554] [main/WARN] [dev.architectury.registry.registries.forge.RegistrarManagerImpl/]: Registry entry listened Registry Entry [minecraft:item / fossil:parrot_dna] was not realized!
[01Sep2026 03:16:02.554] [main/WARN] [dev.architectury.registry.registries.forge.RegistrarManagerImpl/]: Registry entry listened Registry Entry [minecraft:item / fossil:cooked_aquilolamna] was not realized!
[01Sep2026 03:16:02.554] [main/WARN] [dev.architectury.registry.registries.forge.RegistrarManagerImpl/]: Registry entry listened Registry Entry [minecraft:item / fossil:bone_skull_triceratops] was not realized!
[01Sep2026 03:16:02.554] [main/WARN] [dev.architectury.registry.registries.forge.RegistrarManagerImpl/]: Registry entry listened Registry Entry [minecraft:item / fossil:bone_ribcage_quagga] was not realized!
[01Sep2026 03:16:02.554] [main/WARN] [dev.architectury.registry.registries.forge.RegistrarManagerImpl/]: Registry entry listened Registry Entry [minecraft:item / fossil:egg_item_pufferfish] was not realized!
[01Sep2026 03:16:02.554] [main/WARN] [dev.architectury.registry.registries.forge.RegistrarManagerImpl/]: Registry entry listened Registry Entry [minecraft:item / fossil:meat_meganeura] was not realized!
[01Sep2026 03:16:02.554] [main/WARN] [dev.architectury.registry.registries.forge.RegistrarManagerImpl/]: Registry entry listened Registry Entry [minecraft:item / fossil:bucket_item_henodus] was not realized!
[01Sep2026 03:16:02.554] [main/WARN] [dev.architectury.registry.registries.forge.RegistrarManagerImpl/]: Registry entry listened Registry Entry [minecraft:item / fossil:bone_leg_psittacosaurus] was not realized!
[01Sep2026 03:16:02.554] [main/WARN] [dev.architectury.registry.registries.forge.RegistrarManagerImpl/]: Registry entry listened Registry Entry [minecraft:item / fossil:bone_vertebrae_tyrannosaurus] was not realized!
[01Sep2026 03:16:02.554] [main/WARN] [dev.architectury.registry.registries.forge.RegistrarManagerImpl/]: Registry entry listened Registry Entry [minecraft:item / fossil:egg_item_liopleurodon] was not realized!
[01Sep2026 03:16:02.554] [main/WARN] [dev.architectury.registry.registries.forge.RegistrarManagerImpl/]: Registry entry listened Registry Entry [minecraft:item / fossil:bone_leg_gallimimus] was not realized!
[01Sep2026 03:16:02.554] [main/WARN] [dev.architectury.registry.registries.forge.RegistrarManagerImpl/]: Registry entry listened Registry Entry [minecraft:item / fossil:bone_vertebrae_mammoth] was not realized!
[01Sep2026 03:16:02.554] [main/WARN] [dev.architectury.registry.registries.forge.RegistrarManagerImpl/]: Registry entry listened Registry Entry [minecraft:item / fossil:meat_gastornis] was not realized!
[01Sep2026 03:16:02.554] [main/WARN] [dev.architectury.registry.registries.forge.RegistrarManagerImpl/]: Registry entry listened Registry Entry [minecraft:item / fossil:bone_leg_quetzalcoatlus] was not realized!
[01Sep2026 03:16:02.554] [main/WARN] [dev.architectury.registry.registries.forge.RegistrarManagerImpl/]: Registry entry listened Registry Entry [minecraft:item / fossil:cooked_mosasaurus] was not realized!
[01Sep2026 03:16:02.554] [main/WARN] [dev.architectury.registry.registries.forge.RegistrarManagerImpl/]: Registry entry listened Registry Entry [minecraft:item / fossil:meat_therizinosaurus] was not realized!
[01Sep2026 03:16:02.554] [main/WARN] [dev.architectury.registry.registries.forge.RegistrarManagerImpl/]: Registry entry listened Registry Entry [minecraft:item / fossil:spawn_egg_dodo] was not realized!
[01Sep2026 03:16:02.554] [main/WARN] [dev.architectury.registry.registries.forge.RegistrarManagerImpl/]: Registry entry listened Registry Entry [minecraft:item / fossil:cooked_elasmotherium] was not realized!
[01Sep2026 03:16:02.554] [main/WARN] [dev.architectury.registry.registries.forge.RegistrarManagerImpl/]: Registry entry listened Registry Entry [minecraft:item / fossil:bone_leg_kelenken] was not realized!
[01Sep2026 03:16:02.554] [main/WARN] [dev.architectury.registry.registries.forge.RegistrarManagerImpl/]: Registry entry listened Registry Entry [minecraft:item / fossil:bone_vertebrae_spinosaurus] was not realized!
[01Sep2026 03:16:02.554] [main/WARN] [dev.architectury.registry.registries.forge.RegistrarManagerImpl/]: Registry entry listened Registry Entry [minecraft:item / fossil:bone_skull_allosaurus] was not realized!
[01Sep2026 03:16:02.554] [main/WARN] [dev.architectury.registry.registries.forge.RegistrarManagerImpl/]: Registry entry listened Registry Entry [minecraft:item / fossil:bone_tail_kelenken] was not realized!
[01Sep2026 03:16:02.554] [main/WARN] [dev.architectury.registry.registries.forge.RegistrarManagerImpl/]: Registry entry listened Registry Entry [minecraft:item / fossil:spawn_egg_dimorphodon] was not realized!
[01Sep2026 03:16:02.554] [main/WARN] [dev.architectury.registry.registries.forge.RegistrarManagerImpl/]: Registry entry listened Registry Entry [minecraft:item / fossil:bone_foot_pteranodon] was not realized!
[01Sep2026 03:16:02.554] [main/WARN] [dev.architectury.registry.registries.forge.RegistrarManagerImpl/]: Registry entry listened Registry Entry [minecraft:item / fossil:bone_ribcage_pteranodon] was not realized!
[01Sep2026 03:16:02.554] [main/WARN] [dev.architectury.registry.registries.forge.RegistrarManagerImpl/]: Registry entry listened Registry Entry [minecraft:item / fossil:bone_foot_elasmotherium] was not realized!
[01Sep2026 03:16:02.554] [main/WARN] [dev.architectury.registry.registries.forge.RegistrarManagerImpl/]: Registry entry listened Registry Entry [minecraft:item / fossil:meat_compsognathus] was not realized!
[01Sep2026 03:16:02.554] [main/WARN] [dev.architectury.registry.registries.forge.RegistrarManagerImpl/]: Registry entry listened Registry Entry [minecraft:item / fossil:bone_skull_confuciusornis] was not realized!
[01Sep2026 03:16:02.554] [main/WARN] [dev.architectury.registry.registries.forge.RegistrarManagerImpl/]: Registry entry listened Registry Entry [minecraft:item / fossil:bone_arm_crassigyrinus] was not realized!
[01Sep2026 03:16:02.554] [main/WARN] [dev.architectury.registry.registries.forge.RegistrarManagerImpl/]: Registry entry listened Registry Entry [minecraft:item / fossil:bone_ribcage_gastornis] was not realized!
[01Sep2026 03:16:02.554] [main/WARN] [dev.architectury.registry.registries.forge.RegistrarManagerImpl/]: Registry entry listened Registry Entry [minecraft:item / fossil:bone_leg_edaphosaurus] was not realized!
[01Sep2026 03:16:02.554] [main/WARN] [dev.architectury.registry.registries.forge.RegistrarManagerImpl/]: Registry entry listened Registry Entry [minecraft:item / fossil:bone_leg_allosaurus] was not realized!
[01Sep2026 03:16:02.554] [main/WARN] [dev.architectury.registry.registries.forge.RegistrarManagerImpl/]: Registry entry listened Registry Entry [minecraft:item / fossil:bone_ribcage_deinonychus] was not realized!
[01Sep2026 03:16:02.554] [main/WARN] [dev.architectury.registry.registries.forge.RegistrarManagerImpl/]: Registry entry listened Registry Entry [minecraft:item / fossil:syringe_quagga] was not realized!
[01Sep2026 03:16:02.554] [main/WARN] [dev.architectury.registry.registries.forge.RegistrarManagerImpl/]: Registry entry listened Registry Entry [minecraft:item / fossil:bone_skull_quetzalcoatlus] was not realized!
[01Sep2026 03:16:02.554] [main/WARN] [dev.architectury.registry.registries.forge.RegistrarManagerImpl/]: Registry entry listened Registry Entry [minecraft:item / fossil:bone_ribcage_stegosaurus] was not realized!
[01Sep2026 03:16:02.554] [main/WARN] [dev.architectury.registry.registries.forge.RegistrarManagerImpl/]: Registry entry listened Registry Entry [minecraft:item / fossil:bone_skull_crassigyrinus] was not realized!
[01Sep2026 03:16:02.554] [main/WARN] [dev.architectury.registry.registries.forge.RegistrarManagerImpl/]: Registry entry listened Registry Entry [minecraft:item / fossil:bone_unique_mammoth] was not realized!
[01Sep2026 03:16:02.554] [main/WARN] [dev.architectury.registry.registries.forge.RegistrarManagerImpl/]: Registry entry listened Registry Entry [minecraft:item / fossil:megalania_dna] was not realized!
[01Sep2026 03:16:02.554] [main/WARN] [dev.architectury.registry.registries.forge.RegistrarManagerImpl/]: Registry entry listened Registry Entry [minecraft:item / fossil:cooked_diplocaulus] was not realized!
[01Sep2026 03:16:02.554] [main/WARN] [dev.architectury.registry.registries.forge.RegistrarManagerImpl/]: Registry entry listened Registry Entry [minecraft:item / fossil:egg_item_sarcosuchus] was not realized!
[01Sep2026 03:16:02.554] [main/WARN] [dev.architectury.registry.registries.forge.RegistrarManagerImpl/]: Registry entry listened Registry Entry [minecraft:item / fossil:syringe_megaloceros] was not realized!
[01Sep2026 03:16:02.554] [main/WARN] [dev.architectury.registry.registries.forge.RegistrarManagerImpl/]: Registry entry listened Registry Entry [minecraft:item / fossil:allosaurus_dna] was not realized!
[01Sep2026 03:16:02.554] [main/WARN] [dev.architectury.registry.registries.forge.RegistrarManagerImpl/]: Registry entry listened Registry Entry [minecraft:item / fossil:bone_skull_therizinosaurus] was not realized!
[01Sep2026 03:16:02.555] [main/WARN] [dev.architectury.registry.registries.forge.RegistrarManagerImpl/]: Registry entry listened Registry Entry [minecraft:item / fossil:parasaurolophus_dna] was not realized!
[01Sep2026 03:16:02.555] [main/WARN] [dev.architectury.registry.registries.forge.RegistrarManagerImpl/]: Registry entry listened Registry Entry [minecraft:item / fossil:egg_item_glow_squid] was not realized!
[01Sep2026 03:16:02.555] [main/WARN] [dev.architectury.registry.registries.forge.RegistrarManagerImpl/]: Registry entry listened Registry Entry [minecraft:item / fossil:bone_leg_tyrannosaurus] was not realized!
[01Sep2026 03:16:02.555] [main/WARN] [dev.architectury.registry.registries.forge.RegistrarManagerImpl/]: Registry entry listened Registry Entry [minecraft:item / fossil:meat_edaphosaurus] was not realized!
[01Sep2026 03:16:02.555] [main/WARN] [dev.architectury.registry.registries.forge.RegistrarManagerImpl/]: Registry entry listened Registry Entry [minecraft:item / fossil:bone_ribcage_ichthyosaurus] was not realized!
[01Sep2026 03:16:02.555] [main/WARN] [dev.architectury.registry.registries.forge.RegistrarManagerImpl/]: Registry entry listened Registry Entry [minecraft:item / fossil:bone_skull_kelenken] was not realized!
[01Sep2026 03:16:02.555] [main/WARN] [dev.architectury.registry.registries.forge.RegistrarManagerImpl/]: Registry entry listened Registry Entry [minecraft:item / fossil:egg_item_tyrannosaurus] was not realized!
[01Sep2026 03:16:02.555] [main/WARN] [dev.architectury.registry.registries.forge.RegistrarManagerImpl/]: Registry entry listened Registry Entry [minecraft:item / fossil:egg_item_parrot] was not realized!
[01Sep2026 03:16:02.555] [main/WARN] [dev.architectury.registry.registries.forge.RegistrarManagerImpl/]: Registry entry listened Registry Entry [minecraft:item / fossil:bone_tail_allosaurus] was not realized!
[01Sep2026 03:16:02.555] [main/WARN] [dev.architectury.registry.registries.forge.RegistrarManagerImpl/]: Registry entry listened Registry Entry [minecraft:item / fossil:spawn_egg_alligator_gar] was not realized!
[01Sep2026 03:16:02.555] [main/WARN] [dev.architectury.registry.registries.forge.RegistrarManagerImpl/]: Registry entry listened Registry Entry [minecraft:item / fossil:bucket_item_megalograptus] was not realized!
[01Sep2026 03:16:02.555] [main/WARN] [dev.architectury.registry.registries.forge.RegistrarManagerImpl/]: Registry entry listened Registry Entry [minecraft:item / fossil:bone_arm_platybelodon] was not realized!
[01Sep2026 03:16:02.555] [main/WARN] [dev.architectury.registry.registries.forge.RegistrarManagerImpl/]: Registry entry listened Registry Entry [minecraft:item / fossil:meat_tiktaalik] was not realized!
[01Sep2026 03:16:02.555] [main/WARN] [dev.architectury.registry.registries.forge.RegistrarManagerImpl/]: Registry entry listened Registry Entry [minecraft:item / fossil:spawn_egg_ichthyosaurus] was not realized!
[01Sep2026 03:16:02.555] [main/WARN] [dev.architectury.registry.registries.forge.RegistrarManagerImpl/]: Registry entry listened Registry Entry [minecraft:item / fossil:egg_item_postosuchus] was not realized!
[01Sep2026 03:16:02.555] [main/WARN] [dev.architectury.registry.registries.forge.RegistrarManagerImpl/]: Registry entry listened Registry Entry [minecraft:item / fossil:egg_item_kelenken] was not realized!
[01Sep2026 03:16:02.555] [main/WARN] [dev.architectury.registry.registries.forge.RegistrarManagerImpl/]: Registry entry listened Registry Entry [minecraft:item / fossil:spawn_egg_ceratosaurus] was not realized!
[01Sep2026 03:16:02.555] [main/WARN] [dev.architectury.registry.registries.forge.RegistrarManagerImpl/]: Registry entry listened Registry Entry [minecraft:item / fossil:bone_unique_pachyrhinosaurus] was not realized!
[01Sep2026 03:16:02.555] [main/WARN] [dev.architectury.registry.registries.forge.RegistrarManagerImpl/]: Registry entry listened Registry Entry [minecraft:item / fossil:syringe_sheep] was not realized!
[01Sep2026 03:16:02.555] [main/WARN] [dev.architectury.registry.registries.forge.RegistrarManagerImpl/]: Registry entry listened Registry Entry [minecraft:item / fossil:egg_item_pachyrhinosaurus] was not realized!
[01Sep2026 03:16:02.555] [main/WARN] [dev.architectury.registry.registries.forge.RegistrarManagerImpl/]: Registry entry listened Registry Entry [minecraft:item / fossil:egg_confuciusornis] was not realized!
[01Sep2026 03:16:02.555] [main/WARN] [dev.architectury.registry.registries.forge.RegistrarManagerImpl/]: Registry entry listened Registry Entry [minecraft:item / fossil:bone_tail_protoceratops] was not realized!
[01Sep2026 03:16:02.555] [main/WARN] [dev.architectury.registry.registries.forge.RegistrarManagerImpl/]: Registry entry listened Registry Entry [minecraft:item / fossil:diplocaulus_dna] was not realized!
[01Sep2026 03:16:02.555] [main/WARN] [dev.architectury.registry.registries.forge.RegistrarManagerImpl/]: Registry entry listened Registry Entry [minecraft:item / fossil:cooked_postosuchus] was not realized!
[01Sep2026 03:16:02.555] [main/WARN] [dev.architectury.registry.registries.forge.RegistrarManagerImpl/]: Registry entry listened Registry Entry [minecraft:item / fossil:deinonychus_dna] was not realized!
[01Sep2026 03:16:02.555] [main/WARN] [dev.architectury.registry.registries.forge.RegistrarManagerImpl/]: Registry entry listened Registry Entry [minecraft:item / fossil:cooked_ankylosaurus] was not realized!
[01Sep2026 03:16:02.555] [main/WARN] [dev.architectury.registry.registries.forge.RegistrarManagerImpl/]: Registry entry listened Registry Entry [minecraft:item / fossil:bone_skull_velociraptor] was not realized!
[01Sep2026 03:16:02.555] [main/WARN] [dev.architectury.registry.registries.forge.RegistrarManagerImpl/]: Registry entry listened Registry Entry [minecraft:item / fossil:cooked_sturgeon] was not realized!
[01Sep2026 03:16:02.555] [main/WARN] [dev.architectury.registry.registries.forge.RegistrarManagerImpl/]: Registry entry listened Registry Entry [minecraft:item / fossil:bone_vertebrae_psittacosaurus] was not realized!
[01Sep2026 03:16:02.555] [main/WARN] [dev.architectury.registry.registries.forge.RegistrarManagerImpl/]: Registry entry listened Registry Entry [minecraft:item / fossil:bucket_item_dicranurus] was not realized!
[01Sep2026 03:16:02.555] [main/WARN] [dev.architectury.registry.registries.forge.RegistrarManagerImpl/]: Registry entry listened Registry Entry [minecraft:item / fossil:bone_unique_phorusrhacos] was not realized!
[01Sep2026 03:16:02.555] [main/WARN] [dev.architectury.registry.registries.forge.RegistrarManagerImpl/]: Registry entry listened Registry Entry [minecraft:item / fossil:bone_ribcage_tiktaalik] was not realized!
[01Sep2026 03:16:02.555] [main/WARN] [dev.architectury.registry.registries.forge.RegistrarManagerImpl/]: Registry entry listened Registry Entry [minecraft:item / fossil:syringe_ocelot] was not realized!
[01Sep2026 03:16:02.555] [main/WARN] [dev.architectury.registry.registries.forge.RegistrarManagerImpl/]: Registry entry listened Registry Entry [minecraft:item / fossil:bone_tail_deinonychus] was not realized!
[01Sep2026 03:16:02.555] [main/WARN] [dev.architectury.registry.registries.forge.RegistrarManagerImpl/]: Registry entry listened Registry Entry [minecraft:item / fossil:bone_tail_stegosaurus] was not realized!
[01Sep2026 03:16:02.555] [main/WARN] [dev.architectury.registry.registries.forge.RegistrarManagerImpl/]: Registry entry listened Registry Entry [minecraft:item / fossil:dilophosaurus_dna] was not realized!
[01Sep2026 03:16:02.555] [main/WARN] [dev.architectury.registry.registries.forge.RegistrarManagerImpl/]: Registry entry listened Registry Entry [minecraft:item / fossil:bone_unique_plesiosaurus] was not realized!
[01Sep2026 03:16:02.555] [main/WARN] [dev.architectury.registry.registries.forge.RegistrarManagerImpl/]: Registry entry listened Registry Entry [minecraft:item / fossil:sarcosuchus_dna] was not realized!
[01Sep2026 03:16:02.555] [main/WARN] [dev.architectury.registry.registries.forge.RegistrarManagerImpl/]: Registry entry listened Registry Entry [minecraft:item / fossil:bone_ribcage_phorusrhacos] was not realized!
[01Sep2026 03:16:02.555] [main/WARN] [dev.architectury.registry.registries.forge.RegistrarManagerImpl/]: Registry entry listened Registry Entry [minecraft:item / fossil:bone_tail_dodo] was not realized!
[01Sep2026 03:16:02.555] [main/WARN] [dev.architectury.registry.registries.forge.RegistrarManagerImpl/]: Registry entry listened Registry Entry [minecraft:item / fossil:bone_foot_mosasaurus] was not realized!
[01Sep2026 03:16:02.555] [main/WARN] [dev.architectury.registry.registries.forge.RegistrarManagerImpl/]: Registry entry listened Registry Entry [minecraft:item / fossil:bone_skull_megaloceros] was not realized!
[01Sep2026 03:16:02.555] [main/WARN] [dev.architectury.registry.registries.forge.RegistrarManagerImpl/]: Registry entry listened Registry Entry [minecraft:item / fossil:bone_skull_tyrannosaurus] was not realized!
[01Sep2026 03:16:02.555] [main/WARN] [dev.architectury.registry.registries.forge.RegistrarManagerImpl/]: Registry entry listened Registry Entry [minecraft:item / fossil:bone_leg_phorusrhacos] was not realized!
[01Sep2026 03:16:02.555] [main/WARN] [dev.architectury.registry.registries.forge.RegistrarManagerImpl/]: Registry entry listened Registry Entry [minecraft:item / fossil:bone_ribcage_plesiosaurus] was not realized!
[01Sep2026 03:16:02.555] [main/WARN] [dev.architectury.registry.registries.forge.RegistrarManagerImpl/]: Registry entry listened Registry Entry [minecraft:item / fossil:cat_dna] was not realized!
[01Sep2026 03:16:02.555] [main/WARN] [dev.architectury.registry.registries.forge.RegistrarManagerImpl/]: Registry entry listened Registry Entry [minecraft:item / fossil:aquilolamna_dna] was not realized!
[01Sep2026 03:16:02.555] [main/WARN] [dev.architectury.registry.registries.forge.RegistrarManagerImpl/]: Registry entry listened Registry Entry [minecraft:item / fossil:bone_foot_spinosaurus] was not realized!
[01Sep2026 03:16:02.555] [main/WARN] [dev.architectury.registry.registries.forge.RegistrarManagerImpl/]: Registry entry listened Registry Entry [minecraft:item / fossil:bone_skull_parasaurolophus] was not realized!
[01Sep2026 03:16:02.555] [main/WARN] [dev.architectury.registry.registries.forge.RegistrarManagerImpl/]: Registry entry listened Registry Entry [minecraft:item / fossil:bone_tail_quagga] was not realized!
[01Sep2026 03:16:02.555] [main/WARN] [dev.architectury.registry.registries.forge.RegistrarManagerImpl/]: Registry entry listened Registry Entry [minecraft:item / fossil:bone_skull_smilodon] was not realized!
[01Sep2026 03:16:02.555] [main/WARN] [dev.architectury.registry.registries.forge.RegistrarManagerImpl/]: Registry entry listened Registry Entry [minecraft:item / fossil:egg_item_dimorphodon] was not realized!
[01Sep2026 03:16:02.556] [main/WARN] [dev.architectury.registry.registries.forge.RegistrarManagerImpl/]: Registry entry listened Registry Entry [minecraft:item / fossil:bone_skull_ichthyosaurus] was not realized!
[01Sep2026 03:16:02.556] [main/WARN] [dev.architectury.registry.registries.forge.RegistrarManagerImpl/]: Registry entry listened Registry Entry [minecraft:item / fossil:bone_skull_platybelodon] was not realized!
[01Sep2026 03:16:02.556] [main/WARN] [dev.architectury.registry.registries.forge.RegistrarManagerImpl/]: Registry entry listened Registry Entry [minecraft:item / fossil:pachyrhinosaurus_dna] was not realized!
[01Sep2026 03:16:02.556] [main/WARN] [dev.architectury.registry.registries.forge.RegistrarManagerImpl/]: Registry entry listened Registry Entry [minecraft:item / fossil:egg_item_meganeura] was not realized!
[01Sep2026 03:16:02.556] [main/WARN] [dev.architectury.registry.registries.forge.RegistrarManagerImpl/]: Registry entry listened Registry Entry [minecraft:item / fossil:bone_arm_stegosaurus] was not realized!
[01Sep2026 03:16:02.556] [main/WARN] [dev.architectury.registry.registries.forge.RegistrarManagerImpl/]: Registry entry listened Registry Entry [minecraft:item / fossil:spawn_egg_henodus] was not realized!
[01Sep2026 03:16:02.556] [main/WARN] [dev.architectury.registry.registries.forge.RegistrarManagerImpl/]: Registry entry listened Registry Entry [minecraft:item / fossil:spawn_egg_brachiosaurus] was not realized!
[01Sep2026 03:16:02.556] [main/WARN] [dev.architectury.registry.registries.forge.RegistrarManagerImpl/]: Registry entry listened Registry Entry [minecraft:item / fossil:bone_arm_ichthyosaurus] was not realized!
[01Sep2026 03:16:02.556] [main/WARN] [dev.architectury.registry.registries.forge.RegistrarManagerImpl/]: Registry entry listened Registry Entry [minecraft:item / fossil:egg_item_mosasaurus] was not realized!
[01Sep2026 03:16:02.556] [main/WARN] [dev.architectury.registry.registries.forge.RegistrarManagerImpl/]: Registry entry listened Registry Entry [minecraft:item / fossil:egg_item_sturgeon] was not realized!
[01Sep2026 03:16:02.556] [main/WARN] [dev.architectury.registry.registries.forge.RegistrarManagerImpl/]: Registry entry listened Registry Entry [minecraft:item / fossil:bone_ribcage_crassigyrinus] was not realized!
[01Sep2026 03:16:02.556] [main/WARN] [dev.architectury.registry.registries.forge.RegistrarManagerImpl/]: Registry entry listened Registry Entry [minecraft:item / fossil:egg_titanis] was not realized!
[01Sep2026 03:16:02.556] [main/WARN] [dev.architectury.registry.registries.forge.RegistrarManagerImpl/]: Registry entry listened Registry Entry [minecraft:item / fossil:gastornis_dna] was not realized!
[01Sep2026 03:16:02.556] [main/WARN] [dev.architectury.registry.registries.forge.RegistrarManagerImpl/]: Registry entry listened Registry Entry [minecraft:item / fossil:meat_postosuchus] was not realized!
[01Sep2026 03:16:02.556] [main/WARN] [dev.architectury.registry.registries.forge.RegistrarManagerImpl/]: Registry entry listened Registry Entry [minecraft:item / fossil:spawn_egg_megalograptus] was not realized!
[01Sep2026 03:16:02.556] [main/WARN] [dev.architectury.registry.registries.forge.RegistrarManagerImpl/]: Registry entry listened Registry Entry [minecraft:item / fossil:therizinosaurus_dna] was not realized!
[01Sep2026 03:16:02.556] [main/WARN] [dev.architectury.registry.registries.forge.RegistrarManagerImpl/]: Registry entry listened Registry Entry [minecraft:item / fossil:bone_vertebrae_gastornis] was not realized!
[01Sep2026 03:16:02.556] [main/WARN] [dev.architectury.registry.registries.forge.RegistrarManagerImpl/]: Registry entry listened Registry Entry [minecraft:item / fossil:bone_foot_henodus] was not realized!
[01Sep2026 03:16:02.556] [main/WARN] [dev.architectury.registry.registries.forge.RegistrarManagerImpl/]: Registry entry listened Registry Entry [minecraft:item / fossil:bone_tail_gallimimus] was not realized!
[01Sep2026 03:16:02.556] [main/WARN] [dev.architectury.registry.registries.forge.RegistrarManagerImpl/]: Registry entry listened Registry Entry [minecraft:item / fossil:protoceratops_dna] was not realized!
[01Sep2026 03:16:02.556] [main/WARN] [dev.architectury.registry.registries.forge.RegistrarManagerImpl/]: Registry entry listened Registry Entry [minecraft:item / fossil:bone_ribcage_ceratosaurus] was not realized!
[01Sep2026 03:16:02.556] [main/WARN] [dev.architectury.registry.registries.forge.RegistrarManagerImpl/]: Registry entry listened Registry Entry [minecraft:item / fossil:egg_item_velociraptor] was not realized!
[01Sep2026 03:16:02.556] [main/WARN] [dev.architectury.registry.registries.forge.RegistrarManagerImpl/]: Registry entry listened Registry Entry [minecraft:item / fossil:spawn_egg_diplocaulus] was not realized!
[01Sep2026 03:16:02.556] [main/WARN] [dev.architectury.registry.registries.forge.RegistrarManagerImpl/]: Registry entry listened Registry Entry [minecraft:item / fossil:bone_arm_mosasaurus] was not realized!
[01Sep2026 03:16:02.556] [main/WARN] [dev.architectury.registry.registries.forge.RegistrarManagerImpl/]: Registry entry listened Registry Entry [minecraft:item / fossil:cooked_compsognathus] was not realized!
[01Sep2026 03:16:02.556] [main/WARN] [dev.architectury.registry.registries.forge.RegistrarManagerImpl/]: Registry entry listened Registry Entry [minecraft:item / fossil:cooked_nautilus] was not realized!
[01Sep2026 03:16:02.556] [main/WARN] [dev.architectury.registry.registries.forge.RegistrarManagerImpl/]: Registry entry listened Registry Entry [minecraft:item / fossil:syringe_elasmotherium] was not realized!
[01Sep2026 03:16:02.556] [main/WARN] [dev.architectury.registry.registries.forge.RegistrarManagerImpl/]: Registry entry listened Registry Entry [minecraft:item / fossil:egg_item_protoceratops] was not realized!
[01Sep2026 03:16:02.556] [main/WARN] [dev.architectury.registry.registries.forge.RegistrarManagerImpl/]: Registry entry listened Registry Entry [minecraft:item / fossil:bone_unique_diplodocus] was not realized!
[01Sep2026 03:16:02.556] [main/WARN] [dev.architectury.registry.registries.forge.RegistrarManagerImpl/]: Registry entry listened Registry Entry [minecraft:item / fossil:bone_ribcage_mammoth] was not realized!
[01Sep2026 03:16:02.556] [main/WARN] [dev.architectury.registry.registries.forge.RegistrarManagerImpl/]: Registry entry listened Registry Entry [minecraft:item / fossil:syringe_goat] was not realized!
[01Sep2026 03:16:02.556] [main/WARN] [dev.architectury.registry.registries.forge.RegistrarManagerImpl/]: Registry entry listened Registry Entry [minecraft:item / fossil:bone_arm_liopleurodon] was not realized!
[01Sep2026 03:16:02.556] [main/WARN] [dev.architectury.registry.registries.forge.RegistrarManagerImpl/]: Registry entry listened Registry Entry [minecraft:item / fossil:lonchodomas_dna] was not realized!
[01Sep2026 03:16:02.556] [main/WARN] [dev.architectury.registry.registries.forge.RegistrarManagerImpl/]: Registry entry listened Registry Entry [minecraft:item / fossil:spawn_egg_megaloceros] was not realized!
[01Sep2026 03:16:02.556] [main/WARN] [dev.architectury.registry.registries.forge.RegistrarManagerImpl/]: Registry entry listened Registry Entry [minecraft:item / fossil:egg_gastornis] was not realized!
[01Sep2026 03:16:02.556] [main/WARN] [dev.architectury.registry.registries.forge.RegistrarManagerImpl/]: Registry entry listened Registry Entry [minecraft:item / fossil:spawn_egg_mosasaurus] was not realized!
[01Sep2026 03:16:02.556] [main/WARN] [dev.architectury.registry.registries.forge.RegistrarManagerImpl/]: Registry entry listened Registry Entry [minecraft:item / fossil:bucket_item_alligator_gar] was not realized!
[01Sep2026 03:16:02.556] [main/WARN] [dev.architectury.registry.registries.forge.RegistrarManagerImpl/]: Registry entry listened Registry Entry [minecraft:item / fossil:cooked_dimorphodon] was not realized!
[01Sep2026 03:16:02.556] [main/WARN] [dev.architectury.registry.registries.forge.RegistrarManagerImpl/]: Registry entry listened Registry Entry [minecraft:item / fossil:bone_arm_tyrannosaurus] was not realized!
[01Sep2026 03:16:02.556] [main/WARN] [dev.architectury.registry.registries.forge.RegistrarManagerImpl/]: Registry entry listened Registry Entry [minecraft:item / fossil:brachiosaurus_dna] was not realized!
[01Sep2026 03:16:02.556] [main/WARN] [dev.architectury.registry.registries.forge.RegistrarManagerImpl/]: Registry entry listened Registry Entry [minecraft:item / fossil:bone_leg_plesiosaurus] was not realized!
[01Sep2026 03:16:02.556] [main/WARN] [dev.architectury.registry.registries.forge.RegistrarManagerImpl/]: Registry entry listened Registry Entry [minecraft:item / fossil:bone_foot_compsognathus] was not realized!
[01Sep2026 03:16:02.556] [main/WARN] [dev.architectury.registry.registries.forge.RegistrarManagerImpl/]: Registry entry listened Registry Entry [minecraft:item / fossil:egg_item_brachiosaurus] was not realized!
[01Sep2026 03:16:02.556] [main/WARN] [dev.architectury.registry.registries.forge.RegistrarManagerImpl/]: Registry entry listened Registry Entry [minecraft:item / fossil:bone_unique_dodo] was not realized!
[01Sep2026 03:16:02.556] [main/WARN] [dev.architectury.registry.registries.forge.RegistrarManagerImpl/]: Registry entry listened Registry Entry [minecraft:item / fossil:meat_mosasaurus] was not realized!
[01Sep2026 03:16:02.556] [main/WARN] [dev.architectury.registry.registries.forge.RegistrarManagerImpl/]: Registry entry listened Registry Entry [minecraft:item / fossil:bone_unique_mosasaurus] was not realized!
[01Sep2026 03:16:02.556] [main/WARN] [dev.architectury.registry.registries.forge.RegistrarManagerImpl/]: Registry entry listened Registry Entry [minecraft:item / fossil:meat_stegosaurus] was not realized!
[01Sep2026 03:16:02.556] [main/WARN] [dev.architectury.registry.registries.forge.RegistrarManagerImpl/]: Registry entry listened Registry Entry [minecraft:item / fossil:bone_tail_ichthyosaurus] was not realized!
[01Sep2026 03:16:02.556] [main/WARN] [dev.architectury.registry.registries.forge.RegistrarManagerImpl/]: Registry entry listened Registry Entry [minecraft:item / fossil:bone_foot_gastornis] was not realized!
[01Sep2026 03:16:02.556] [main/WARN] [dev.architectury.registry.registries.forge.RegistrarManagerImpl/]: Registry entry listened Registry Entry [minecraft:item / fossil:bone_ribcage_dimetrodon] was not realized!
[01Sep2026 03:16:02.556] [main/WARN] [dev.architectury.registry.registries.forge.RegistrarManagerImpl/]: Registry entry listened Registry Entry [minecraft:item / fossil:megaloceros_dna] was not realized!
[01Sep2026 03:16:02.556] [main/WARN] [dev.architectury.registry.registries.forge.RegistrarManagerImpl/]: Registry entry listened Registry Entry [minecraft:item / fossil:bone_foot_plesiosaurus] was not realized!
[01Sep2026 03:16:02.557] [main/WARN] [dev.architectury.registry.registries.forge.RegistrarManagerImpl/]: Registry entry listened Registry Entry [minecraft:item / fossil:cooked_liopleurodon] was not realized!
[01Sep2026 03:16:02.557] [main/WARN] [dev.architectury.registry.registries.forge.RegistrarManagerImpl/]: Registry entry listened Registry Entry [minecraft:item / fossil:scotoharpes_dna] was not realized!
[01Sep2026 03:16:02.557] [main/WARN] [dev.architectury.registry.registries.forge.RegistrarManagerImpl/]: Registry entry listened Registry Entry [minecraft:item / fossil:spawn_egg_citipati] was not realized!
[01Sep2026 03:16:02.557] [main/WARN] [dev.architectury.registry.registries.forge.RegistrarManagerImpl/]: Registry entry listened Registry Entry [minecraft:item / fossil:bone_vertebrae_plesiosaurus] was not realized!
[01Sep2026 03:16:02.557] [main/WARN] [dev.architectury.registry.registries.forge.RegistrarManagerImpl/]: Registry entry listened Registry Entry [minecraft:item / fossil:cooked_psittacosaurus] was not realized!
[01Sep2026 03:16:02.557] [main/WARN] [dev.architectury.registry.registries.forge.RegistrarManagerImpl/]: Registry entry listened Registry Entry [minecraft:item / fossil:meat_psittacosaurus] was not realized!
[01Sep2026 03:16:02.557] [main/WARN] [dev.architectury.registry.registries.forge.RegistrarManagerImpl/]: Registry entry listened Registry Entry [minecraft:item / fossil:bone_vertebrae_dilophosaurus] was not realized!
[01Sep2026 03:16:02.557] [main/WARN] [dev.architectury.registry.registries.forge.RegistrarManagerImpl/]: Registry entry listened Registry Entry [minecraft:item / fossil:bone_foot_megalania] was not realized!
[01Sep2026 03:16:02.557] [main/WARN] [dev.architectury.registry.registries.forge.RegistrarManagerImpl/]: Registry entry listened Registry Entry [minecraft:item / fossil:egg_item_dimetrodon] was not realized!
[01Sep2026 03:16:02.557] [main/WARN] [dev.architectury.registry.registries.forge.RegistrarManagerImpl/]: Registry entry listened Registry Entry [minecraft:item / fossil:syringe_horse] was not realized!
[01Sep2026 03:16:02.557] [main/WARN] [dev.architectury.registry.registries.forge.RegistrarManagerImpl/]: Registry entry listened Registry Entry [minecraft:item / fossil:bone_tail_megalania] was not realized!
[01Sep2026 03:16:02.557] [main/WARN] [dev.architectury.registry.registries.forge.RegistrarManagerImpl/]: Registry entry listened Registry Entry [minecraft:item / fossil:bone_vertebrae_titanis] was not realized!
[01Sep2026 03:16:02.557] [main/WARN] [dev.architectury.registry.registries.forge.RegistrarManagerImpl/]: Registry entry listened Registry Entry [minecraft:item / fossil:bone_tail_gastornis] was not realized!
[01Sep2026 03:16:02.557] [main/WARN] [dev.architectury.registry.registries.forge.RegistrarManagerImpl/]: Registry entry listened Registry Entry [minecraft:item / fossil:bone_unique_allosaurus] was not realized!
[01Sep2026 03:16:02.557] [main/WARN] [dev.architectury.registry.registries.forge.RegistrarManagerImpl/]: Registry entry listened Registry Entry [minecraft:item / fossil:bone_leg_ichthyosaurus] was not realized!
[01Sep2026 03:16:02.557] [main/WARN] [dev.architectury.registry.registries.forge.RegistrarManagerImpl/]: Registry entry listened Registry Entry [minecraft:item / fossil:bone_ribcage_spinosaurus] was not realized!
[01Sep2026 03:16:02.557] [main/WARN] [dev.architectury.registry.registries.forge.RegistrarManagerImpl/]: Registry entry listened Registry Entry [minecraft:item / fossil:bone_arm_dimetrodon] was not realized!
[01Sep2026 03:16:02.557] [main/WARN] [dev.architectury.registry.registries.forge.RegistrarManagerImpl/]: Registry entry listened Registry Entry [minecraft:item / fossil:meat_pachyrhinosaurus] was not realized!
[01Sep2026 03:16:02.557] [main/WARN] [dev.architectury.registry.registries.forge.RegistrarManagerImpl/]: Registry entry listened Registry Entry [minecraft:item / fossil:syringe_llama] was not realized!
[01Sep2026 03:16:02.557] [main/WARN] [dev.architectury.registry.registries.forge.RegistrarManagerImpl/]: Registry entry listened Registry Entry [minecraft:item / fossil:meat_allosaurus] was not realized!
[01Sep2026 03:16:02.557] [main/WARN] [dev.architectury.registry.registries.forge.RegistrarManagerImpl/]: Registry entry listened Registry Entry [minecraft:item / fossil:spawn_egg_coelacanth] was not realized!
[01Sep2026 03:16:02.557] [main/WARN] [dev.architectury.registry.registries.forge.RegistrarManagerImpl/]: Registry entry listened Registry Entry [minecraft:item / fossil:bone_skull_protoceratops] was not realized!
[01Sep2026 03:16:02.557] [main/WARN] [dev.architectury.registry.registries.forge.RegistrarManagerImpl/]: Registry entry listened Registry Entry [minecraft:item / fossil:ceratosaurus_dna] was not realized!
[01Sep2026 03:16:02.557] [main/WARN] [dev.architectury.registry.registries.forge.RegistrarManagerImpl/]: Registry entry listened Registry Entry [minecraft:item / fossil:bone_ribcage_citipati] was not realized!
[01Sep2026 03:16:02.557] [main/WARN] [dev.architectury.registry.registries.forge.RegistrarManagerImpl/]: Registry entry listened Registry Entry [minecraft:item / fossil:bone_tail_smilodon] was not realized!
[01Sep2026 03:16:02.557] [main/WARN] [dev.architectury.registry.registries.forge.RegistrarManagerImpl/]: Registry entry listened Registry Entry [minecraft:item / fossil:bone_foot_therizinosaurus] was not realized!
[01Sep2026 03:16:02.557] [main/WARN] [dev.architectury.registry.registries.forge.RegistrarManagerImpl/]: Registry entry listened Registry Entry [minecraft:item / fossil:bone_arm_deinonychus] was not realized!
[01Sep2026 03:16:02.557] [main/WARN] [dev.architectury.registry.registries.forge.RegistrarManagerImpl/]: Registry entry listened Registry Entry [minecraft:item / fossil:bone_foot_brachiosaurus] was not realized!
[01Sep2026 03:16:02.557] [main/WARN] [dev.architectury.registry.registries.forge.RegistrarManagerImpl/]: Registry entry listened Registry Entry [minecraft:item / fossil:cooked_henodus] was not realized!
[01Sep2026 03:16:02.557] [main/WARN] [dev.architectury.registry.registries.forge.RegistrarManagerImpl/]: Registry entry listened Registry Entry [minecraft:item / fossil:bone_tail_edaphosaurus] was not realized!
[01Sep2026 03:16:02.557] [main/WARN] [dev.architectury.registry.registries.forge.RegistrarManagerImpl/]: Registry entry listened Registry Entry [minecraft:item / fossil:egg_item_axolotl] was not realized!
[01Sep2026 03:16:02.557] [main/WARN] [dev.architectury.registry.registries.forge.RegistrarManagerImpl/]: Registry entry listened Registry Entry [minecraft:item / fossil:bucket_item_aquilolamna] was not realized!
[01Sep2026 03:16:02.557] [main/WARN] [dev.architectury.registry.registries.forge.RegistrarManagerImpl/]: Registry entry listened Registry Entry [minecraft:item / fossil:bone_unique_sarcosuchus] was not realized!
[01Sep2026 03:16:02.557] [main/WARN] [dev.architectury.registry.registries.forge.RegistrarManagerImpl/]: Registry entry listened Registry Entry [minecraft:item / fossil:bone_skull_phorusrhacos] was not realized!
[01Sep2026 03:16:02.557] [main/WARN] [dev.architectury.registry.registries.forge.RegistrarManagerImpl/]: Registry entry listened Registry Entry [minecraft:item / fossil:bone_unique_parasaurolophus] was not realized!
[01Sep2026 03:16:02.557] [main/WARN] [dev.architectury.registry.registries.forge.RegistrarManagerImpl/]: Registry entry listened Registry Entry [minecraft:item / fossil:bone_tail_mammoth] was not realized!
[01Sep2026 03:16:02.557] [main/WARN] [dev.architectury.registry.registries.forge.RegistrarManagerImpl/]: Registry entry listened Registry Entry [minecraft:item / fossil:meat_ankylosaurus] was not realized!
[01Sep2026 03:16:02.557] [main/WARN] [dev.architectury.registry.registries.forge.RegistrarManagerImpl/]: Registry entry listened Registry Entry [minecraft:item / fossil:bone_vertebrae_henodus] was not realized!
[01Sep2026 03:16:02.557] [main/WARN] [dev.architectury.registry.registries.forge.RegistrarManagerImpl/]: Registry entry listened Registry Entry [minecraft:item / fossil:syringe_bat] was not realized!
[01Sep2026 03:16:02.557] [main/WARN] [dev.architectury.registry.registries.forge.RegistrarManagerImpl/]: Registry entry listened Registry Entry [minecraft:item / fossil:bone_leg_therizinosaurus] was not realized!
[01Sep2026 03:16:02.557] [main/WARN] [dev.architectury.registry.registries.forge.RegistrarManagerImpl/]: Registry entry listened Registry Entry [minecraft:item / fossil:egg_item_nautilus] was not realized!
[01Sep2026 03:16:02.557] [main/WARN] [dev.architectury.registry.registries.forge.RegistrarManagerImpl/]: Registry entry listened Registry Entry [minecraft:item / fossil:cooked_stegosaurus] was not realized!
[01Sep2026 03:16:02.557] [main/WARN] [dev.architectury.registry.registries.forge.RegistrarManagerImpl/]: Registry entry listened Registry Entry [minecraft:item / fossil:henodus_dna] was not realized!
[01Sep2026 03:16:02.557] [main/WARN] [dev.architectury.registry.registries.forge.RegistrarManagerImpl/]: Registry entry listened Registry Entry [minecraft:item / fossil:cooked_pachyrhinosaurus] was not realized!
[01Sep2026 03:16:02.557] [main/WARN] [dev.architectury.registry.registries.forge.RegistrarManagerImpl/]: Registry entry listened Registry Entry [minecraft:item / fossil:bone_leg_spinosaurus] was not realized!
[01Sep2026 03:16:02.557] [main/WARN] [dev.architectury.registry.registries.forge.RegistrarManagerImpl/]: Registry entry listened Registry Entry [minecraft:item / fossil:plesiosaurus_dna] was not realized!
[01Sep2026 03:16:02.557] [main/WARN] [dev.architectury.registry.registries.forge.RegistrarManagerImpl/]: Registry entry listened Registry Entry [minecraft:item / fossil:spawn_egg_dilophosaurus] was not realized!
[01Sep2026 03:16:02.557] [main/WARN] [dev.architectury.registry.registries.forge.RegistrarManagerImpl/]: Registry entry listened Registry Entry [minecraft:item / fossil:bone_vertebrae_dimorphodon] was not realized!
[01Sep2026 03:16:02.557] [main/WARN] [dev.architectury.registry.registries.forge.RegistrarManagerImpl/]: Registry entry listened Registry Entry [minecraft:item / fossil:sniffer_dna] was not realized!
[01Sep2026 03:16:02.557] [main/WARN] [dev.architectury.registry.registries.forge.RegistrarManagerImpl/]: Registry entry listened Registry Entry [minecraft:item / fossil:meat_dryosaurus] was not realized!
[01Sep2026 03:16:02.557] [main/WARN] [dev.architectury.registry.registries.forge.RegistrarManagerImpl/]: Registry entry listened Registry Entry [minecraft:item / fossil:bone_skull_pachycephalosaurus] was not realized!
[01Sep2026 03:16:02.557] [main/WARN] [dev.architectury.registry.registries.forge.RegistrarManagerImpl/]: Registry entry listened Registry Entry [minecraft:item / fossil:meat_mammoth] was not realized!
[01Sep2026 03:16:02.557] [main/WARN] [dev.architectury.registry.registries.forge.RegistrarManagerImpl/]: Registry entry listened Registry Entry [minecraft:item / fossil:bone_ribcage_quetzalcoatlus] was not realized!
[01Sep2026 03:16:02.558] [main/WARN] [dev.architectury.registry.registries.forge.RegistrarManagerImpl/]: Registry entry listened Registry Entry [minecraft:item / fossil:egg_item_megalograptus] was not realized!
[01Sep2026 03:16:02.558] [main/WARN] [dev.architectury.registry.registries.forge.RegistrarManagerImpl/]: Registry entry listened Registry Entry [minecraft:item / fossil:bone_leg_smilodon] was not realized!
[01Sep2026 03:16:02.558] [main/WARN] [dev.architectury.registry.registries.forge.RegistrarManagerImpl/]: Registry entry listened Registry Entry [minecraft:item / fossil:egg_item_stegosaurus] was not realized!
[01Sep2026 03:16:02.558] [main/WARN] [dev.architectury.registry.registries.forge.RegistrarManagerImpl/]: Registry entry listened Registry Entry [minecraft:item / fossil:bone_skull_spinosaurus] was not realized!
[01Sep2026 03:16:02.558] [main/WARN] [dev.architectury.registry.registries.forge.RegistrarManagerImpl/]: Registry entry listened Registry Entry [minecraft:item / fossil:bone_leg_mammoth] was not realized!
[01Sep2026 03:16:02.558] [main/WARN] [dev.architectury.registry.registries.forge.RegistrarManagerImpl/]: Registry entry listened Registry Entry [minecraft:item / fossil:bone_ribcage_ankylosaurus] was not realized!
[01Sep2026 03:16:02.558] [main/WARN] [dev.architectury.registry.registries.forge.RegistrarManagerImpl/]: Registry entry listened Registry Entry [minecraft:item / fossil:bone_foot_dilophosaurus] was not realized!
[01Sep2026 03:16:02.558] [main/WARN] [dev.architectury.registry.registries.forge.RegistrarManagerImpl/]: Registry entry listened Registry Entry [minecraft:item / fossil:egg_item_parasaurolophus] was not realized!
[01Sep2026 03:16:02.558] [main/WARN] [dev.architectury.registry.registries.forge.RegistrarManagerImpl/]: Registry entry listened Registry Entry [minecraft:item / fossil:bone_ribcage_ornitholestes] was not realized!
[01Sep2026 03:16:02.558] [main/WARN] [dev.architectury.registry.registries.forge.RegistrarManagerImpl/]: Registry entry listened Registry Entry [minecraft:item / fossil:meat_protoceratops] was not realized!
[01Sep2026 03:16:02.558] [main/WARN] [dev.architectury.registry.registries.forge.RegistrarManagerImpl/]: Registry entry listened Registry Entry [minecraft:item / fossil:meat_coelacanth] was not realized!
[01Sep2026 03:16:02.558] [main/WARN] [dev.architectury.registry.registries.forge.RegistrarManagerImpl/]: Registry entry listened Registry Entry [minecraft:item / fossil:bone_unique_smilodon] was not realized!
[01Sep2026 03:16:02.558] [main/WARN] [dev.architectury.registry.registries.forge.RegistrarManagerImpl/]: Registry entry listened Registry Entry [minecraft:item / fossil:meat_parasaurolophus] was not realized!
[01Sep2026 03:16:02.558] [main/WARN] [dev.architectury.registry.registries.forge.RegistrarManagerImpl/]: Registry entry listened Registry Entry [minecraft:item / fossil:meat_arthropleura] was not realized!
[01Sep2026 03:16:02.558] [main/WARN] [dev.architectury.registry.registries.forge.RegistrarManagerImpl/]: Registry entry listened Registry Entry [minecraft:item / fossil:spawn_egg_parasaurolophus] was not realized!
[01Sep2026 03:16:02.558] [main/WARN] [dev.architectury.registry.registries.forge.RegistrarManagerImpl/]: Registry entry listened Registry Entry [minecraft:item / fossil:bone_unique_kelenken] was not realized!
[01Sep2026 03:16:02.558] [main/WARN] [dev.architectury.registry.registries.forge.RegistrarManagerImpl/]: Registry entry listened Registry Entry [minecraft:item / fossil:bone_leg_diplodocus] was not realized!
[01Sep2026 03:16:02.558] [main/WARN] [dev.architectury.registry.registries.forge.RegistrarManagerImpl/]: Registry entry listened Registry Entry [minecraft:item / fossil:bone_tail_spinosaurus] was not realized!
[01Sep2026 03:16:02.558] [main/WARN] [dev.architectury.registry.registries.forge.RegistrarManagerImpl/]: Registry entry listened Registry Entry [minecraft:item / fossil:meat_henodus] was not realized!
[01Sep2026 03:16:02.558] [main/WARN] [dev.architectury.registry.registries.forge.RegistrarManagerImpl/]: Registry entry listened Registry Entry [minecraft:item / fossil:bone_tail_ceratosaurus] was not realized!
[01Sep2026 03:16:02.558] [main/WARN] [dev.architectury.registry.registries.forge.RegistrarManagerImpl/]: Registry entry listened Registry Entry [minecraft:item / fossil:cooked_tyrannosaurus] was not realized!
[01Sep2026 03:16:02.558] [main/WARN] [dev.architectury.registry.registries.forge.RegistrarManagerImpl/]: Registry entry listened Registry Entry [minecraft:item / fossil:bone_vertebrae_phorusrhacos] was not realized!
[01Sep2026 03:16:02.558] [main/WARN] [dev.architectury.registry.registries.forge.RegistrarManagerImpl/]: Registry entry listened Registry Entry [minecraft:item / fossil:cooked_gastornis] was not realized!
[01Sep2026 03:16:02.558] [main/WARN] [dev.architectury.registry.registries.forge.RegistrarManagerImpl/]: Registry entry listened Registry Entry [minecraft:item / fossil:bone_skull_dimorphodon] was not realized!
[01Sep2026 03:16:02.558] [main/WARN] [dev.architectury.registry.registries.forge.RegistrarManagerImpl/]: Registry entry listened Registry Entry [minecraft:item / fossil:syringe_fox] was not realized!
[01Sep2026 03:16:02.558] [main/WARN] [dev.architectury.registry.registries.forge.RegistrarManagerImpl/]: Registry entry listened Registry Entry [minecraft:item / fossil:bucket_item_plesiosaurus] was not realized!
[01Sep2026 03:16:02.558] [main/WARN] [dev.architectury.registry.registries.forge.RegistrarManagerImpl/]: Registry entry listened Registry Entry [minecraft:item / fossil:spawn_egg_lonchodomas] was not realized!
[01Sep2026 03:16:02.558] [main/WARN] [dev.architectury.registry.registries.forge.RegistrarManagerImpl/]: Registry entry listened Registry Entry [minecraft:item / fossil:bone_ribcage_kelenken] was not realized!
[01Sep2026 03:16:02.558] [main/WARN] [dev.architectury.registry.registries.forge.RegistrarManagerImpl/]: Registry entry listened Registry Entry [minecraft:item / fossil:crassigyrinus_dna] was not realized!
[01Sep2026 03:16:02.558] [main/WARN] [dev.architectury.registry.registries.forge.RegistrarManagerImpl/]: Registry entry listened Registry Entry [minecraft:item / fossil:bone_vertebrae_brachiosaurus] was not realized!
[01Sep2026 03:16:02.558] [main/WARN] [dev.architectury.registry.registries.forge.RegistrarManagerImpl/]: Registry entry listened Registry Entry [minecraft:item / fossil:bone_vertebrae_dryosaurus] was not realized!
[01Sep2026 03:16:02.558] [main/WARN] [dev.architectury.registry.registries.forge.RegistrarManagerImpl/]: Registry entry listened Registry Entry [minecraft:item / fossil:bone_arm_spinosaurus] was not realized!
[01Sep2026 03:16:02.558] [main/WARN] [dev.architectury.registry.registries.forge.RegistrarManagerImpl/]: Registry entry listened Registry Entry [minecraft:item / fossil:bone_vertebrae_pachycephalosaurus] was not realized!
[01Sep2026 03:16:02.558] [main/WARN] [dev.architectury.registry.registries.forge.RegistrarManagerImpl/]: Registry entry listened Registry Entry [minecraft:item / fossil:bone_ribcage_parasaurolophus] was not realized!
[01Sep2026 03:16:02.558] [main/WARN] [dev.architectury.registry.registries.forge.RegistrarManagerImpl/]: Registry entry listened Registry Entry [minecraft:item / fossil:egg_item_squid] was not realized!
[01Sep2026 03:16:02.558] [main/WARN] [dev.architectury.registry.registries.forge.RegistrarManagerImpl/]: Registry entry listened Registry Entry [minecraft:item / fossil:egg_item_ornitholestes] was not realized!
[01Sep2026 03:16:02.558] [main/WARN] [dev.architectury.registry.registries.forge.RegistrarManagerImpl/]: Registry entry listened Registry Entry [minecraft:item / fossil:spawn_egg_spinosaurus] was not realized!
[01Sep2026 03:16:02.558] [main/WARN] [dev.architectury.registry.registries.forge.RegistrarManagerImpl/]: Registry entry listened Registry Entry [minecraft:item / fossil:bucket_item_diplocaulus] was not realized!
[01Sep2026 03:16:02.558] [main/WARN] [dev.architectury.registry.registries.forge.RegistrarManagerImpl/]: Registry entry listened Registry Entry [minecraft:item / fossil:tiktaalik_dna] was not realized!
[01Sep2026 03:16:02.558] [main/WARN] [dev.architectury.registry.registries.forge.RegistrarManagerImpl/]: Registry entry listened Registry Entry [minecraft:item / fossil:bone_arm_quetzalcoatlus] was not realized!
[01Sep2026 03:16:02.558] [main/WARN] [dev.architectury.registry.registries.forge.RegistrarManagerImpl/]: Registry entry listened Registry Entry [minecraft:item / fossil:cooked_dodo] was not realized!
[01Sep2026 03:16:02.558] [main/WARN] [dev.architectury.registry.registries.forge.RegistrarManagerImpl/]: Registry entry listened Registry Entry [minecraft:item / fossil:bone_unique_megalodon] was not realized!
[01Sep2026 03:16:02.558] [main/WARN] [dev.architectury.registry.registries.forge.RegistrarManagerImpl/]: Registry entry listened Registry Entry [minecraft:item / fossil:meat_ornitholestes] was not realized!
[01Sep2026 03:16:02.558] [main/WARN] [dev.architectury.registry.registries.forge.RegistrarManagerImpl/]: Registry entry listened Registry Entry [minecraft:item / fossil:bone_skull_ceratosaurus] was not realized!
[01Sep2026 03:16:02.558] [main/WARN] [dev.architectury.registry.registries.forge.RegistrarManagerImpl/]: Registry entry listened Registry Entry [minecraft:item / fossil:meat_megalodon] was not realized!
[01Sep2026 03:16:02.558] [main/WARN] [dev.architectury.registry.registries.forge.RegistrarManagerImpl/]: Registry entry listened Registry Entry [minecraft:item / fossil:diplodocus_dna] was not realized!
[01Sep2026 03:16:02.558] [main/WARN] [dev.architectury.registry.registries.forge.RegistrarManagerImpl/]: Registry entry listened Registry Entry [minecraft:item / fossil:tropical_fish_dna] was not realized!
[01Sep2026 03:16:02.558] [main/WARN] [dev.architectury.registry.registries.forge.RegistrarManagerImpl/]: Registry entry listened Registry Entry [minecraft:item / fossil:spawn_egg_meganeura] was not realized!
[01Sep2026 03:16:02.558] [main/WARN] [dev.architectury.registry.registries.forge.RegistrarManagerImpl/]: Registry entry listened Registry Entry [minecraft:item / fossil:egg_item_dicranurus] was not realized!
[01Sep2026 03:16:02.558] [main/WARN] [dev.architectury.registry.registries.forge.RegistrarManagerImpl/]: Registry entry listened Registry Entry [minecraft:item / fossil:cooked_dilophosaurus] was not realized!
[01Sep2026 03:16:02.559] [main/WARN] [dev.architectury.registry.registries.forge.RegistrarManagerImpl/]: Registry entry listened Registry Entry [minecraft:item / fossil:bone_ribcage_dimorphodon] was not realized!
[01Sep2026 03:16:02.559] [main/WARN] [dev.architectury.registry.registries.forge.RegistrarManagerImpl/]: Registry entry listened Registry Entry [minecraft:item / fossil:bone_foot_tyrannosaurus] was not realized!
[01Sep2026 03:16:02.559] [main/WARN] [dev.architectury.registry.registries.forge.RegistrarManagerImpl/]: Registry entry listened Registry Entry [minecraft:item / fossil:egg_item_compsognathus] was not realized!
[01Sep2026 03:16:02.559] [main/WARN] [dev.architectury.registry.registries.forge.RegistrarManagerImpl/]: Registry entry listened Registry Entry [minecraft:item / fossil:bone_tail_dimorphodon] was not realized!
[01Sep2026 03:16:02.559] [main/WARN] [dev.architectury.registry.registries.forge.RegistrarManagerImpl/]: Registry entry listened Registry Entry [minecraft:item / fossil:bone_foot_dimetrodon] was not realized!
[01Sep2026 03:16:02.559] [main/WARN] [dev.architectury.registry.registries.forge.RegistrarManagerImpl/]: Registry entry listened Registry Entry [minecraft:item / fossil:meat_liopleurodon] was not realized!
[01Sep2026 03:16:02.559] [main/WARN] [dev.architectury.registry.registries.forge.RegistrarManagerImpl/]: Registry entry listened Registry Entry [minecraft:item / fossil:bone_tail_mosasaurus] was not realized!
[01Sep2026 03:16:02.559] [main/WARN] [dev.architectury.registry.registries.forge.RegistrarManagerImpl/]: Registry entry listened Registry Entry [minecraft:item / fossil:bone_ribcage_megaloceros] was not realized!
[01Sep2026 03:16:02.559] [main/WARN] [dev.architectury.registry.registries.forge.RegistrarManagerImpl/]: Registry entry listened Registry Entry [minecraft:item / fossil:goat_dna] was not realized!
[01Sep2026 03:16:02.559] [main/WARN] [dev.architectury.registry.registries.forge.RegistrarManagerImpl/]: Registry entry listened Registry Entry [minecraft:item / fossil:bone_ribcage_psittacosaurus] was not realized!
[01Sep2026 03:16:02.559] [main/WARN] [dev.architectury.registry.registries.forge.RegistrarManagerImpl/]: Registry entry listened Registry Entry [minecraft:item / fossil:sheep_dna] was not realized!
[01Sep2026 03:16:02.559] [main/WARN] [dev.architectury.registry.registries.forge.RegistrarManagerImpl/]: Registry entry listened Registry Entry [minecraft:item / fossil:cooked_quagga] was not realized!
[01Sep2026 03:16:02.559] [main/WARN] [dev.architectury.registry.registries.forge.RegistrarManagerImpl/]: Registry entry listened Registry Entry [minecraft:item / fossil:syringe_camel] was not realized!
[01Sep2026 03:16:02.559] [main/WARN] [dev.architectury.registry.registries.forge.RegistrarManagerImpl/]: Registry entry listened Registry Entry [minecraft:item / fossil:bone_skull_elasmotherium] was not realized!
[01Sep2026 03:16:02.559] [main/WARN] [dev.architectury.registry.registries.forge.RegistrarManagerImpl/]: Registry entry listened Registry Entry [minecraft:item / fossil:bone_ribcage_pachyrhinosaurus] was not realized!
[01Sep2026 03:16:02.559] [main/WARN] [dev.architectury.registry.registries.forge.RegistrarManagerImpl/]: Registry entry listened Registry Entry [minecraft:item / fossil:mooshroom_dna] was not realized!
[01Sep2026 03:16:02.559] [main/WARN] [dev.architectury.registry.registries.forge.RegistrarManagerImpl/]: Registry entry listened Registry Entry [minecraft:item / fossil:cooked_mammoth] was not realized!
[01Sep2026 03:16:02.559] [main/WARN] [dev.architectury.registry.registries.forge.RegistrarManagerImpl/]: Registry entry listened Registry Entry [minecraft:item / fossil:spawn_egg_gallimimus] was not realized!
[01Sep2026 03:16:02.559] [main/WARN] [dev.architectury.registry.registries.forge.RegistrarManagerImpl/]: Registry entry listened Registry Entry [minecraft:item / fossil:quetzalcoatlus_dna] was not realized!
[01Sep2026 03:16:02.559] [main/WARN] [dev.architectury.registry.registries.forge.RegistrarManagerImpl/]: Registry entry listened Registry Entry [minecraft:item / fossil:bone_tail_dryosaurus] was not realized!
[01Sep2026 03:16:02.559] [main/WARN] [dev.architectury.registry.registries.forge.RegistrarManagerImpl/]: Registry entry listened Registry Entry [minecraft:item / fossil:bone_tail_henodus] was not realized!
[01Sep2026 03:16:02.559] [main/WARN] [dev.architectury.registry.registries.forge.RegistrarManagerImpl/]: Registry entry listened Registry Entry [minecraft:item / fossil:bone_vertebrae_deinonychus] was not realized!
[01Sep2026 03:16:02.559] [main/WARN] [dev.architectury.registry.registries.forge.RegistrarManagerImpl/]: Registry entry listened Registry Entry [minecraft:item / fossil:bone_skull_psittacosaurus] was not realized!
[01Sep2026 03:16:02.559] [main/WARN] [dev.architectury.registry.registries.forge.RegistrarManagerImpl/]: Registry entry listened Registry Entry [minecraft:item / fossil:meat_titanis] was not realized!
[01Sep2026 03:16:02.559] [main/WARN] [dev.architectury.registry.registries.forge.RegistrarManagerImpl/]: Registry entry listened Registry Entry [minecraft:item / fossil:cooked_megalograptus] was not realized!
[01Sep2026 03:16:02.559] [main/WARN] [dev.architectury.registry.registries.forge.RegistrarManagerImpl/]: Registry entry listened Registry Entry [minecraft:item / fossil:bone_vertebrae_pachyrhinosaurus] was not realized!
[01Sep2026 03:16:02.559] [main/WARN] [dev.architectury.registry.registries.forge.RegistrarManagerImpl/]: Registry entry listened Registry Entry [minecraft:item / fossil:bone_leg_ankylosaurus] was not realized!
[01Sep2026 03:16:02.559] [main/WARN] [dev.architectury.registry.registries.forge.RegistrarManagerImpl/]: Registry entry listened Registry Entry [minecraft:item / fossil:egg_item_ceratosaurus] was not realized!
[01Sep2026 03:16:02.559] [main/WARN] [dev.architectury.registry.registries.forge.RegistrarManagerImpl/]: Registry entry listened Registry Entry [minecraft:item / fossil:rabbit_dna] was not realized!
[01Sep2026 03:16:02.559] [main/WARN] [dev.architectury.registry.registries.forge.RegistrarManagerImpl/]: Registry entry listened Registry Entry [minecraft:item / fossil:bone_ribcage_edaphosaurus] was not realized!
[01Sep2026 03:16:02.559] [main/WARN] [dev.architectury.registry.registries.forge.RegistrarManagerImpl/]: Registry entry listened Registry Entry [minecraft:item / fossil:egg_phorusrhacos] was not realized!
[01Sep2026 03:16:02.559] [main/WARN] [dev.architectury.registry.registries.forge.RegistrarManagerImpl/]: Registry entry listened Registry Entry [minecraft:item / fossil:bone_unique_confuciusornis] was not realized!
[01Sep2026 03:16:02.559] [main/WARN] [dev.architectury.registry.registries.forge.RegistrarManagerImpl/]: Registry entry listened Registry Entry [minecraft:item / fossil:bone_skull_plesiosaurus] was not realized!
[01Sep2026 03:16:02.559] [main/WARN] [dev.architectury.registry.registries.forge.RegistrarManagerImpl/]: Registry entry listened Registry Entry [minecraft:item / fossil:bone_unique_edaphosaurus] was not realized!
[01Sep2026 03:16:02.559] [main/WARN] [dev.architectury.registry.registries.forge.RegistrarManagerImpl/]: Registry entry listened Registry Entry [minecraft:item / fossil:meat_gallimimus] was not realized!
[01Sep2026 03:16:02.559] [main/WARN] [dev.architectury.registry.registries.forge.RegistrarManagerImpl/]: Registry entry listened Registry Entry [minecraft:item / fossil:bone_vertebrae_allosaurus] was not realized!
[01Sep2026 03:16:02.559] [main/WARN] [dev.architectury.registry.registries.forge.RegistrarManagerImpl/]: Registry entry listened Registry Entry [minecraft:item / fossil:bone_tail_pachycephalosaurus] was not realized!
[01Sep2026 03:16:02.559] [main/WARN] [dev.architectury.registry.registries.forge.RegistrarManagerImpl/]: Registry entry listened Registry Entry [minecraft:item / fossil:dimetrodon_dna] was not realized!
[01Sep2026 03:16:02.559] [main/WARN] [dev.architectury.registry.registries.forge.RegistrarManagerImpl/]: Registry entry listened Registry Entry [minecraft:item / fossil:cooked_brachiosaurus] was not realized!
[01Sep2026 03:16:02.559] [main/WARN] [dev.architectury.registry.registries.forge.RegistrarManagerImpl/]: Registry entry listened Registry Entry [minecraft:item / fossil:bone_foot_diplodocus] was not realized!
[01Sep2026 03:16:02.559] [main/WARN] [dev.architectury.registry.registries.forge.RegistrarManagerImpl/]: Registry entry listened Registry Entry [minecraft:item / fossil:bone_unique_gastornis] was not realized!
[01Sep2026 03:16:02.559] [main/WARN] [dev.architectury.registry.registries.forge.RegistrarManagerImpl/]: Registry entry listened Registry Entry [minecraft:item / fossil:egg_item_diplodocus] was not realized!
[01Sep2026 03:16:02.559] [main/WARN] [dev.architectury.registry.registries.forge.RegistrarManagerImpl/]: Registry entry listened Registry Entry [minecraft:item / fossil:bone_arm_gastornis] was not realized!
[01Sep2026 03:16:02.559] [main/WARN] [dev.architectury.registry.registries.forge.RegistrarManagerImpl/]: Registry entry listened Registry Entry [minecraft:item / fossil:spawn_egg_kelenken] was not realized!
[01Sep2026 03:16:02.559] [main/WARN] [dev.architectury.registry.registries.forge.RegistrarManagerImpl/]: Registry entry listened Registry Entry [minecraft:item / fossil:spawn_egg_deinonychus] was not realized!
[01Sep2026 03:16:02.559] [main/WARN] [dev.architectury.registry.registries.forge.RegistrarManagerImpl/]: Registry entry listened Registry Entry [minecraft:item / fossil:bone_skull_tiktaalik] was not realized!
[01Sep2026 03:16:02.559] [main/WARN] [dev.architectury.registry.registries.forge.RegistrarManagerImpl/]: Registry entry listened Registry Entry [minecraft:item / fossil:bone_vertebrae_gallimimus] was not realized!
[01Sep2026 03:16:02.559] [main/WARN] [dev.architectury.registry.registries.forge.RegistrarManagerImpl/]: Registry entry listened Registry Entry [minecraft:item / fossil:bone_arm_pteranodon] was not realized!
[01Sep2026 03:16:02.559] [main/WARN] [dev.architectury.registry.registries.forge.RegistrarManagerImpl/]: Registry entry listened Registry Entry [minecraft:item / fossil:bone_arm_diplodocus] was not realized!
[01Sep2026 03:16:02.559] [main/WARN] [dev.architectury.registry.registries.forge.RegistrarManagerImpl/]: Registry entry listened Registry Entry [minecraft:item / fossil:bone_arm_megalania] was not realized!
[01Sep2026 03:16:02.560] [main/WARN] [dev.architectury.registry.registries.forge.RegistrarManagerImpl/]: Registry entry listened Registry Entry [minecraft:item / fossil:bone_foot_quagga] was not realized!
[01Sep2026 03:16:02.560] [main/WARN] [dev.architectury.registry.registries.forge.RegistrarManagerImpl/]: Registry entry listened Registry Entry [minecraft:item / fossil:bone_tail_parasaurolophus] was not realized!
[01Sep2026 03:16:02.560] [main/WARN] [dev.architectury.registry.registries.forge.RegistrarManagerImpl/]: Registry entry listened Registry Entry [minecraft:item / fossil:bone_leg_deinonychus] was not realized!
[01Sep2026 03:16:02.560] [main/WARN] [dev.architectury.registry.registries.forge.RegistrarManagerImpl/]: Registry entry listened Registry Entry [minecraft:item / fossil:bone_leg_gastornis] was not realized!
[01Sep2026 03:16:02.560] [main/WARN] [dev.architectury.registry.registries.forge.RegistrarManagerImpl/]: Registry entry listened Registry Entry [minecraft:item / fossil:bone_unique_dryosaurus] was not realized!
[01Sep2026 03:16:02.560] [main/WARN] [dev.architectury.registry.registries.forge.RegistrarManagerImpl/]: Registry entry listened Registry Entry [minecraft:item / fossil:spawn_egg_allosaurus] was not realized!
[01Sep2026 03:16:02.560] [main/WARN] [dev.architectury.registry.registries.forge.RegistrarManagerImpl/]: Registry entry listened Registry Entry [minecraft:item / fossil:spawn_egg_ankylosaurus] was not realized!
[01Sep2026 03:16:02.560] [main/WARN] [dev.architectury.registry.registries.forge.RegistrarManagerImpl/]: Registry entry listened Registry Entry [minecraft:item / fossil:bone_arm_ankylosaurus] was not realized!
[01Sep2026 03:16:02.560] [main/WARN] [dev.architectury.registry.registries.forge.RegistrarManagerImpl/]: Registry entry listened Registry Entry [minecraft:item / fossil:bone_foot_ceratosaurus] was not realized!
[01Sep2026 03:16:02.560] [main/WARN] [dev.architectury.registry.registries.forge.RegistrarManagerImpl/]: Registry entry listened Registry Entry [minecraft:item / fossil:bone_tail_megaloceros] was not realized!
[01Sep2026 03:16:02.560] [main/WARN] [dev.architectury.registry.registries.forge.RegistrarManagerImpl/]: Registry entry listened Registry Entry [minecraft:item / fossil:bone_skull_dimetrodon] was not realized!
[01Sep2026 03:16:02.560] [main/WARN] [dev.architectury.registry.registries.forge.RegistrarManagerImpl/]: Registry entry listened Registry Entry [minecraft:item / fossil:dicranurus_dna] was not realized!
[01Sep2026 03:16:02.560] [main/WARN] [dev.architectury.registry.registries.forge.RegistrarManagerImpl/]: Registry entry listened Registry Entry [minecraft:item / fossil:meat_elasmotherium] was not realized!
[01Sep2026 03:16:02.560] [main/WARN] [dev.architectury.registry.registries.forge.RegistrarManagerImpl/]: Registry entry listened Registry Entry [minecraft:item / fossil:spawn_egg_pachycephalosaurus] was not realized!
[01Sep2026 03:16:02.560] [main/WARN] [dev.architectury.registry.registries.forge.RegistrarManagerImpl/]: Registry entry listened Registry Entry [minecraft:item / fossil:egg_item_titanis] was not realized!
[01Sep2026 03:16:02.560] [main/WARN] [dev.architectury.registry.registries.forge.RegistrarManagerImpl/]: Registry entry listened Registry Entry [minecraft:item / fossil:cooked_titanis] was not realized!
[01Sep2026 03:16:02.560] [main/WARN] [dev.architectury.registry.registries.forge.RegistrarManagerImpl/]: Registry entry listened Registry Entry [minecraft:item / fossil:bone_vertebrae_stegosaurus] was not realized!
[01Sep2026 03:16:02.560] [main/WARN] [dev.architectury.registry.registries.forge.RegistrarManagerImpl/]: Registry entry listened Registry Entry [minecraft:item / fossil:dimorphodon_dna] was not realized!
[01Sep2026 03:16:02.560] [main/WARN] [dev.architectury.registry.registries.forge.RegistrarManagerImpl/]: Registry entry listened Registry Entry [minecraft:item / fossil:bone_foot_triceratops] was not realized!
[01Sep2026 03:16:02.560] [main/WARN] [dev.architectury.registry.registries.forge.RegistrarManagerImpl/]: Registry entry listened Registry Entry [minecraft:item / fossil:turtle_dna] was not realized!
[01Sep2026 03:16:02.560] [main/WARN] [dev.architectury.registry.registries.forge.RegistrarManagerImpl/]: Registry entry listened Registry Entry [minecraft:item / fossil:syringe_hoglin] was not realized!
[01Sep2026 03:16:02.560] [main/WARN] [dev.architectury.registry.registries.forge.RegistrarManagerImpl/]: Registry entry listened Registry Entry [minecraft:item / fossil:bone_foot_phorusrhacos] was not realized!
[01Sep2026 03:16:02.560] [main/WARN] [dev.architectury.registry.registries.forge.RegistrarManagerImpl/]: Registry entry listened Registry Entry [minecraft:item / fossil:cooked_lonchodomas] was not realized!
[01Sep2026 03:16:02.560] [main/WARN] [dev.architectury.registry.registries.forge.RegistrarManagerImpl/]: Registry entry listened Registry Entry [minecraft:item / fossil:bone_ribcage_protoceratops] was not realized!
[01Sep2026 03:16:02.560] [main/WARN] [dev.architectury.registry.registries.forge.RegistrarManagerImpl/]: Registry entry listened Registry Entry [minecraft:item / fossil:meat_quetzalcoatlus] was not realized!
[01Sep2026 03:16:02.560] [main/WARN] [dev.architectury.registry.registries.forge.RegistrarManagerImpl/]: Registry entry listened Registry Entry [minecraft:item / fossil:meat_lonchodomas] was not realized!
[01Sep2026 03:16:02.560] [main/WARN] [dev.architectury.registry.registries.forge.RegistrarManagerImpl/]: Registry entry listened Registry Entry [minecraft:item / fossil:bone_skull_ornitholestes] was not realized!
[01Sep2026 03:16:02.560] [main/WARN] [dev.architectury.registry.registries.forge.RegistrarManagerImpl/]: Registry entry listened Registry Entry [minecraft:item / fossil:bone_unique_pachycephalosaurus] was not realized!
[01Sep2026 03:16:02.560] [main/WARN] [dev.architectury.registry.registries.forge.RegistrarManagerImpl/]: Registry entry listened Registry Entry [minecraft:item / fossil:egg_item_crassigyrinus] was not realized!
[01Sep2026 03:16:02.560] [main/WARN] [dev.architectury.registry.registries.forge.RegistrarManagerImpl/]: Registry entry listened Registry Entry [minecraft:item / fossil:chicken_dna] was not realized!
[01Sep2026 03:16:02.560] [main/WARN] [dev.architectury.registry.registries.forge.RegistrarManagerImpl/]: Registry entry listened Registry Entry [minecraft:item / fossil:bone_arm_dodo] was not realized!
[01Sep2026 03:16:02.560] [main/WARN] [dev.architectury.registry.registries.forge.RegistrarManagerImpl/]: Registry entry listened Registry Entry [minecraft:item / fossil:bone_skull_stegosaurus] was not realized!
[01Sep2026 03:16:02.560] [main/WARN] [dev.architectury.registry.registries.forge.RegistrarManagerImpl/]: Registry entry listened Registry Entry [minecraft:item / fossil:gallimimus_dna] was not realized!
[01Sep2026 03:16:02.560] [main/WARN] [dev.architectury.registry.registries.forge.RegistrarManagerImpl/]: Registry entry listened Registry Entry [minecraft:item / fossil:walliserops_dna] was not realized!
[01Sep2026 03:16:02.560] [main/WARN] [dev.architectury.registry.registries.forge.RegistrarManagerImpl/]: Registry entry listened Registry Entry [minecraft:item / fossil:bone_unique_megalania] was not realized!
[01Sep2026 03:16:02.560] [main/WARN] [dev.architectury.registry.registries.forge.RegistrarManagerImpl/]: Registry entry listened Registry Entry [minecraft:item / fossil:bone_arm_diplocaulus] was not realized!
[01Sep2026 03:16:02.560] [main/WARN] [dev.architectury.registry.registries.forge.RegistrarManagerImpl/]: Registry entry listened Registry Entry [minecraft:item / fossil:nautilus_dna] was not realized!
[01Sep2026 03:16:02.560] [main/WARN] [dev.architectury.registry.registries.forge.RegistrarManagerImpl/]: Registry entry listened Registry Entry [minecraft:item / fossil:bone_arm_quagga] was not realized!
[01Sep2026 03:16:02.560] [main/WARN] [dev.architectury.registry.registries.forge.RegistrarManagerImpl/]: Registry entry listened Registry Entry [minecraft:item / fossil:bone_skull_deinonychus] was not realized!
[01Sep2026 03:16:02.560] [main/WARN] [dev.architectury.registry.registries.forge.RegistrarManagerImpl/]: Registry entry listened Registry Entry [minecraft:item / fossil:compsognathus_dna] was not realized!
[01Sep2026 03:16:02.560] [main/WARN] [dev.architectury.registry.registries.forge.RegistrarManagerImpl/]: Registry entry listened Registry Entry [minecraft:item / fossil:meat_citipati] was not realized!
[01Sep2026 03:16:02.560] [main/WARN] [dev.architectury.registry.registries.forge.RegistrarManagerImpl/]: Registry entry listened Registry Entry [minecraft:item / fossil:meat_smilodon] was not realized!
[01Sep2026 03:16:02.560] [main/WARN] [dev.architectury.registry.registries.forge.RegistrarManagerImpl/]: Registry entry listened Registry Entry [minecraft:item / fossil:bucket_item_walliserops] was not realized!
[01Sep2026 03:16:02.560] [main/WARN] [dev.architectury.registry.registries.forge.RegistrarManagerImpl/]: Registry entry listened Registry Entry [minecraft:item / fossil:egg_item_lonchodomas] was not realized!
[01Sep2026 03:16:02.560] [main/WARN] [dev.architectury.registry.registries.forge.RegistrarManagerImpl/]: Registry entry listened Registry Entry [minecraft:item / fossil:bone_tail_quetzalcoatlus] was not realized!
[01Sep2026 03:16:02.560] [main/WARN] [dev.architectury.registry.registries.forge.RegistrarManagerImpl/]: Registry entry listened Registry Entry [minecraft:item / fossil:bone_tail_therizinosaurus] was not realized!
[01Sep2026 03:16:02.560] [main/WARN] [dev.architectury.registry.registries.forge.RegistrarManagerImpl/]: Registry entry listened Registry Entry [minecraft:item / fossil:spawn_egg_tiktaalik] was not realized!
[01Sep2026 03:16:02.560] [main/WARN] [dev.architectury.registry.registries.forge.RegistrarManagerImpl/]: Registry entry listened Registry Entry [minecraft:item / fossil:pig_dna] was not realized!
[01Sep2026 03:16:02.560] [main/WARN] [dev.architectury.registry.registries.forge.RegistrarManagerImpl/]: Registry entry listened Registry Entry [minecraft:item / fossil:bone_leg_dimetrodon] was not realized!
[01Sep2026 03:16:02.560] [main/WARN] [dev.architectury.registry.registries.forge.RegistrarManagerImpl/]: Registry entry listened Registry Entry [minecraft:item / fossil:bone_arm_megaloceros] was not realized!
[01Sep2026 03:16:02.560] [main/WARN] [dev.architectury.registry.registries.forge.RegistrarManagerImpl/]: Registry entry listened Registry Entry [minecraft:item / fossil:pteranodon_dna] was not realized!
[01Sep2026 03:16:02.560] [main/WARN] [dev.architectury.registry.registries.forge.RegistrarManagerImpl/]: Registry entry listened Registry Entry [minecraft:item / fossil:cooked_deinonychus] was not realized!
[01Sep2026 03:16:02.560] [main/WARN] [dev.architectury.registry.registries.forge.RegistrarManagerImpl/]: Registry entry listened Registry Entry [minecraft:item / fossil:bone_ribcage_compsognathus] was not realized!
[01Sep2026 03:16:02.560] [main/WARN] [dev.architectury.registry.registries.forge.RegistrarManagerImpl/]: Registry entry listened Registry Entry [minecraft:item / fossil:bone_unique_elasmotherium] was not realized!
[01Sep2026 03:16:02.560] [main/WARN] [dev.architectury.registry.registries.forge.RegistrarManagerImpl/]: Registry entry listened Registry Entry [minecraft:item / fossil:pachycephalosaurus_dna] was not realized!
[01Sep2026 03:16:02.560] [main/WARN] [dev.architectury.registry.registries.forge.RegistrarManagerImpl/]: Registry entry listened Registry Entry [minecraft:item / fossil:bone_arm_allosaurus] was not realized!
[01Sep2026 03:16:02.560] [main/WARN] [dev.architectury.registry.registries.forge.RegistrarManagerImpl/]: Registry entry listened Registry Entry [minecraft:item / fossil:spawn_egg_psittacosaurus] was not realized!
[01Sep2026 03:16:02.560] [main/WARN] [dev.architectury.registry.registries.forge.RegistrarManagerImpl/]: Registry entry listened Registry Entry [minecraft:item / fossil:axolotl_dna] was not realized!
[01Sep2026 03:16:02.560] [main/WARN] [dev.architectury.registry.registries.forge.RegistrarManagerImpl/]: Registry entry listened Registry Entry [minecraft:item / fossil:bone_ribcage_triceratops] was not realized!
[01Sep2026 03:16:02.560] [main/WARN] [dev.architectury.registry.registries.forge.RegistrarManagerImpl/]: Registry entry listened Registry Entry [minecraft:item / fossil:bone_ribcage_dryosaurus] was not realized!
[01Sep2026 03:16:02.560] [main/WARN] [dev.architectury.registry.registries.forge.RegistrarManagerImpl/]: Registry entry listened Registry Entry [minecraft:item / fossil:bone_arm_dimorphodon] was not realized!
[01Sep2026 03:16:02.560] [main/WARN] [dev.architectury.registry.registries.forge.RegistrarManagerImpl/]: Registry entry listened Registry Entry [minecraft:item / fossil:spawn_egg_stegosaurus] was not realized!
[01Sep2026 03:16:02.560] [main/WARN] [dev.architectury.registry.registries.forge.RegistrarManagerImpl/]: Registry entry listened Registry Entry [minecraft:item / fossil:bone_leg_brachiosaurus] was not realized!
[01Sep2026 03:16:02.560] [main/WARN] [dev.architectury.registry.registries.forge.RegistrarManagerImpl/]: Registry entry listened Registry Entry [minecraft:item / fossil:spawn_egg_quagga] was not realized!
[01Sep2026 03:16:02.560] [main/WARN] [dev.architectury.registry.registries.forge.RegistrarManagerImpl/]: Registry entry listened Registry Entry [minecraft:item / fossil:bone_vertebrae_dodo] was not realized!
[01Sep2026 03:16:02.560] [main/WARN] [dev.architectury.registry.registries.forge.RegistrarManagerImpl/]: Registry entry listened Registry Entry [minecraft:item / fossil:egg_item_ichthyosaurus] was not realized!
[01Sep2026 03:16:02.560] [main/WARN] [dev.architectury.registry.registries.forge.RegistrarManagerImpl/]: Registry entry listened Registry Entry [minecraft:item / fossil:bone_leg_velociraptor] was not realized!
[01Sep2026 03:16:02.560] [main/WARN] [dev.architectury.registry.registries.forge.RegistrarManagerImpl/]: Registry entry listened Registry Entry [minecraft:item / fossil:bone_tail_brachiosaurus] was not realized!
[01Sep2026 03:16:02.560] [main/WARN] [dev.architectury.registry.registries.forge.RegistrarManagerImpl/]: Registry entry listened Registry Entry [minecraft:item / fossil:bone_foot_diplocaulus] was not realized!
[01Sep2026 03:16:02.560] [main/WARN] [dev.architectury.registry.registries.forge.RegistrarManagerImpl/]: Registry entry listened Registry Entry [minecraft:item / fossil:spawn_egg_quetzalcoatlus] was not realized!
[01Sep2026 03:16:02.560] [main/WARN] [dev.architectury.registry.registries.forge.RegistrarManagerImpl/]: Registry entry listened Registry Entry [minecraft:item / fossil:spawn_egg_dimetrodon] was not realized!
[01Sep2026 03:16:02.560] [main/WARN] [dev.architectury.registry.registries.forge.RegistrarManagerImpl/]: Registry entry listened Registry Entry [minecraft:item / fossil:spawn_egg_therizinosaurus] was not realized!
[01Sep2026 03:16:02.560] [main/WARN] [dev.architectury.registry.registries.forge.RegistrarManagerImpl/]: Registry entry listened Registry Entry [minecraft:item / fossil:bone_foot_edaphosaurus] was not realized!
[01Sep2026 03:16:02.560] [main/WARN] [dev.architectury.registry.registries.forge.RegistrarManagerImpl/]: Registry entry listened Registry Entry [minecraft:item / fossil:cooked_crassigyrinus] was not realized!
[01Sep2026 03:16:02.560] [main/WARN] [dev.architectury.registry.registries.forge.RegistrarManagerImpl/]: Registry entry listened Registry Entry [minecraft:item / fossil:bone_vertebrae_edaphosaurus] was not realized!
[01Sep2026 03:16:02.560] [main/WARN] [dev.architectury.registry.registries.forge.RegistrarManagerImpl/]: Registry entry listened Registry Entry [minecraft:item / fossil:spawn_egg_protoceratops] was not realized!
[01Sep2026 03:16:02.560] [main/WARN] [dev.architectury.registry.registries.forge.RegistrarManagerImpl/]: Registry entry listened Registry Entry [minecraft:item / fossil:bone_tail_diplocaulus] was not realized!
[01Sep2026 03:16:02.560] [main/WARN] [dev.architectury.registry.registries.forge.RegistrarManagerImpl/]: Registry entry listened Registry Entry [minecraft:item / fossil:bone_vertebrae_postosuchus] was not realized!
[01Sep2026 03:16:02.561] [main/WARN] [dev.architectury.registry.registries.forge.RegistrarManagerImpl/]: Registry entry listened Registry Entry [minecraft:item / fossil:bone_ribcage_confuciusornis] was not realized!
[01Sep2026 03:16:02.561] [main/WARN] [dev.architectury.registry.registries.forge.RegistrarManagerImpl/]: Registry entry listened Registry Entry [minecraft:item / fossil:bone_ribcage_sarcosuchus] was not realized!
[01Sep2026 03:16:02.561] [main/WARN] [dev.architectury.registry.registries.forge.RegistrarManagerImpl/]: Registry entry listened Registry Entry [minecraft:item / fossil:bone_leg_citipati] was not realized!
[01Sep2026 03:16:02.561] [main/WARN] [dev.architectury.registry.registries.forge.RegistrarManagerImpl/]: Registry entry listened Registry Entry [minecraft:item / fossil:egg_item_phorusrhacos] was not realized!
[01Sep2026 03:16:02.561] [main/WARN] [dev.architectury.registry.registries.forge.RegistrarManagerImpl/]: Registry entry listened Registry Entry [minecraft:item / fossil:elasmotherium_dna] was not realized!
[01Sep2026 03:16:02.561] [main/WARN] [dev.architectury.registry.registries.forge.RegistrarManagerImpl/]: Registry entry listened Registry Entry [minecraft:item / fossil:bucket_item_crassigyrinus] was not realized!
[01Sep2026 03:16:02.561] [main/WARN] [dev.architectury.registry.registries.forge.RegistrarManagerImpl/]: Registry entry listened Registry Entry [minecraft:item / fossil:cooked_velociraptor] was not realized!
[01Sep2026 03:16:02.561] [main/WARN] [dev.architectury.registry.registries.forge.RegistrarManagerImpl/]: Registry entry listened Registry Entry [minecraft:item / fossil:bone_tail_triceratops] was not realized!
[01Sep2026 03:16:02.561] [main/WARN] [dev.architectury.registry.registries.forge.RegistrarManagerImpl/]: Registry entry listened Registry Entry [minecraft:item / fossil:bone_foot_mammoth] was not realized!
[01Sep2026 03:16:02.561] [main/WARN] [dev.architectury.registry.registries.forge.RegistrarManagerImpl/]: Registry entry listened Registry Entry [minecraft:item / fossil:egg_item_deinonychus] was not realized!
[01Sep2026 03:16:02.561] [main/WARN] [dev.architectury.registry.registries.forge.RegistrarManagerImpl/]: Registry entry listened Registry Entry [minecraft:item / fossil:bone_skull_titanis] was not realized!
[01Sep2026 03:16:02.561] [main/WARN] [dev.architectury.registry.registries.forge.RegistrarManagerImpl/]: Registry entry listened Registry Entry [minecraft:item / fossil:triceratops_dna] was not realized!
[01Sep2026 03:16:02.561] [main/WARN] [dev.architectury.registry.registries.forge.RegistrarManagerImpl/]: Registry entry listened Registry Entry [minecraft:item / fossil:spawn_egg_megalodon] was not realized!
[01Sep2026 03:16:02.561] [main/WARN] [dev.architectury.registry.registries.forge.RegistrarManagerImpl/]: Registry entry listened Registry Entry [minecraft:item / fossil:bone_ribcage_velociraptor] was not realized!
[01Sep2026 03:16:02.561] [main/WARN] [dev.architectury.registry.registries.forge.RegistrarManagerImpl/]: Registry entry listened Registry Entry [minecraft:item / fossil:bone_unique_spinosaurus] was not realized!
[01Sep2026 03:16:02.561] [main/WARN] [dev.architectury.registry.registries.forge.RegistrarManagerImpl/]: Registry entry listened Registry Entry [minecraft:item / fossil:bone_skull_dilophosaurus] was not realized!
[01Sep2026 03:16:02.561] [main/WARN] [dev.architectury.registry.registries.forge.RegistrarManagerImpl/]: Registry entry listened Registry Entry [minecraft:item / fossil:egg_item_coelacanth] was not realized!
[01Sep2026 03:16:02.561] [main/WARN] [dev.architectury.registry.registries.forge.RegistrarManagerImpl/]: Registry entry listened Registry Entry [minecraft:item / fossil:bone_leg_henodus] was not realized!
[01Sep2026 03:16:02.561] [main/WARN] [dev.architectury.registry.registries.forge.RegistrarManagerImpl/]: Registry entry listened Registry Entry [minecraft:item / fossil:bone_ribcage_smilodon] was not realized!
[01Sep2026 03:16:02.561] [main/WARN] [dev.architectury.registry.registries.forge.RegistrarManagerImpl/]: Registry entry listened Registry Entry [minecraft:item / fossil:bone_tail_citipati] was not realized!
[01Sep2026 03:16:02.561] [main/WARN] [dev.architectury.registry.registries.forge.RegistrarManagerImpl/]: Registry entry listened Registry Entry [minecraft:item / fossil:bone_tail_psittacosaurus] was not realized!
[01Sep2026 03:16:02.561] [main/WARN] [dev.architectury.registry.registries.forge.RegistrarManagerImpl/]: Registry entry listened Registry Entry [minecraft:item / fossil:cooked_platybelodon] was not realized!
[01Sep2026 03:16:02.561] [main/WARN] [dev.architectury.registry.registries.forge.RegistrarManagerImpl/]: Registry entry listened Registry Entry [minecraft:item / fossil:stegosaurus_dna] was not realized!
[01Sep2026 03:16:02.561] [main/WARN] [dev.architectury.registry.registries.forge.RegistrarManagerImpl/]: Registry entry listened Registry Entry [minecraft:item / fossil:cooked_allosaurus] was not realized!
[01Sep2026 03:16:02.561] [main/WARN] [dev.architectury.registry.registries.forge.RegistrarManagerImpl/]: Registry entry listened Registry Entry [minecraft:item / fossil:bone_arm_dilophosaurus] was not realized!
[01Sep2026 03:16:02.561] [main/WARN] [dev.architectury.registry.registries.forge.RegistrarManagerImpl/]: Registry entry listened Registry Entry [minecraft:item / fossil:donkey_dna] was not realized!
[01Sep2026 03:16:02.561] [main/WARN] [dev.architectury.registry.registries.forge.RegistrarManagerImpl/]: Registry entry listened Registry Entry [minecraft:item / fossil:meat_kelenken] was not realized!
[01Sep2026 03:16:02.561] [main/WARN] [dev.architectury.registry.registries.forge.RegistrarManagerImpl/]: Registry entry listened Registry Entry [minecraft:item / fossil:smilodon_dna] was not realized!
[01Sep2026 03:16:02.561] [main/WARN] [dev.architectury.registry.registries.forge.RegistrarManagerImpl/]: Registry entry listened Registry Entry [minecraft:item / fossil:egg_item_dryosaurus] was not realized!
[01Sep2026 03:16:02.561] [main/WARN] [dev.architectury.registry.registries.forge.RegistrarManagerImpl/]: Registry entry listened Registry Entry [minecraft:item / fossil:meat_pachycephalosaurus] was not realized!
[01Sep2026 03:16:02.561] [main/WARN] [dev.architectury.registry.registries.forge.RegistrarManagerImpl/]: Registry entry listened Registry Entry [minecraft:item / fossil:bone_ribcage_allosaurus] was not realized!
[01Sep2026 03:16:02.561] [main/WARN] [dev.architectury.registry.registries.forge.RegistrarManagerImpl/]: Registry entry listened Registry Entry [minecraft:item / fossil:bone_leg_dilophosaurus] was not realized!
[01Sep2026 03:16:02.561] [main/WARN] [dev.architectury.registry.registries.forge.RegistrarManagerImpl/]: Registry entry listened Registry Entry [minecraft:item / fossil:meat_deinonychus] was not realized!
[01Sep2026 03:16:02.561] [main/WARN] [dev.architectury.registry.registries.forge.RegistrarManagerImpl/]: Registry entry listened Registry Entry [minecraft:item / fossil:spawn_egg_scotoharpes] was not realized!
[01Sep2026 03:16:02.561] [main/WARN] [dev.architectury.registry.registries.forge.RegistrarManagerImpl/]: Registry entry listened Registry Entry [minecraft:item / fossil:bone_leg_megalania] was not realized!
[01Sep2026 03:16:02.561] [main/WARN] [dev.architectury.registry.registries.forge.RegistrarManagerImpl/]: Registry entry listened Registry Entry [minecraft:item / fossil:bone_leg_platybelodon] was not realized!
[01Sep2026 03:16:02.561] [main/WARN] [dev.architectury.registry.registries.forge.RegistrarManagerImpl/]: Registry entry listened Registry Entry [minecraft:item / fossil:syringe_panda] was not realized!
[01Sep2026 03:16:02.561] [main/WARN] [dev.architectury.registry.registries.forge.RegistrarManagerImpl/]: Registry entry listened Registry Entry [minecraft:item / fossil:egg_item_plesiosaurus] was not realized!
[01Sep2026 03:16:02.561] [main/WARN] [dev.architectury.registry.registries.forge.RegistrarManagerImpl/]: Registry entry listened Registry Entry [minecraft:item / fossil:bone_unique_dimetrodon] was not realized!
[01Sep2026 03:16:02.561] [main/WARN] [dev.architectury.registry.registries.forge.RegistrarManagerImpl/]: Registry entry listened Registry Entry [minecraft:item / fossil:egg_item_chicken] was not realized!
[01Sep2026 03:16:02.561] [main/WARN] [dev.architectury.registry.registries.forge.RegistrarManagerImpl/]: Registry entry listened Registry Entry [minecraft:item / fossil:bone_ribcage_dilophosaurus] was not realized!
[01Sep2026 03:16:02.561] [main/WARN] [dev.architectury.registry.registries.forge.RegistrarManagerImpl/]: Registry entry listened Registry Entry [minecraft:item / fossil:bone_foot_sarcosuchus] was not realized!
[01Sep2026 03:16:02.561] [main/WARN] [dev.architectury.registry.registries.forge.RegistrarManagerImpl/]: Registry entry listened Registry Entry [minecraft:item / fossil:cooked_confuciusornis] was not realized!
[01Sep2026 03:16:02.561] [main/WARN] [dev.architectury.registry.registries.forge.RegistrarManagerImpl/]: Registry entry listened Registry Entry [minecraft:item / fossil:egg_item_cod] was not realized!
[01Sep2026 03:16:02.561] [main/WARN] [dev.architectury.registry.registries.forge.RegistrarManagerImpl/]: Registry entry listened Registry Entry [minecraft:item / fossil:bone_foot_megaloceros] was not realized!
[01Sep2026 03:16:02.561] [main/WARN] [dev.architectury.registry.registries.forge.RegistrarManagerImpl/]: Registry entry listened Registry Entry [minecraft:item / fossil:bone_unique_henodus] was not realized!
[01Sep2026 03:16:02.561] [main/WARN] [dev.architectury.registry.registries.forge.RegistrarManagerImpl/]: Registry entry listened Registry Entry [minecraft:item / fossil:bone_skull_compsognathus] was not realized!
[01Sep2026 03:16:02.561] [main/WARN] [dev.architectury.registry.registries.forge.RegistrarManagerImpl/]: Registry entry listened Registry Entry [minecraft:item / fossil:bone_foot_tiktaalik] was not realized!
[01Sep2026 03:16:02.561] [main/WARN] [dev.architectury.registry.registries.forge.RegistrarManagerImpl/]: Registry entry listened Registry Entry [minecraft:item / fossil:meat_megalania] was not realized!
[01Sep2026 03:16:02.561] [main/WARN] [dev.architectury.registry.registries.forge.RegistrarManagerImpl/]: Registry entry listened Registry Entry [minecraft:item / fossil:bone_vertebrae_ceratosaurus] was not realized!
[01Sep2026 03:16:02.561] [main/WARN] [dev.architectury.registry.registries.forge.RegistrarManagerImpl/]: Registry entry listened Registry Entry [minecraft:item / fossil:bone_foot_parasaurolophus] was not realized!
[01Sep2026 03:16:02.561] [main/WARN] [dev.architectury.registry.registries.forge.RegistrarManagerImpl/]: Registry entry listened Registry Entry [minecraft:item / fossil:spawn_egg_platybelodon] was not realized!
[01Sep2026 03:16:02.561] [main/WARN] [dev.architectury.registry.registries.forge.RegistrarManagerImpl/]: Registry entry listened Registry Entry [minecraft:item / fossil:salmon_dna] was not realized!
[01Sep2026 03:16:02.561] [main/WARN] [dev.architectury.registry.registries.forge.RegistrarManagerImpl/]: Registry entry listened Registry Entry [minecraft:item / fossil:bone_arm_parasaurolophus] was not realized!
[01Sep2026 03:16:02.561] [main/WARN] [dev.architectury.registry.registries.forge.RegistrarManagerImpl/]: Registry entry listened Registry Entry [minecraft:item / fossil:quagga_dna] was not realized!
[01Sep2026 03:16:02.561] [main/WARN] [dev.architectury.registry.registries.forge.RegistrarManagerImpl/]: Registry entry listened Registry Entry [minecraft:item / fossil:bone_tail_pteranodon] was not realized!
[01Sep2026 03:16:02.561] [main/WARN] [dev.architectury.registry.registries.forge.RegistrarManagerImpl/]: Registry entry listened Registry Entry [minecraft:item / fossil:bone_arm_compsognathus] was not realized!
[01Sep2026 03:16:02.561] [main/WARN] [dev.architectury.registry.registries.forge.RegistrarManagerImpl/]: Registry entry listened Registry Entry [minecraft:item / fossil:bone_ribcage_diplodocus] was not realized!
[01Sep2026 03:16:02.561] [main/WARN] [dev.architectury.registry.registries.forge.RegistrarManagerImpl/]: Registry entry listened Registry Entry [minecraft:item / fossil:bucket_item_ichthyosaurus] was not realized!
[01Sep2026 03:16:02.561] [main/WARN] [dev.architectury.registry.registries.forge.RegistrarManagerImpl/]: Registry entry listened Registry Entry [minecraft:item / fossil:cooked_diplodocus] was not realized!
[01Sep2026 03:16:02.561] [main/WARN] [dev.architectury.registry.registries.forge.RegistrarManagerImpl/]: Registry entry listened Registry Entry [minecraft:item / fossil:bone_unique_ankylosaurus] was not realized!
[01Sep2026 03:16:02.561] [main/WARN] [dev.architectury.registry.registries.forge.RegistrarManagerImpl/]: Registry entry listened Registry Entry [minecraft:item / fossil:bone_ribcage_diplocaulus] was not realized!
[01Sep2026 03:16:02.561] [main/WARN] [dev.architectury.registry.registries.forge.RegistrarManagerImpl/]: Registry entry listened Registry Entry [minecraft:item / fossil:spawn_egg_velociraptor] was not realized!
[01Sep2026 03:16:02.561] [main/WARN] [dev.architectury.registry.registries.forge.RegistrarManagerImpl/]: Registry entry listened Registry Entry [minecraft:item / fossil:bone_arm_ceratosaurus] was not realized!
[01Sep2026 03:16:02.561] [main/WARN] [dev.architectury.registry.registries.forge.RegistrarManagerImpl/]: Registry entry listened Registry Entry [minecraft:item / fossil:cooked_dryosaurus] was not realized!
[01Sep2026 03:16:02.561] [main/WARN] [dev.architectury.registry.registries.forge.RegistrarManagerImpl/]: Registry entry listened Registry Entry [minecraft:item / fossil:bone_skull_ankylosaurus] was not realized!
[01Sep2026 03:16:02.561] [main/WARN] [dev.architectury.registry.registries.forge.RegistrarManagerImpl/]: Registry entry listened Registry Entry [minecraft:item / fossil:cooked_ichthyosaurus] was not realized!
[01Sep2026 03:16:02.561] [main/WARN] [dev.architectury.registry.registries.forge.RegistrarManagerImpl/]: Registry entry listened Registry Entry [minecraft:item / fossil:cooked_megalodon] was not realized!
[01Sep2026 03:16:02.561] [main/WARN] [dev.architectury.registry.registries.forge.RegistrarManagerImpl/]: Registry entry listened Registry Entry [minecraft:item / fossil:meat_quagga] was not realized!
[01Sep2026 03:16:02.561] [main/WARN] [dev.architectury.registry.registries.forge.RegistrarManagerImpl/]: Registry entry listened Registry Entry [minecraft:item / fossil:bone_arm_triceratops] was not realized!
[01Sep2026 03:16:02.561] [main/WARN] [dev.architectury.registry.registries.forge.RegistrarManagerImpl/]: Registry entry listened Registry Entry [minecraft:item / fossil:bone_leg_dimorphodon] was not realized!
[01Sep2026 03:16:02.561] [main/WARN] [dev.architectury.registry.registries.forge.RegistrarManagerImpl/]: Registry entry listened Registry Entry [minecraft:item / fossil:bone_skull_quagga] was not realized!
[01Sep2026 03:16:02.561] [main/WARN] [dev.architectury.registry.registries.forge.RegistrarManagerImpl/]: Registry entry listened Registry Entry [minecraft:item / fossil:bone_leg_mosasaurus] was not realized!
[01Sep2026 03:16:02.561] [main/WARN] [dev.architectury.registry.registries.forge.RegistrarManagerImpl/]: Registry entry listened Registry Entry [minecraft:item / fossil:bone_leg_triceratops] was not realized!
[01Sep2026 03:16:02.561] [main/WARN] [dev.architectury.registry.registries.forge.RegistrarManagerImpl/]: Registry entry listened Registry Entry [minecraft:item / fossil:bone_ribcage_elasmotherium] was not realized!
[01Sep2026 03:16:02.561] [main/WARN] [dev.architectury.registry.registries.forge.RegistrarManagerImpl/]: Registry entry listened Registry Entry [minecraft:item / fossil:bone_vertebrae_therizinosaurus] was not realized!
[01Sep2026 03:16:02.561] [main/WARN] [dev.architectury.registry.registries.forge.RegistrarManagerImpl/]: Registry entry listened Registry Entry [minecraft:item / fossil:spawn_egg_titanis] was not realized!
[01Sep2026 03:16:02.561] [main/WARN] [dev.architectury.registry.registries.forge.RegistrarManagerImpl/]: Registry entry listened Registry Entry [minecraft:item / fossil:cooked_coelacanth] was not realized!
[01Sep2026 03:16:02.561] [main/WARN] [dev.architectury.registry.registries.forge.RegistrarManagerImpl/]: Registry entry listened Registry Entry [minecraft:item / fossil:bone_foot_ichthyosaurus] was not realized!
[01Sep2026 03:16:02.561] [main/WARN] [dev.architectury.registry.registries.forge.RegistrarManagerImpl/]: Registry entry listened Registry Entry [minecraft:item / fossil:bone_ribcage_therizinosaurus] was not realized!
[01Sep2026 03:16:02.561] [main/WARN] [dev.architectury.registry.registries.forge.RegistrarManagerImpl/]: Registry entry listened Registry Entry [minecraft:item / fossil:bone_ribcage_pachycephalosaurus] was not realized!
[01Sep2026 03:16:02.561] [main/WARN] [dev.architectury.registry.registries.forge.RegistrarManagerImpl/]: Registry entry listened Registry Entry [minecraft:item / fossil:egg_item_megalodon] was not realized!
[01Sep2026 03:16:02.561] [main/WARN] [dev.architectury.registry.registries.forge.RegistrarManagerImpl/]: Registry entry listened Registry Entry [minecraft:item / fossil:bone_foot_quetzalcoatlus] was not realized!
[01Sep2026 03:16:02.561] [main/WARN] [dev.architectury.registry.registries.forge.RegistrarManagerImpl/]: Registry entry listened Registry Entry [minecraft:item / fossil:egg_item_arthropleura] was not realized!
[01Sep2026 03:16:02.561] [main/WARN] [dev.architectury.registry.registries.forge.RegistrarManagerImpl/]: Registry entry listened Registry Entry [minecraft:item / fossil:cooked_spinosaurus] was not realized!
[01Sep2026 03:16:02.562] [main/WARN] [dev.architectury.registry.registries.forge.RegistrarManagerImpl/]: Registry entry listened Registry Entry [minecraft:item / fossil:syringe_platybelodon] was not realized!
[01Sep2026 03:16:02.562] [main/WARN] [dev.architectury.registry.registries.forge.RegistrarManagerImpl/]: Registry entry listened Registry Entry [minecraft:item / fossil:bone_tail_ankylosaurus] was not realized!
[01Sep2026 03:16:02.562] [main/WARN] [dev.architectury.registry.registries.forge.RegistrarManagerImpl/]: Registry entry listened Registry Entry [minecraft:item / fossil:bone_foot_dryosaurus] was not realized!
[01Sep2026 03:16:02.562] [main/WARN] [dev.architectury.registry.registries.forge.RegistrarManagerImpl/]: Registry entry listened Registry Entry [minecraft:item / fossil:cooked_megalania] was not realized!
[01Sep2026 03:16:02.562] [main/WARN] [dev.architectury.registry.registries.forge.RegistrarManagerImpl/]: Registry entry listened Registry Entry [minecraft:item / fossil:psittacosaurus_dna] was not realized!
[01Sep2026 03:16:02.562] [main/WARN] [dev.architectury.registry.registries.forge.RegistrarManagerImpl/]: Registry entry listened Registry Entry [minecraft:item / fossil:egg_item_tiktaalik] was not realized!
[01Sep2026 03:16:02.562] [main/WARN] [dev.architectury.registry.registries.forge.RegistrarManagerImpl/]: Registry entry listened Registry Entry [minecraft:item / fossil:meat_dodo] was not realized!
[01Sep2026 03:16:02.562] [main/WARN] [dev.architectury.registry.registries.forge.RegistrarManagerImpl/]: Registry entry listened Registry Entry [minecraft:item / fossil:bone_unique_dilophosaurus] was not realized!
[01Sep2026 03:16:02.562] [main/WARN] [dev.architectury.registry.registries.forge.RegistrarManagerImpl/]: Registry entry listened Registry Entry [minecraft:item / fossil:frog_dna] was not realized!
[01Sep2026 03:16:02.562] [main/WARN] [dev.architectury.registry.registries.forge.RegistrarManagerImpl/]: Registry entry listened Registry Entry [minecraft:item / fossil:bone_foot_pachyrhinosaurus] was not realized!
[01Sep2026 03:16:02.562] [main/WARN] [dev.architectury.registry.registries.forge.RegistrarManagerImpl/]: Registry entry listened Registry Entry [minecraft:item / fossil:bone_ribcage_gallimimus] was not realized!
[01Sep2026 03:16:02.562] [main/WARN] [dev.architectury.registry.registries.forge.RegistrarManagerImpl/]: Registry entry listened Registry Entry [minecraft:item / fossil:kelenken_dna] was not realized!
[01Sep2026 03:16:02.562] [main/WARN] [dev.architectury.registry.registries.forge.RegistrarManagerImpl/]: Registry entry listened Registry Entry [minecraft:item / fossil:bone_unique_protoceratops] was not realized!
[01Sep2026 03:16:02.562] [main/WARN] [dev.architectury.registry.registries.forge.RegistrarManagerImpl/]: Registry entry listened Registry Entry [minecraft:item / fossil:bone_unique_citipati] was not realized!
[01Sep2026 03:16:02.562] [main/WARN] [dev.architectury.registry.registries.forge.RegistrarManagerImpl/]: Registry entry listened Registry Entry [minecraft:item / fossil:bone_vertebrae_crassigyrinus] was not realized!
[01Sep2026 03:16:02.562] [main/WARN] [dev.architectury.registry.registries.forge.RegistrarManagerImpl/]: Registry entry listened Registry Entry [minecraft:item / fossil:bone_vertebrae_mosasaurus] was not realized!
[01Sep2026 03:16:02.562] [main/WARN] [dev.architectury.registry.registries.forge.RegistrarManagerImpl/]: Registry entry listened Registry Entry [minecraft:item / fossil:titanis_dna] was not realized!
[01Sep2026 03:16:02.562] [main/WARN] [dev.architectury.registry.registries.forge.RegistrarManagerImpl/]: Registry entry listened Registry Entry [minecraft:item / fossil:bone_arm_edaphosaurus] was not realized!
[01Sep2026 03:16:02.562] [main/WARN] [dev.architectury.registry.registries.forge.RegistrarManagerImpl/]: Registry entry listened Registry Entry [minecraft:item / fossil:meat_velociraptor] was not realized!
[01Sep2026 03:16:02.562] [main/WARN] [dev.architectury.registry.registries.forge.RegistrarManagerImpl/]: Registry entry listened Registry Entry [minecraft:item / fossil:bone_vertebrae_megalania] was not realized!
[01Sep2026 03:16:02.562] [main/WARN] [dev.architectury.registry.registries.forge.RegistrarManagerImpl/]: Registry entry listened Registry Entry [minecraft:item / fossil:meat_tyrannosaurus] was not realized!
[01Sep2026 03:16:02.562] [main/WARN] [dev.architectury.registry.registries.forge.RegistrarManagerImpl/]: Registry entry listened Registry Entry [minecraft:item / fossil:bone_foot_postosuchus] was not realized!
[01Sep2026 03:16:02.562] [main/WARN] [dev.architectury.registry.registries.forge.RegistrarManagerImpl/]: Registry entry listened Registry Entry [minecraft:item / fossil:bone_tail_titanis] was not realized!
[01Sep2026 03:16:02.562] [main/WARN] [dev.architectury.registry.registries.forge.RegistrarManagerImpl/]: Registry entry listened Registry Entry [minecraft:item / fossil:meat_pteranodon] was not realized!
[01Sep2026 03:16:02.562] [main/WARN] [dev.architectury.registry.registries.forge.RegistrarManagerImpl/]: Registry entry listened Registry Entry [minecraft:item / fossil:meat_platybelodon] was not realized!
[01Sep2026 03:16:02.562] [main/WARN] [dev.architectury.registry.registries.forge.RegistrarManagerImpl/]: Registry entry listened Registry Entry [minecraft:item / fossil:bone_leg_pteranodon] was not realized!
[01Sep2026 03:16:02.562] [main/WARN] [dev.architectury.registry.registries.forge.RegistrarManagerImpl/]: Registry entry listened Registry Entry [minecraft:item / fossil:cooked_arthropleura] was not realized!
[01Sep2026 03:16:02.562] [main/WARN] [dev.architectury.registry.registries.forge.RegistrarManagerImpl/]: Registry entry listened Registry Entry [minecraft:item / fossil:bone_unique_pteranodon] was not realized!
[01Sep2026 03:16:02.562] [main/WARN] [dev.architectury.registry.registries.forge.RegistrarManagerImpl/]: Registry entry listened Registry Entry [minecraft:item / fossil:cooked_gallimimus] was not realized!
[01Sep2026 03:16:02.562] [main/WARN] [dev.architectury.registry.registries.forge.RegistrarManagerImpl/]: Registry entry listened Registry Entry [minecraft:item / fossil:bone_arm_plesiosaurus] was not realized!
[01Sep2026 03:16:02.562] [main/WARN] [dev.architectury.registry.registries.forge.RegistrarManagerImpl/]: Registry entry listened Registry Entry [minecraft:item / fossil:meat_crassigyrinus] was not realized!
[01Sep2026 03:16:02.562] [main/WARN] [dev.architectury.registry.registries.forge.RegistrarManagerImpl/]: Registry entry listened Registry Entry [minecraft:item / fossil:bone_unique_gallimimus] was not realized!
[01Sep2026 03:16:02.562] [main/WARN] [dev.architectury.registry.registries.forge.RegistrarManagerImpl/]: Registry entry listened Registry Entry [minecraft:item / fossil:egg_item_dodo] was not realized!
[01Sep2026 03:16:02.562] [main/WARN] [dev.architectury.registry.registries.forge.RegistrarManagerImpl/]: Registry entry listened Registry Entry [minecraft:item / fossil:bone_foot_ankylosaurus] was not realized!
[01Sep2026 03:16:02.562] [main/WARN] [dev.architectury.registry.registries.forge.RegistrarManagerImpl/]: Registry entry listened Registry Entry [minecraft:item / fossil:bone_arm_phorusrhacos] was not realized!
[01Sep2026 03:16:02.562] [main/WARN] [dev.architectury.registry.registries.forge.RegistrarManagerImpl/]: Registry entry listened Registry Entry [minecraft:item / fossil:bone_tail_ornitholestes] was not realized!
[01Sep2026 03:16:02.562] [main/WARN] [dev.architectury.registry.registries.forge.RegistrarManagerImpl/]: Registry entry listened Registry Entry [minecraft:item / fossil:bone_arm_psittacosaurus] was not realized!
[01Sep2026 03:16:02.562] [main/WARN] [dev.architectury.registry.registries.forge.RegistrarManagerImpl/]: Registry entry listened Registry Entry [minecraft:item / fossil:meganeura_dna] was not realized!
[01Sep2026 03:16:02.562] [main/WARN] [dev.architectury.registry.registries.forge.RegistrarManagerImpl/]: Registry entry listened Registry Entry [minecraft:item / fossil:mammoth_dna] was not realized!
[01Sep2026 03:16:02.562] [main/WARN] [dev.architectury.registry.registries.forge.RegistrarManagerImpl/]: Registry entry listened Registry Entry [minecraft:item / fossil:bone_leg_pachyrhinosaurus] was not realized!
[01Sep2026 03:16:02.562] [main/WARN] [dev.architectury.registry.registries.forge.RegistrarManagerImpl/]: Registry entry listened Registry Entry [minecraft:item / fossil:bone_unique_quagga] was not realized!
[01Sep2026 03:16:02.562] [main/WARN] [dev.architectury.registry.registries.forge.RegistrarManagerImpl/]: Registry entry listened Registry Entry [minecraft:item / fossil:bone_skull_edaphosaurus] was not realized!
[01Sep2026 03:16:02.562] [main/WARN] [dev.architectury.registry.registries.forge.RegistrarManagerImpl/]: Registry entry listened Registry Entry [minecraft:item / fossil:bone_foot_crassigyrinus] was not realized!
[01Sep2026 03:16:02.562] [main/WARN] [dev.architectury.registry.registries.forge.RegistrarManagerImpl/]: Registry entry listened Registry Entry [minecraft:item / fossil:bone_unique_ceratosaurus] was not realized!
[01Sep2026 03:16:02.562] [main/WARN] [dev.architectury.registry.registries.forge.RegistrarManagerImpl/]: Registry entry listened Registry Entry [minecraft:item / fossil:coelacanth_dna] was not realized!
[01Sep2026 03:16:02.562] [main/WARN] [dev.architectury.registry.registries.forge.RegistrarManagerImpl/]: Registry entry listened Registry Entry [minecraft:item / fossil:syringe_polar_bear] was not realized!
[01Sep2026 03:16:02.562] [main/WARN] [dev.architectury.registry.registries.forge.RegistrarManagerImpl/]: Registry entry listened Registry Entry [minecraft:item / fossil:syringe_pig] was not realized!
[01Sep2026 03:16:02.562] [main/WARN] [dev.architectury.registry.registries.forge.RegistrarManagerImpl/]: Registry entry listened Registry Entry [minecraft:item / fossil:meat_spinosaurus] was not realized!
[01Sep2026 03:16:02.562] [main/WARN] [dev.architectury.registry.registries.forge.RegistrarManagerImpl/]: Registry entry listened Registry Entry [minecraft:item / fossil:bone_skull_citipati] was not realized!
[01Sep2026 03:16:02.562] [main/WARN] [dev.architectury.registry.registries.forge.RegistrarManagerImpl/]: Registry entry listened Registry Entry [minecraft:item / fossil:syringe_cow] was not realized!
[01Sep2026 03:16:02.562] [main/WARN] [dev.architectury.registry.registries.forge.RegistrarManagerImpl/]: Registry entry listened Registry Entry [minecraft:item / fossil:bone_ribcage_dodo] was not realized!
[01Sep2026 03:16:02.562] [main/WARN] [dev.architectury.registry.registries.forge.RegistrarManagerImpl/]: Registry entry listened Registry Entry [minecraft:item / fossil:bone_vertebrae_ichthyosaurus] was not realized!
[01Sep2026 03:16:02.562] [main/WARN] [dev.architectury.registry.registries.forge.RegistrarManagerImpl/]: Registry entry listened Registry Entry [minecraft:item / fossil:bone_ribcage_megalania] was not realized!
[01Sep2026 03:16:02.562] [main/WARN] [dev.architectury.registry.registries.forge.RegistrarManagerImpl/]: Registry entry listened Registry Entry [minecraft:item / fossil:spawn_egg_confuciusornis] was not realized!
[01Sep2026 03:16:02.562] [main/WARN] [dev.architectury.registry.registries.forge.RegistrarManagerImpl/]: Registry entry listened Registry Entry [minecraft:item / fossil:egg_item_edaphosaurus] was not realized!
[01Sep2026 03:16:02.562] [main/WARN] [dev.architectury.registry.registries.forge.RegistrarManagerImpl/]: Registry entry listened Registry Entry [minecraft:item / fossil:bone_tail_elasmotherium] was not realized!
[01Sep2026 03:16:02.562] [main/WARN] [dev.architectury.registry.registries.forge.RegistrarManagerImpl/]: Registry entry listened Registry Entry [minecraft:item / fossil:egg_item_megalania] was not realized!
[01Sep2026 03:16:02.562] [main/WARN] [dev.architectury.registry.registries.forge.RegistrarManagerImpl/]: Registry entry listened Registry Entry [minecraft:item / fossil:bone_arm_brachiosaurus] was not realized!
[01Sep2026 03:16:02.562] [main/WARN] [dev.architectury.registry.registries.forge.RegistrarManagerImpl/]: Registry entry listened Registry Entry [minecraft:item / fossil:sturgeon_dna] was not realized!
[01Sep2026 03:16:02.562] [main/WARN] [dev.architectury.registry.registries.forge.RegistrarManagerImpl/]: Registry entry listened Registry Entry [minecraft:item / fossil:syringe_strider] was not realized!
[01Sep2026 03:16:02.562] [main/WARN] [dev.architectury.registry.registries.forge.RegistrarManagerImpl/]: Registry entry listened Registry Entry [minecraft:item / fossil:bone_leg_megaloceros] was not realized!
[01Sep2026 03:16:02.562] [main/WARN] [dev.architectury.registry.registries.forge.RegistrarManagerImpl/]: Registry entry listened Registry Entry [minecraft:item / fossil:meat_dimorphodon] was not realized!
[01Sep2026 03:16:02.562] [main/WARN] [dev.architectury.registry.registries.forge.RegistrarManagerImpl/]: Registry entry listened Registry Entry [minecraft:item / fossil:bone_ribcage_henodus] was not realized!
[01Sep2026 03:16:02.562] [main/WARN] [dev.architectury.registry.registries.forge.RegistrarManagerImpl/]: Registry entry listened Registry Entry [minecraft:item / fossil:bone_skull_brachiosaurus] was not realized!
[01Sep2026 03:16:02.562] [main/WARN] [dev.architectury.registry.registries.forge.RegistrarManagerImpl/]: Registry entry listened Registry Entry [minecraft:item / fossil:bone_foot_dimorphodon] was not realized!
[01Sep2026 03:16:02.562] [main/WARN] [dev.architectury.registry.registries.forge.RegistrarManagerImpl/]: Registry entry listened Registry Entry [minecraft:item / fossil:bone_foot_dodo] was not realized!
[01Sep2026 03:16:02.562] [main/WARN] [dev.architectury.registry.registries.forge.RegistrarManagerImpl/]: Registry entry listened Registry Entry [minecraft:item / fossil:spawn_egg_tyrannosaurus] was not realized!
[01Sep2026 03:16:02.562] [main/WARN] [dev.architectury.registry.registries.forge.RegistrarManagerImpl/]: Registry entry listened Registry Entry [minecraft:item / fossil:bone_tail_sarcosuchus] was not realized!
[01Sep2026 03:16:02.562] [main/WARN] [dev.architectury.registry.registries.forge.RegistrarManagerImpl/]: Registry entry listened Registry Entry [minecraft:item / fossil:cooked_kelenken] was not realized!
[01Sep2026 03:16:02.562] [main/WARN] [dev.architectury.registry.registries.forge.RegistrarManagerImpl/]: Registry entry listened Registry Entry [minecraft:item / fossil:egg_item_quetzalcoatlus] was not realized!
[01Sep2026 03:16:02.562] [main/WARN] [dev.architectury.registry.registries.forge.RegistrarManagerImpl/]: Registry entry listened Registry Entry [minecraft:item / fossil:spawn_egg_dryosaurus] was not realized!
[01Sep2026 03:16:02.562] [main/WARN] [dev.architectury.registry.registries.forge.RegistrarManagerImpl/]: Registry entry listened Registry Entry [minecraft:item / fossil:spawn_egg_phorusrhacos] was not realized!
[01Sep2026 03:16:02.562] [main/WARN] [dev.architectury.registry.registries.forge.RegistrarManagerImpl/]: Registry entry listened Registry Entry [minecraft:item / fossil:bone_skull_pteranodon] was not realized!
[01Sep2026 03:16:02.562] [main/WARN] [dev.architectury.registry.registries.forge.RegistrarManagerImpl/]: Registry entry listened Registry Entry [minecraft:item / fossil:cooked_dicranurus] was not realized!
[01Sep2026 03:16:02.562] [main/WARN] [dev.architectury.registry.registries.forge.RegistrarManagerImpl/]: Registry entry listened Registry Entry [minecraft:item / fossil:egg_item_confuciusornis] was not realized!
[01Sep2026 03:16:02.562] [main/WARN] [dev.architectury.registry.registries.forge.RegistrarManagerImpl/]: Registry entry listened Registry Entry [minecraft:item / fossil:panda_dna] was not realized!
[01Sep2026 03:16:02.562] [main/WARN] [dev.architectury.registry.registries.forge.RegistrarManagerImpl/]: Registry entry listened Registry Entry [minecraft:item / fossil:meat_ichthyosaurus] was not realized!
[01Sep2026 03:16:02.563] [main/WARN] [dev.architectury.registry.registries.forge.RegistrarManagerImpl/]: Registry entry listened Registry Entry [minecraft:item / fossil:bone_leg_diplocaulus] was not realized!
[01Sep2026 03:16:02.563] [main/WARN] [dev.architectury.registry.registries.forge.RegistrarManagerImpl/]: Registry entry listened Registry Entry [minecraft:item / fossil:arthropleura_dna] was not realized!
[01Sep2026 03:16:02.563] [main/WARN] [dev.architectury.registry.registries.forge.RegistrarManagerImpl/]: Registry entry listened Registry Entry [minecraft:item / fossil:bone_arm_dryosaurus] was not realized!
[01Sep2026 03:16:02.563] [main/WARN] [dev.architectury.registry.registries.forge.RegistrarManagerImpl/]: Registry entry listened Registry Entry [minecraft:item / fossil:bone_vertebrae_megaloceros] was not realized!
[01Sep2026 03:16:02.563] [main/WARN] [dev.architectury.registry.registries.forge.RegistrarManagerImpl/]: Registry entry listened Registry Entry [minecraft:item / fossil:bone_arm_sarcosuchus] was not realized!
[01Sep2026 03:16:02.563] [main/WARN] [dev.architectury.registry.registries.forge.RegistrarManagerImpl/]: Registry entry listened Registry Entry [minecraft:item / fossil:spawn_egg_mammoth] was not realized!
[01Sep2026 03:16:02.563] [main/WARN] [dev.architectury.registry.registries.forge.RegistrarManagerImpl/]: Registry entry listened Registry Entry [minecraft:item / fossil:dolphin_dna] was not realized!
[01Sep2026 03:16:02.563] [main/WARN] [dev.architectury.registry.registries.forge.RegistrarManagerImpl/]: Registry entry listened Registry Entry [minecraft:item / fossil:bone_tail_dilophosaurus] was not realized!
[01Sep2026 03:16:02.563] [main/WARN] [dev.architectury.registry.registries.forge.RegistrarManagerImpl/]: Registry entry listened Registry Entry [minecraft:item / fossil:bone_vertebrae_diplocaulus] was not realized!
[01Sep2026 03:16:02.563] [main/WARN] [dev.architectury.registry.registries.forge.RegistrarManagerImpl/]: Registry entry listened Registry Entry [minecraft:item / fossil:bone_leg_pachycephalosaurus] was not realized!
[01Sep2026 03:16:02.563] [main/WARN] [dev.architectury.registry.registries.forge.RegistrarManagerImpl/]: Registry entry listened Registry Entry [minecraft:item / fossil:glow_squid_dna] was not realized!
[01Sep2026 03:16:02.563] [main/WARN] [dev.architectury.registry.registries.forge.RegistrarManagerImpl/]: Registry entry listened Registry Entry [minecraft:item / fossil:syringe_rabbit] was not realized!
[01Sep2026 03:16:02.563] [main/WARN] [dev.architectury.registry.registries.forge.RegistrarManagerImpl/]: Registry entry listened Registry Entry [minecraft:item / fossil:egg_item_spinosaurus] was not realized!
[01Sep2026 03:16:02.563] [main/WARN] [dev.architectury.registry.registries.forge.RegistrarManagerImpl/]: Registry entry listened Registry Entry [minecraft:item / fossil:spinosaurus_dna] was not realized!
[01Sep2026 03:16:02.563] [main/WARN] [dev.architectury.registry.registries.forge.RegistrarManagerImpl/]: Registry entry listened Registry Entry [minecraft:item / fossil:spawn_egg_plesiosaurus] was not realized!
[01Sep2026 03:16:02.563] [main/WARN] [dev.architectury.registry.registries.forge.RegistrarManagerImpl/]: Registry entry listened Registry Entry [minecraft:item / fossil:bone_vertebrae_quagga] was not realized!
[01Sep2026 03:16:02.563] [main/WARN] [dev.architectury.registry.registries.forge.RegistrarManagerImpl/]: Registry entry listened Registry Entry [minecraft:item / fossil:bee_dna] was not realized!
[01Sep2026 03:16:02.563] [main/WARN] [dev.architectury.registry.registries.forge.RegistrarManagerImpl/]: Registry entry listened Registry Entry [minecraft:item / fossil:spawn_egg_aquilolamna] was not realized!
[01Sep2026 03:16:02.563] [main/WARN] [dev.architectury.registry.registries.forge.RegistrarManagerImpl/]: Registry entry listened Registry Entry [minecraft:item / fossil:syringe_smilodon] was not realized!
[01Sep2026 03:16:02.563] [main/WARN] [dev.architectury.registry.registries.forge.RegistrarManagerImpl/]: Registry entry listened Registry Entry [minecraft:item / fossil:cooked_scotoharpes] was not realized!
[01Sep2026 03:16:02.563] [main/WARN] [dev.architectury.registry.registries.forge.RegistrarManagerImpl/]: Registry entry listened Registry Entry [minecraft:item / fossil:platybelodon_dna] was not realized!
[01Sep2026 03:16:02.563] [main/WARN] [dev.architectury.registry.registries.forge.RegistrarManagerImpl/]: Registry entry listened Registry Entry [minecraft:item / fossil:cooked_ornitholestes] was not realized!
[01Sep2026 03:16:02.563] [main/WARN] [dev.architectury.registry.registries.forge.RegistrarManagerImpl/]: Registry entry listened Registry Entry [minecraft:item / fossil:bone_unique_diplocaulus] was not realized!
[01Sep2026 03:16:02.563] [main/WARN] [dev.architectury.registry.registries.forge.RegistrarManagerImpl/]: Registry entry listened Registry Entry [minecraft:item / fossil:cooked_phorusrhacos] was not realized!
[01Sep2026 03:16:02.563] [main/WARN] [dev.architectury.registry.registries.forge.RegistrarManagerImpl/]: Registry entry listened Registry Entry [minecraft:item / fossil:bone_vertebrae_liopleurodon] was not realized!
[01Sep2026 03:16:02.563] [main/WARN] [dev.architectury.registry.registries.forge.RegistrarManagerImpl/]: Registry entry listened Registry Entry [minecraft:item / fossil:bone_foot_liopleurodon] was not realized!
[01Sep2026 03:16:02.563] [main/WARN] [dev.architectury.registry.registries.forge.RegistrarManagerImpl/]: Registry entry listened Registry Entry [minecraft:item / fossil:egg_item_scotoharpes] was not realized!
[01Sep2026 03:16:02.563] [main/WARN] [dev.architectury.registry.registries.forge.RegistrarManagerImpl/]: Registry entry listened Registry Entry [minecraft:item / fossil:syringe_cat] was not realized!
[01Sep2026 03:16:02.563] [main/WARN] [dev.architectury.registry.registries.forge.RegistrarManagerImpl/]: Registry entry listened Registry Entry [minecraft:item / fossil:cod_dna] was not realized!
[01Sep2026 03:16:02.563] [main/WARN] [dev.architectury.registry.registries.forge.RegistrarManagerImpl/]: Registry entry listened Registry Entry [minecraft:item / fossil:spawn_egg_compsognathus] was not realized!
[01Sep2026 03:16:02.563] [main/WARN] [dev.architectury.registry.registries.forge.RegistrarManagerImpl/]: Registry entry listened Registry Entry [minecraft:item / fossil:bone_tail_velociraptor] was not realized!
[01Sep2026 03:16:02.563] [main/WARN] [dev.architectury.registry.registries.forge.RegistrarManagerImpl/]: Registry entry listened Registry Entry [minecraft:item / fossil:bone_vertebrae_pteranodon] was not realized!
[01Sep2026 03:16:02.563] [main/WARN] [dev.architectury.registry.registries.forge.RegistrarManagerImpl/]: Registry entry listened Registry Entry [minecraft:item / fossil:bone_unique_triceratops] was not realized!
[01Sep2026 03:16:02.563] [main/WARN] [dev.architectury.registry.registries.forge.RegistrarManagerImpl/]: Registry entry listened Registry Entry [minecraft:item / fossil:cooked_plesiosaurus] was not realized!
[01Sep2026 03:16:02.563] [main/WARN] [dev.architectury.registry.registries.forge.RegistrarManagerImpl/]: Registry entry listened Registry Entry [minecraft:item / fossil:bone_vertebrae_diplodocus] was not realized!
[01Sep2026 03:16:02.563] [main/WARN] [dev.architectury.registry.registries.forge.RegistrarManagerImpl/]: Registry entry listened Registry Entry [minecraft:item / fossil:bone_ribcage_tyrannosaurus] was not realized!
[01Sep2026 03:16:02.563] [main/WARN] [dev.architectury.registry.registries.forge.RegistrarManagerImpl/]: Registry entry listened Registry Entry [minecraft:item / fossil:spawn_egg_pteranodon] was not realized!
[01Sep2026 03:16:02.563] [main/WARN] [dev.architectury.registry.registries.forge.RegistrarManagerImpl/]: Registry entry listened Registry Entry [minecraft:item / fossil:cooked_smilodon] was not realized!
[01Sep2026 03:16:02.563] [main/WARN] [dev.architectury.registry.registries.forge.RegistrarManagerImpl/]: Registry entry listened Registry Entry [minecraft:item / fossil:citipati_dna] was not realized!
[01Sep2026 03:16:02.563] [main/WARN] [dev.architectury.registry.registries.forge.RegistrarManagerImpl/]: Registry entry listened Registry Entry [minecraft:item / fossil:bone_foot_titanis] was not realized!
[01Sep2026 03:16:02.563] [main/WARN] [dev.architectury.registry.registries.forge.RegistrarManagerImpl/]: Registry entry listened Registry Entry [minecraft:item / fossil:bone_leg_postosuchus] was not realized!
[01Sep2026 03:16:02.563] [main/WARN] [dev.architectury.registry.registries.forge.RegistrarManagerImpl/]: Registry entry listened Registry Entry [minecraft:item / fossil:syringe_mooshroom] was not realized!
[01Sep2026 03:16:02.563] [main/WARN] [dev.architectury.registry.registries.forge.RegistrarManagerImpl/]: Registry entry listened Registry Entry [minecraft:item / fossil:bucket_item_sturgeon] was not realized!
[01Sep2026 03:16:02.563] [main/WARN] [dev.architectury.registry.registries.forge.RegistrarManagerImpl/]: Registry entry listened Registry Entry [minecraft:item / fossil:cooked_dimetrodon] was not realized!
[01Sep2026 03:16:02.563] [main/WARN] [dev.architectury.registry.registries.forge.RegistrarManagerImpl/]: Registry entry listened Registry Entry [minecraft:item / fossil:strider_dna] was not realized!
[01Sep2026 03:16:02.563] [main/WARN] [dev.architectury.registry.registries.forge.RegistrarManagerImpl/]: Registry entry listened Registry Entry [minecraft:item / fossil:bucket_item_coelacanth] was not realized!
[01Sep2026 03:16:02.563] [main/WARN] [dev.architectury.registry.registries.forge.RegistrarManagerImpl/]: Registry entry listened Registry Entry [minecraft:item / fossil:spawn_egg_nautilus] was not realized!
[01Sep2026 03:16:02.563] [main/WARN] [dev.architectury.registry.registries.forge.RegistrarManagerImpl/]: Registry entry listened Registry Entry [minecraft:item / fossil:spawn_egg_liopleurodon] was not realized!
[01Sep2026 03:16:02.563] [main/WARN] [dev.architectury.registry.registries.forge.RegistrarManagerImpl/]: Registry entry listened Registry Entry [minecraft:item / fossil:egg_item_alligator_gar] was not realized!
[01Sep2026 03:16:02.563] [main/WARN] [dev.architectury.registry.registries.forge.RegistrarManagerImpl/]: Registry entry listened Registry Entry [minecraft:item / fossil:ocelot_dna] was not realized!
[01Sep2026 03:16:02.563] [main/WARN] [dev.architectury.registry.registries.forge.RegistrarManagerImpl/]: Registry entry listened Registry Entry [minecraft:item / fossil:bone_ribcage_postosuchus] was not realized!
[01Sep2026 03:16:02.563] [main/WARN] [dev.architectury.registry.registries.forge.RegistrarManagerImpl/]: Registry entry listened Registry Entry [minecraft:item / fossil:liopleurodon_dna] was not realized!
[01Sep2026 03:16:02.563] [main/WARN] [dev.architectury.registry.registries.forge.RegistrarManagerImpl/]: Registry entry listened Registry Entry [minecraft:item / fossil:bone_tail_pachyrhinosaurus] was not realized!
[01Sep2026 03:16:02.563] [main/WARN] [dev.architectury.registry.registries.forge.RegistrarManagerImpl/]: Registry entry listened Registry Entry [minecraft:item / fossil:bone_leg_quagga] was not realized!
[01Sep2026 03:16:02.563] [main/WARN] [dev.architectury.registry.registries.forge.RegistrarManagerImpl/]: Registry entry listened Registry Entry [minecraft:item / fossil:bat_dna] was not realized!
[01Sep2026 03:16:02.563] [main/WARN] [dev.architectury.registry.registries.forge.RegistrarManagerImpl/]: Registry entry listened Registry Entry [minecraft:item / fossil:egg_item_dilophosaurus] was not realized!
[01Sep2026 03:16:02.563] [main/WARN] [dev.architectury.registry.registries.forge.RegistrarManagerImpl/]: Registry entry listened Registry Entry [minecraft:item / fossil:bone_skull_mammoth] was not realized!
[01Sep2026 03:16:02.563] [main/WARN] [dev.architectury.registry.registries.forge.RegistrarManagerImpl/]: Registry entry listened Registry Entry [minecraft:item / fossil:bone_vertebrae_compsognathus] was not realized!
[01Sep2026 03:16:02.563] [main/WARN] [dev.architectury.registry.registries.forge.RegistrarManagerImpl/]: Registry entry listened Registry Entry [minecraft:item / fossil:bone_foot_confuciusornis] was not realized!
[01Sep2026 03:16:02.563] [main/WARN] [dev.architectury.registry.registries.forge.RegistrarManagerImpl/]: Registry entry listened Registry Entry [minecraft:item / fossil:bone_unique_tyrannosaurus] was not realized!
[01Sep2026 03:16:02.563] [main/WARN] [dev.architectury.registry.registries.forge.RegistrarManagerImpl/]: Registry entry listened Registry Entry [minecraft:item / fossil:megalograptus_dna] was not realized!
[01Sep2026 03:16:02.563] [main/WARN] [dev.architectury.registry.registries.forge.RegistrarManagerImpl/]: Registry entry listened Registry Entry [minecraft:item / fossil:cooked_pachycephalosaurus] was not realized!
[01Sep2026 03:16:02.563] [main/WARN] [dev.architectury.registry.registries.forge.RegistrarManagerImpl/]: Registry entry listened Registry Entry [minecraft:item / fossil:meat_sturgeon] was not realized!
[01Sep2026 03:16:02.563] [main/WARN] [dev.architectury.registry.registries.forge.RegistrarManagerImpl/]: Registry entry listened Registry Entry [minecraft:item / fossil:bone_arm_citipati] was not realized!
[01Sep2026 03:16:02.563] [main/WARN] [dev.architectury.registry.registries.forge.RegistrarManagerImpl/]: Registry entry listened Registry Entry [minecraft:item / fossil:spawn_egg_walliserops] was not realized!
[01Sep2026 03:16:02.563] [main/WARN] [dev.architectury.registry.registries.forge.RegistrarManagerImpl/]: Registry entry listened Registry Entry [minecraft:item / fossil:wolf_dna] was not realized!
[01Sep2026 03:16:02.563] [main/WARN] [dev.architectury.registry.registries.forge.RegistrarManagerImpl/]: Registry entry listened Registry Entry [minecraft:item / fossil:meat_sarcosuchus] was not realized!
[01Sep2026 03:16:02.563] [main/WARN] [dev.architectury.registry.registries.forge.RegistrarManagerImpl/]: Registry entry listened Registry Entry [minecraft:item / fossil:egg_item_citipati] was not realized!
[01Sep2026 03:16:02.563] [main/WARN] [dev.architectury.registry.registries.forge.RegistrarManagerImpl/]: Registry entry listened Registry Entry [minecraft:item / fossil:bone_leg_liopleurodon] was not realized!
[01Sep2026 03:16:02.563] [main/WARN] [dev.architectury.registry.registries.forge.RegistrarManagerImpl/]: Registry entry listened Registry Entry [minecraft:item / fossil:cooked_meganeura] was not realized!
[01Sep2026 03:16:02.563] [main/WARN] [dev.architectury.registry.registries.forge.RegistrarManagerImpl/]: Registry entry listened Registry Entry [minecraft:item / fossil:cooked_tiktaalik] was not realized!
[01Sep2026 03:16:02.563] [main/WARN] [dev.architectury.registry.registries.forge.RegistrarManagerImpl/]: Registry entry listened Registry Entry [minecraft:item / fossil:bone_tail_platybelodon] was not realized!
[01Sep2026 03:16:02.563] [main/WARN] [dev.architectury.registry.registries.forge.RegistrarManagerImpl/]: Registry entry listened Registry Entry [minecraft:item / fossil:egg_item_salmon] was not realized!
[01Sep2026 03:16:02.563] [main/WARN] [dev.architectury.registry.registries.forge.RegistrarManagerImpl/]: Registry entry listened Registry Entry [minecraft:item / fossil:bone_arm_postosuchus] was not realized!
[01Sep2026 03:16:02.563] [main/WARN] [dev.architectury.registry.registries.forge.RegistrarManagerImpl/]: Registry entry listened Registry Entry [minecraft:item / fossil:bucket_item_tiktaalik] was not realized!
[01Sep2026 03:16:02.563] [main/WARN] [dev.architectury.registry.registries.forge.RegistrarManagerImpl/]: Registry entry listened Registry Entry [minecraft:item / fossil:egg_item_gastornis] was not realized!
[01Sep2026 03:16:02.563] [main/WARN] [dev.architectury.registry.registries.forge.RegistrarManagerImpl/]: Registry entry listened Registry Entry [minecraft:item / fossil:bone_tail_dimetrodon] was not realized!
[01Sep2026 03:16:02.563] [main/WARN] [dev.architectury.registry.registries.forge.RegistrarManagerImpl/]: Registry entry listened Registry Entry [minecraft:item / fossil:bone_unique_brachiosaurus] was not realized!
[01Sep2026 03:16:02.563] [main/WARN] [dev.architectury.registry.registries.forge.RegistrarManagerImpl/]: Registry entry listened Registry Entry [minecraft:item / fossil:bone_foot_ornitholestes] was not realized!
[01Sep2026 03:16:02.563] [main/WARN] [dev.architectury.registry.registries.forge.RegistrarManagerImpl/]: Registry entry listened Registry Entry [minecraft:item / fossil:bone_arm_pachycephalosaurus] was not realized!
[01Sep2026 03:16:02.563] [main/WARN] [dev.architectury.registry.registries.forge.RegistrarManagerImpl/]: Registry entry listened Registry Entry [minecraft:item / fossil:ornitholestes_dna] was not realized!
[01Sep2026 03:16:02.564] [main/WARN] [dev.architectury.registry.registries.forge.RegistrarManagerImpl/]: Registry entry listened Registry Entry [minecraft:item / fossil:bone_unique_psittacosaurus] was not realized!
[01Sep2026 03:16:02.564] [main/WARN] [dev.architectury.registry.registries.forge.RegistrarManagerImpl/]: Registry entry listened Registry Entry [minecraft:item / fossil:bone_unique_deinonychus] was not realized!
[01Sep2026 03:16:02.564] [main/WARN] [dev.architectury.registry.registries.forge.RegistrarManagerImpl/]: Registry entry listened Registry Entry [minecraft:item / fossil:bone_vertebrae_triceratops] was not realized!
[01Sep2026 03:16:02.564] [main/WARN] [dev.architectury.registry.registries.forge.RegistrarManagerImpl/]: Registry entry listened Registry Entry [minecraft:item / fossil:bone_arm_protoceratops] was not realized!
[01Sep2026 03:16:02.564] [main/WARN] [dev.architectury.registry.registries.forge.RegistrarManagerImpl/]: Registry entry listened Registry Entry [minecraft:item / fossil:bone_leg_crassigyrinus] was not realized!
[01Sep2026 03:16:02.564] [main/WARN] [dev.architectury.registry.registries.forge.RegistrarManagerImpl/]: Registry entry listened Registry Entry [minecraft:item / fossil:bone_foot_kelenken] was not realized!
[01Sep2026 03:16:02.564] [main/WARN] [dev.architectury.registry.registries.forge.RegistrarManagerImpl/]: Registry entry listened Registry Entry [minecraft:item / fossil:bone_unique_stegosaurus] was not realized!
[01Sep2026 03:16:02.564] [main/WARN] [dev.architectury.registry.registries.forge.RegistrarManagerImpl/]: Registry entry listened Registry Entry [minecraft:item / fossil:squid_dna] was not realized!
[01Sep2026 03:16:02.564] [main/WARN] [dev.architectury.registry.registries.forge.RegistrarManagerImpl/]: Registry entry listened Registry Entry [minecraft:item / fossil:postosuchus_dna] was not realized!
[01Sep2026 03:16:02.564] [main/WARN] [dev.architectury.registry.registries.forge.RegistrarManagerImpl/]: Registry entry listened Registry Entry [minecraft:item / fossil:bone_vertebrae_parasaurolophus] was not realized!
[01Sep2026 03:16:02.564] [main/WARN] [dev.architectury.registry.registries.forge.RegistrarManagerImpl/]: Registry entry listened Registry Entry [minecraft:item / fossil:spawn_egg_postosuchus] was not realized!
[01Sep2026 03:16:02.564] [main/WARN] [dev.architectury.registry.registries.forge.RegistrarManagerImpl/]: Registry entry listened Registry Entry [minecraft:item / fossil:bone_leg_protoceratops] was not realized!
[01Sep2026 03:16:02.564] [main/WARN] [dev.architectury.registry.registries.forge.RegistrarManagerImpl/]: Registry entry listened Registry Entry [minecraft:item / fossil:mosasaurus_dna] was not realized!
[01Sep2026 03:16:02.564] [main/WARN] [dev.architectury.registry.registries.forge.RegistrarManagerImpl/]: Registry entry listened Registry Entry [minecraft:item / fossil:bone_unique_ornitholestes] was not realized!
[01Sep2026 03:16:02.564] [main/WARN] [dev.architectury.registry.registries.forge.RegistrarManagerImpl/]: Registry entry listened Registry Entry [minecraft:item / fossil:meat_diplodocus] was not realized!
[01Sep2026 03:16:02.564] [main/WARN] [dev.architectury.registry.registries.forge.RegistrarManagerImpl/]: Registry entry listened Registry Entry [minecraft:item / fossil:fox_dna] was not realized!
[01Sep2026 03:16:02.564] [main/WARN] [dev.architectury.registry.registries.forge.RegistrarManagerImpl/]: Registry entry listened Registry Entry [minecraft:item / fossil:bone_foot_pachycephalosaurus] was not realized!
[01Sep2026 03:16:02.564] [main/WARN] [dev.architectury.registry.registries.forge.RegistrarManagerImpl/]: Registry entry listened Registry Entry [minecraft:item / fossil:bone_foot_psittacosaurus] was not realized!
[01Sep2026 03:16:02.564] [main/WARN] [dev.architectury.registry.registries.forge.RegistrarManagerImpl/]: Registry entry listened Registry Entry [minecraft:item / fossil:bone_vertebrae_citipati] was not realized!
[01Sep2026 03:16:02.564] [main/WARN] [dev.architectury.registry.registries.forge.RegistrarManagerImpl/]: Registry entry listened Registry Entry [minecraft:item / fossil:bone_arm_pachyrhinosaurus] was not realized!
[01Sep2026 03:16:02.564] [main/WARN] [dev.architectury.registry.registries.forge.RegistrarManagerImpl/]: Registry entry listened Registry Entry [minecraft:item / fossil:bone_arm_confuciusornis] was not realized!
[01Sep2026 03:16:02.564] [main/WARN] [dev.architectury.registry.registries.forge.RegistrarManagerImpl/]: Registry entry listened Registry Entry [minecraft:item / fossil:bone_skull_liopleurodon] was not realized!
[01Sep2026 03:16:02.564] [main/WARN] [dev.architectury.registry.registries.forge.RegistrarManagerImpl/]: Registry entry listened Registry Entry [minecraft:item / fossil:bone_skull_gallimimus] was not realized!
[01Sep2026 03:16:02.564] [main/WARN] [dev.architectury.registry.registries.forge.RegistrarManagerImpl/]: Registry entry listened Registry Entry [minecraft:item / fossil:cooked_quetzalcoatlus] was not realized!
[01Sep2026 03:16:02.564] [main/WARN] [dev.architectury.registry.registries.forge.RegistrarManagerImpl/]: Registry entry listened Registry Entry [minecraft:item / fossil:bone_ribcage_liopleurodon] was not realized!
[01Sep2026 03:16:02.564] [main/WARN] [dev.architectury.registry.registries.forge.RegistrarManagerImpl/]: Registry entry listened Registry Entry [minecraft:item / fossil:egg_item_ankylosaurus] was not realized!
[01Sep2026 03:16:02.564] [main/WARN] [dev.architectury.registry.registries.forge.RegistrarManagerImpl/]: Registry entry listened Registry Entry [minecraft:item / fossil:spawn_egg_crassigyrinus] was not realized!
[01Sep2026 03:16:02.564] [main/WARN] [dev.architectury.registry.registries.forge.RegistrarManagerImpl/]: Registry entry listened Registry Entry [minecraft:item / fossil:bone_tail_postosuchus] was not realized!
[01Sep2026 03:16:02.564] [main/WARN] [dev.architectury.registry.registries.forge.RegistrarManagerImpl/]: Registry entry listened Registry Entry [minecraft:item / fossil:syringe_dolphin] was not realized!
[01Sep2026 03:16:02.564] [main/WARN] [dev.architectury.registry.registries.forge.RegistrarManagerImpl/]: Registry entry listened Registry Entry [minecraft:item / fossil:bone_unique_liopleurodon] was not realized!
[01Sep2026 03:16:02.564] [main/WARN] [dev.architectury.registry.registries.forge.RegistrarManagerImpl/]: Registry entry listened Registry Entry [minecraft:item / fossil:bone_skull_mosasaurus] was not realized!
[01Sep2026 03:16:02.564] [main/WARN] [dev.architectury.registry.registries.forge.RegistrarManagerImpl/]: Registry entry listened Registry Entry [minecraft:item / fossil:egg_item_gallimimus] was not realized!
[01Sep2026 03:16:02.564] [main/WARN] [dev.architectury.registry.registries.forge.RegistrarManagerImpl/]: Registry entry listened Registry Entry [minecraft:item / fossil:bone_leg_confuciusornis] was not realized!
[01Sep2026 03:16:02.564] [main/WARN] [dev.architectury.registry.registries.forge.RegistrarManagerImpl/]: Registry entry listened Registry Entry [minecraft:item / fossil:bone_skull_megalania] was not realized!
[01Sep2026 03:16:02.564] [main/WARN] [dev.architectury.registry.registries.forge.RegistrarManagerImpl/]: Registry entry listened Registry Entry [minecraft:item / fossil:bone_leg_tiktaalik] was not realized!
[01Sep2026 03:16:02.564] [main/WARN] [dev.architectury.registry.registries.forge.RegistrarManagerImpl/]: Registry entry listened Registry Entry [minecraft:item / fossil:bone_arm_kelenken] was not realized!
[01Sep2026 03:16:02.564] [main/WARN] [dev.architectury.registry.registries.forge.RegistrarManagerImpl/]: Registry entry listened Registry Entry [minecraft:item / fossil:bone_tail_compsognathus] was not realized!
[01Sep2026 03:16:02.564] [main/WARN] [dev.architectury.registry.registries.forge.RegistrarManagerImpl/]: Registry entry listened Registry Entry [minecraft:item / fossil:egg_dodo] was not realized!
[01Sep2026 03:16:02.564] [main/WARN] [dev.architectury.registry.registries.forge.RegistrarManagerImpl/]: Registry entry listened Registry Entry [minecraft:item / fossil:bone_foot_stegosaurus] was not realized!
[01Sep2026 03:16:02.564] [main/WARN] [dev.architectury.registry.registries.forge.RegistrarManagerImpl/]: Registry entry listened Registry Entry [minecraft:item / fossil:bone_skull_dodo] was not realized!
[01Sep2026 03:16:02.564] [main/WARN] [dev.architectury.registry.registries.forge.RegistrarManagerImpl/]: Registry entry listened Registry Entry [minecraft:item / fossil:cooked_sarcosuchus] was not realized!
[01Sep2026 03:16:02.564] [main/WARN] [dev.architectury.registry.registries.forge.RegistrarManagerImpl/]: Registry entry listened Registry Entry [minecraft:item / fossil:hoglin_dna] was not realized!
[01Sep2026 03:16:02.564] [main/WARN] [dev.architectury.registry.registries.forge.RegistrarManagerImpl/]: Registry entry listened Registry Entry [minecraft:item / fossil:egg_item_psittacosaurus] was not realized!
[01Sep2026 03:16:02.564] [main/WARN] [dev.architectury.registry.registries.forge.RegistrarManagerImpl/]: Registry entry listened Registry Entry [minecraft:item / fossil:bone_unique_quetzalcoatlus] was not realized!
[01Sep2026 03:16:02.564] [main/WARN] [dev.architectury.registry.registries.forge.RegistrarManagerImpl/]: Registry entry listened Registry Entry [minecraft:item / fossil:egg_item_walliserops] was not realized!
[01Sep2026 03:16:02.564] [main/WARN] [dev.architectury.registry.registries.forge.RegistrarManagerImpl/]: Registry entry listened Registry Entry [minecraft:item / fossil:bone_arm_therizinosaurus] was not realized!
[01Sep2026 03:16:02.564] [main/WARN] [dev.architectury.registry.registries.forge.RegistrarManagerImpl/]: Registry entry listened Registry Entry [minecraft:item / fossil:camel_dna] was not realized!
[01Sep2026 03:16:02.564] [main/WARN] [dev.architectury.registry.registries.forge.RegistrarManagerImpl/]: Registry entry listened Registry Entry [minecraft:item / fossil:spawn_egg_arthropleura] was not realized!
[01Sep2026 03:16:02.564] [main/WARN] [dev.architectury.registry.registries.forge.RegistrarManagerImpl/]: Registry entry listened Registry Entry [minecraft:item / fossil:bone_arm_elasmotherium] was not realized!
[01Sep2026 03:16:02.564] [main/WARN] [dev.architectury.registry.registries.forge.RegistrarManagerImpl/]: Registry entry listened Registry Entry [minecraft:item / fossil:alligator_gar_dna] was not realized!
[01Sep2026 03:16:02.564] [main/WARN] [dev.architectury.registry.registries.forge.RegistrarManagerImpl/]: Registry entry listened Registry Entry [minecraft:item / fossil:bone_unique_platybelodon] was not realized!
[01Sep2026 03:16:02.564] [main/WARN] [dev.architectury.registry.registries.forge.RegistrarManagerImpl/]: Registry entry listened Registry Entry [minecraft:item / fossil:spawn_egg_dicranurus] was not realized!
[01Sep2026 03:16:02.564] [main/WARN] [dev.architectury.registry.registries.forge.RegistrarManagerImpl/]: Registry entry listened Registry Entry [minecraft:item / fossil:bone_skull_henodus] was not realized!
[01Sep2026 03:16:02.564] [main/WARN] [dev.architectury.registry.registries.forge.RegistrarManagerImpl/]: Registry entry listened Registry Entry [minecraft:item / fossil:spawn_egg_elasmotherium] was not realized!
[01Sep2026 03:16:02.564] [main/WARN] [dev.architectury.registry.registries.forge.RegistrarManagerImpl/]: Registry entry listened Registry Entry [minecraft:item / fossil:bone_leg_compsognathus] was not realized!
[01Sep2026 03:16:02.564] [main/WARN] [dev.architectury.registry.registries.forge.RegistrarManagerImpl/]: Registry entry listened Registry Entry [minecraft:item / fossil:meat_diplocaulus] was not realized!
[01Sep2026 03:16:02.564] [main/WARN] [dev.architectury.registry.registries.forge.RegistrarManagerImpl/]: Registry entry listened Registry Entry [minecraft:item / fossil:spawn_egg_sturgeon] was not realized!
[01Sep2026 03:16:02.564] [main/WARN] [dev.architectury.registry.registries.forge.RegistrarManagerImpl/]: Registry entry listened Registry Entry [minecraft:item / fossil:bone_unique_dimorphodon] was not realized!
[01Sep2026 03:16:02.564] [main/WARN] [dev.architectury.registry.registries.forge.RegistrarManagerImpl/]: Registry entry listened Registry Entry [minecraft:item / fossil:bone_ribcage_platybelodon] was not realized!
[01Sep2026 03:16:02.564] [main/WARN] [dev.architectury.registry.registries.forge.RegistrarManagerImpl/]: Registry entry listened Registry Entry [minecraft:item / fossil:spawn_egg_gastornis] was not realized!
[01Sep2026 03:16:02.564] [main/WARN] [dev.architectury.registry.registries.forge.RegistrarManagerImpl/]: Registry entry listened Registry Entry [minecraft:item / fossil:egg_kelenken] was not realized!
[01Sep2026 03:16:02.564] [main/WARN] [dev.architectury.registry.registries.forge.RegistrarManagerImpl/]: Registry entry listened Registry Entry [minecraft:item / fossil:bone_vertebrae_ornitholestes] was not realized!
[01Sep2026 03:16:02.564] [main/WARN] [dev.architectury.registry.registries.forge.RegistrarManagerImpl/]: Registry entry listened Registry Entry [minecraft:item / fossil:bone_leg_dryosaurus] was not realized!
[01Sep2026 03:16:02.564] [main/WARN] [dev.architectury.registry.registries.forge.RegistrarManagerImpl/]: Registry entry listened Registry Entry [minecraft:item / fossil:bone_arm_titanis] was not realized!
[01Sep2026 03:16:02.564] [main/WARN] [dev.architectury.registry.registries.forge.RegistrarManagerImpl/]: Registry entry listened Registry Entry [minecraft:item / fossil:confuciusornis_dna] was not realized!
[01Sep2026 03:16:02.564] [main/WARN] [dev.architectury.registry.registries.forge.RegistrarManagerImpl/]: Registry entry listened Registry Entry [minecraft:item / fossil:bone_unique_megaloceros] was not realized!
[01Sep2026 03:16:02.564] [main/WARN] [dev.architectury.registry.registries.forge.RegistrarManagerImpl/]: Registry entry listened Registry Entry [minecraft:item / fossil:bone_arm_henodus] was not realized!
[01Sep2026 03:16:02.564] [main/WARN] [dev.architectury.registry.registries.forge.RegistrarManagerImpl/]: Registry entry listened Registry Entry [minecraft:item / fossil:bone_foot_citipati] was not realized!
[01Sep2026 03:16:02.564] [main/WARN] [dev.architectury.registry.registries.forge.RegistrarManagerImpl/]: Registry entry listened Registry Entry [minecraft:item / fossil:bone_foot_smilodon] was not realized!
[01Sep2026 03:16:02.564] [main/WARN] [dev.architectury.registry.registries.forge.RegistrarManagerImpl/]: Registry entry listened Registry Entry [minecraft:item / fossil:bone_skull_postosuchus] was not realized!
[01Sep2026 03:16:02.564] [main/WARN] [dev.architectury.registry.registries.forge.RegistrarManagerImpl/]: Registry entry listened Registry Entry [minecraft:item / fossil:bone_vertebrae_ankylosaurus] was not realized!
[01Sep2026 03:16:02.564] [main/WARN] [dev.architectury.registry.registries.forge.RegistrarManagerImpl/]: Registry entry listened Registry Entry [minecraft:item / fossil:bone_skull_dryosaurus] was not realized!
[01Sep2026 03:16:02.564] [main/WARN] [dev.architectury.registry.registries.forge.RegistrarManagerImpl/]: Registry entry listened Registry Entry [minecraft:item / fossil:bone_ribcage_brachiosaurus] was not realized!
[01Sep2026 03:16:02.564] [main/WARN] [dev.architectury.registry.registries.forge.RegistrarManagerImpl/]: Registry entry listened Registry Entry [minecraft:item / fossil:bone_arm_gallimimus] was not realized!
[01Sep2026 03:16:02.564] [main/WARN] [dev.architectury.registry.registries.forge.RegistrarManagerImpl/]: Registry entry listened Registry Entry [minecraft:item / fossil:pufferfish_dna] was not realized!
[01Sep2026 03:16:02.564] [main/WARN] [dev.architectury.registry.registries.forge.RegistrarManagerImpl/]: Registry entry listened Registry Entry [minecraft:item / fossil:bone_tail_crassigyrinus] was not realized!
[01Sep2026 03:16:02.564] [main/WARN] [dev.architectury.registry.registries.forge.RegistrarManagerImpl/]: Registry entry listened Registry Entry [minecraft:item / fossil:bone_vertebrae_kelenken] was not realized!
[01Sep2026 03:16:02.564] [main/WARN] [dev.architectury.registry.registries.forge.RegistrarManagerImpl/]: Registry entry listened Registry Entry [minecraft:item / fossil:bone_vertebrae_elasmotherium] was not realized!
[01Sep2026 03:16:02.564] [main/WARN] [dev.architectury.registry.registries.forge.RegistrarManagerImpl/]: Registry entry listened Registry Entry [minecraft:item / fossil:egg_item_aquilolamna] was not realized!
[01Sep2026 03:16:02.564] [main/WARN] [dev.architectury.registry.registries.forge.RegistrarManagerImpl/]: Registry entry listened Registry Entry [minecraft:item / fossil:bone_tail_tyrannosaurus] was not realized!
[01Sep2026 03:16:02.564] [main/WARN] [dev.architectury.registry.registries.forge.RegistrarManagerImpl/]: Registry entry listened Registry Entry [minecraft:item / fossil:cooked_ceratosaurus] was not realized!
[01Sep2026 03:16:02.564] [main/WARN] [dev.architectury.registry.registries.forge.RegistrarManagerImpl/]: Registry entry listened Registry Entry [minecraft:item / fossil:bone_vertebrae_quetzalcoatlus] was not realized!
[01Sep2026 03:16:02.564] [main/WARN] [dev.architectury.registry.registries.forge.RegistrarManagerImpl/]: Registry entry listened Registry Entry [minecraft:item / fossil:meat_triceratops] was not realized!
[01Sep2026 03:16:02.564] [main/WARN] [dev.architectury.registry.registries.forge.RegistrarManagerImpl/]: Registry entry listened Registry Entry [minecraft:item / fossil:tyrannosaurus_dna] was not realized!
[01Sep2026 03:16:02.564] [main/WARN] [dev.architectury.registry.registries.forge.RegistrarManagerImpl/]: Registry entry listened Registry Entry [minecraft:item / fossil:spawn_egg_ornitholestes] was not realized!
[01Sep2026 03:16:02.565] [main/WARN] [dev.architectury.registry.registries.forge.RegistrarManagerImpl/]: Registry entry listened Registry Entry [minecraft:item / fossil:bone_tail_confuciusornis] was not realized!
[01Sep2026 03:16:02.565] [main/WARN] [dev.architectury.registry.registries.forge.RegistrarManagerImpl/]: Registry entry listened Registry Entry [minecraft:item / fossil:bone_leg_sarcosuchus] was not realized!
[01Sep2026 03:16:02.565] [main/WARN] [dev.architectury.registry.registries.forge.RegistrarManagerImpl/]: Registry entry listened Registry Entry [minecraft:item / fossil:meat_scotoharpes] was not realized!
[01Sep2026 03:16:02.565] [main/WARN] [dev.architectury.registry.registries.forge.RegistrarManagerImpl/]: Registry entry listened Registry Entry [minecraft:item / fossil:cooked_parasaurolophus] was not realized!
[01Sep2026 03:16:02.565] [main/WARN] [dev.architectury.registry.registries.forge.RegistrarManagerImpl/]: Registry entry listened Registry Entry [minecraft:item / fossil:cooked_alligator_gar] was not realized!
[01Sep2026 03:16:02.565] [main/WARN] [dev.architectury.registry.registries.forge.RegistrarManagerImpl/]: Registry entry listened Registry Entry [minecraft:item / fossil:meat_dimetrodon] was not realized!
[01Sep2026 03:16:02.565] [main/WARN] [dev.architectury.registry.registries.forge.RegistrarManagerImpl/]: Registry entry listened Registry Entry [minecraft:item / fossil:bone_leg_dodo] was not realized!
[01Sep2026 03:16:02.565] [main/WARN] [dev.architectury.registry.registries.forge.RegistrarManagerImpl/]: Registry entry listened Registry Entry [minecraft:item / fossil:bucket_item_lonchodomas] was not realized!
[01Sep2026 03:16:02.565] [main/WARN] [dev.architectury.registry.registries.forge.RegistrarManagerImpl/]: Registry entry listened Registry Entry [minecraft:item / fossil:bone_unique_compsognathus] was not realized!
[01Sep2026 03:16:02.565] [main/WARN] [dev.architectury.registry.registries.forge.RegistrarManagerImpl/]: Registry entry listened Registry Entry [minecraft:item / fossil:bone_leg_elasmotherium] was not realized!
[01Sep2026 03:16:02.565] [main/WARN] [dev.architectury.registry.registries.forge.RegistrarManagerImpl/]: Registry entry listened Registry Entry [minecraft:item / fossil:edaphosaurus_dna] was not realized!
[01Sep2026 03:16:02.565] [main/WARN] [dev.architectury.registry.registries.forge.RegistrarManagerImpl/]: Registry entry listened Registry Entry [minecraft:item / fossil:megalodon_dna] was not realized!
[01Sep2026 03:16:02.565] [main/WARN] [dev.architectury.registry.registries.forge.RegistrarManagerImpl/]: Registry entry listened Registry Entry [minecraft:item / fossil:syringe_mammoth] was not realized!
[01Sep2026 03:16:02.565] [main/WARN] [dev.architectury.registry.registries.forge.RegistrarManagerImpl/]: Registry entry listened Registry Entry [minecraft:item / fossil:egg_item_tropical_fish] was not realized!
[01Sep2026 03:16:02.565] [main/WARN] [dev.architectury.registry.registries.forge.RegistrarManagerImpl/]: Registry entry listened Registry Entry [minecraft:item / fossil:bone_tail_tiktaalik] was not realized!
[01Sep2026 03:16:02.565] [main/WARN] [dev.architectury.registry.registries.forge.RegistrarManagerImpl/]: Registry entry listened Registry Entry [minecraft:item / fossil:bone_unique_velociraptor] was not realized!
[01Sep2026 03:16:02.565] [main/WARN] [dev.architectury.registry.registries.forge.RegistrarManagerImpl/]: Registry entry listened Registry Entry [minecraft:item / fossil:bone_foot_allosaurus] was not realized!
[01Sep2026 03:16:02.565] [main/WARN] [dev.architectury.registry.registries.forge.RegistrarManagerImpl/]: Registry entry listened Registry Entry [minecraft:item / fossil:meat_ceratosaurus] was not realized!
[01Sep2026 03:16:02.565] [main/WARN] [dev.architectury.registry.registries.forge.RegistrarManagerImpl/]: Registry entry listened Registry Entry [minecraft:item / fossil:meat_walliserops] was not realized!
[01Sep2026 03:16:02.565] [main/WARN] [dev.architectury.registry.registries.forge.RegistrarManagerImpl/]: Registry entry listened Registry Entry [minecraft:item / fossil:bone_skull_sarcosuchus] was not realized!
[01Sep2026 03:16:02.565] [main/WARN] [dev.architectury.registry.registries.forge.RegistrarManagerImpl/]: Registry entry listened Registry Entry [minecraft:item / fossil:dodo_dna] was not realized!
[01Sep2026 03:16:02.565] [main/WARN] [dev.architectury.registry.registries.forge.RegistrarManagerImpl/]: Registry entry listened Registry Entry [minecraft:item / fossil:meat_dicranurus] was not realized!
[01Sep2026 03:16:02.565] [main/WARN] [dev.architectury.registry.registries.forge.RegistrarManagerImpl/]: Registry entry listened Registry Entry [minecraft:item / fossil:bone_arm_ornitholestes] was not realized!
[01Sep2026 03:16:02.565] [main/WARN] [dev.architectury.registry.registries.forge.RegistrarManagerImpl/]: Registry entry listened Registry Entry [minecraft:item / fossil:meat_confuciusornis] was not realized!
[01Sep2026 03:16:02.565] [main/WARN] [dev.architectury.registry.registries.forge.RegistrarManagerImpl/]: Registry entry listened Registry Entry [minecraft:item / fossil:spawn_egg_diplodocus] was not realized!
[01Sep2026 03:16:02.565] [main/WARN] [dev.architectury.registry.registries.forge.RegistrarManagerImpl/]: Registry entry listened Registry Entry [minecraft:item / fossil:bone_vertebrae_sarcosuchus] was not realized!
[01Sep2026 03:16:02.565] [main/WARN] [dev.architectury.registry.registries.forge.RegistrarManagerImpl/]: Registry entry listened Registry Entry [minecraft:item / fossil:polar_bear_dna] was not realized!
[01Sep2026 03:16:02.565] [main/WARN] [dev.architectury.registry.registries.forge.RegistrarManagerImpl/]: Registry entry listened Registry Entry [minecraft:item / fossil:phorusrhacos_dna] was not realized!
[01Sep2026 03:16:02.565] [main/WARN] [dev.architectury.registry.registries.forge.RegistrarManagerImpl/]: Registry entry listened Registry Entry [minecraft:item / fossil:bone_foot_protoceratops] was not realized!
[01Sep2026 03:16:02.565] [main/WARN] [dev.architectury.registry.registries.forge.RegistrarManagerImpl/]: Registry entry listened Registry Entry [minecraft:item / fossil:meat_phorusrhacos] was not realized!
[01Sep2026 03:16:02.565] [main/WARN] [dev.architectury.registry.registries.forge.RegistrarManagerImpl/]: Registry entry listened Registry Entry [minecraft:item / fossil:ankylosaurus_dna] was not realized!
[01Sep2026 03:16:02.565] [main/WARN] [dev.architectury.registry.registries.forge.RegistrarManagerImpl/]: Registry entry listened Registry Entry [minecraft:item / fossil:spawn_egg_megalania] was not realized!
[01Sep2026 03:16:02.565] [main/WARN] [dev.architectury.registry.registries.forge.RegistrarManagerImpl/]: Registry entry listened Registry Entry [minecraft:item / fossil:bone_tail_liopleurodon] was not realized!
[01Sep2026 03:16:02.565] [main/WARN] [dev.architectury.registry.registries.forge.RegistrarManagerImpl/]: Registry entry listened Registry Entry [minecraft:item / fossil:egg_item_triceratops] was not realized!
[01Sep2026 03:16:02.565] [main/WARN] [dev.architectury.registry.registries.forge.RegistrarManagerImpl/]: Registry entry listened Registry Entry [minecraft:item / fossil:bucket_item_nautilus] was not realized!
[01Sep2026 03:16:02.565] [main/WARN] [dev.architectury.registry.registries.forge.RegistrarManagerImpl/]: Registry entry listened Registry Entry [minecraft:item / fossil:egg_item_allosaurus] was not realized!
[01Sep2026 03:16:02.565] [main/WARN] [dev.architectury.registry.registries.forge.RegistrarManagerImpl/]: Registry entry listened Registry Entry [minecraft:item / fossil:bone_unique_tiktaalik] was not realized!
[01Sep2026 03:16:02.565] [main/WARN] [dev.architectury.registry.registries.forge.RegistrarManagerImpl/]: Registry entry listened Registry Entry [minecraft:item / fossil:cooked_therizinosaurus] was not realized!
[01Sep2026 03:16:02.565] [main/WARN] [dev.architectury.registry.registries.forge.RegistrarManagerImpl/]: Registry entry listened Registry Entry [minecraft:item / fossil:bone_unique_crassigyrinus] was not realized!
[01Sep2026 03:16:02.565] [main/WARN] [dev.architectury.registry.registries.forge.RegistrarManagerImpl/]: Registry entry listened Registry Entry [minecraft:item / fossil:meat_plesiosaurus] was not realized!
[01Sep2026 03:16:02.565] [main/WARN] [dev.architectury.registry.registries.forge.RegistrarManagerImpl/]: Registry entry listened Registry Entry [minecraft:item / fossil:bone_unique_titanis] was not realized!
[01Sep2026 03:16:02.565] [main/WARN] [dev.architectury.registry.registries.forge.RegistrarManagerImpl/]: Registry entry listened Registry Entry [minecraft:item / fossil:spawn_egg_sarcosuchus] was not realized!
[01Sep2026 03:16:02.565] [main/WARN] [dev.architectury.registry.registries.forge.RegistrarManagerImpl/]: Registry entry listened Registry Entry [minecraft:item / fossil:bone_foot_gallimimus] was not realized!
[01Sep2026 03:16:02.565] [main/WARN] [dev.architectury.registry.registries.forge.RegistrarManagerImpl/]: Registry entry listened Registry Entry [minecraft:item / fossil:llama_dna] was not realized!
[01Sep2026 03:16:02.565] [main/WARN] [dev.architectury.registry.registries.forge.RegistrarManagerImpl/]: Registry entry listened Registry Entry [minecraft:item / fossil:bone_leg_ornitholestes] was not realized!
[01Sep2026 03:16:02.565] [main/WARN] [dev.architectury.registry.registries.forge.RegistrarManagerImpl/]: Registry entry listened Registry Entry [minecraft:item / fossil:bone_arm_tiktaalik] was not realized!
[01Sep2026 03:16:02.565] [main/WARN] [dev.architectury.registry.registries.forge.RegistrarManagerImpl/]: Registry entry listened Registry Entry [minecraft:item / fossil:cooked_protoceratops] was not realized!
[01Sep2026 03:16:02.565] [main/WARN] [dev.architectury.registry.registries.forge.RegistrarManagerImpl/]: Registry entry listened Registry Entry [minecraft:item / fossil:cooked_walliserops] was not realized!
[01Sep2026 03:16:02.565] [main/WARN] [dev.architectury.registry.registries.forge.RegistrarManagerImpl/]: Registry entry listened Registry Entry [minecraft:item / fossil:horse_dna] was not realized!
[01Sep2026 03:16:02.565] [main/WARN] [dev.architectury.registry.registries.forge.RegistrarManagerImpl/]: Registry entry listened Registry Entry [minecraft:item / fossil:bone_skull_gastornis] was not realized!
[01Sep2026 03:16:02.565] [main/WARN] [dev.architectury.registry.registries.forge.RegistrarManagerImpl/]: Registry entry listened Registry Entry [minecraft:item / fossil:cooked_triceratops] was not realized!
[01Sep2026 03:16:02.572] [main/WARN] [dev.architectury.registry.registries.forge.RegistrarManagerImpl/]: Registry entry listened Registry Entry [minecraft:item / fossil:ichthyosaurus_dna] was not realized!
[01Sep2026 03:16:02.572] [main/WARN] [dev.architectury.registry.registries.forge.RegistrarManagerImpl/]: Registry entry listened Registry Entry [minecraft:item / fossil:bone_vertebrae_confuciusornis] was not realized!
[01Sep2026 03:16:02.572] [main/WARN] [dev.architectury.registry.registries.forge.RegistrarManagerImpl/]: Registry entry listened Registry Entry [minecraft:item / fossil:cooked_edaphosaurus] was not realized!
[01Sep2026 03:16:02.572] [main/WARN] [dev.architectury.registry.registries.forge.RegistrarManagerImpl/]: Registry entry listened Registry Entry [minecraft:item / fossil:meat_aquilolamna] was not realized!
[01Sep2026 03:16:02.572] [main/WARN] [dev.architectury.registry.registries.forge.RegistrarManagerImpl/]: Registry entry listened Registry Entry [minecraft:item / fossil:bone_leg_stegosaurus] was not realized!
[01Sep2026 03:16:02.572] [main/WARN] [dev.architectury.registry.registries.forge.RegistrarManagerImpl/]: Registry entry listened Registry Entry [minecraft:item / fossil:egg_item_henodus] was not realized!
[01Sep2026 03:16:02.572] [main/WARN] [dev.architectury.registry.registries.forge.RegistrarManagerImpl/]: Registry entry listened Registry Entry [minecraft:item / fossil:bone_leg_titanis] was not realized!
[01Sep2026 03:16:02.572] [main/WARN] [dev.architectury.registry.registries.forge.RegistrarManagerImpl/]: Registry entry listened Registry Entry [minecraft:item / fossil:meat_dilophosaurus] was not realized!
[01Sep2026 03:16:02.572] [main/WARN] [dev.architectury.registry.registries.forge.RegistrarManagerImpl/]: Registry entry listened Registry Entry [minecraft:item / fossil:spawn_egg_pachyrhinosaurus] was not realized!
[01Sep2026 03:16:02.572] [main/WARN] [dev.architectury.registry.registries.forge.RegistrarManagerImpl/]: Registry entry listened Registry Entry [minecraft:item / fossil:spawn_egg_smilodon] was not realized!
[01Sep2026 03:16:02.572] [main/WARN] [dev.architectury.registry.registries.forge.RegistrarManagerImpl/]: Registry entry listened Registry Entry [minecraft:item / fossil:cooked_megaloceros] was not realized!
[01Sep2026 03:16:02.572] [main/WARN] [dev.architectury.registry.registries.forge.RegistrarManagerImpl/]: Registry entry listened Registry Entry [minecraft:item / fossil:bone_ribcage_titanis] was not realized!
[01Sep2026 03:16:02.572] [main/WARN] [dev.architectury.registry.registries.forge.RegistrarManagerImpl/]: Registry entry listened Registry Entry [minecraft:item / fossil:bone_leg_ceratosaurus] was not realized!
[01Sep2026 03:16:02.572] [main/WARN] [dev.architectury.registry.registries.forge.RegistrarManagerImpl/]: Registry entry listened Registry Entry [minecraft:item / fossil:bone_skull_diplocaulus] was not realized!
[01Sep2026 03:16:02.572] [main/WARN] [dev.architectury.registry.registries.forge.RegistrarManagerImpl/]: Registry entry listened Registry Entry [minecraft:item / fossil:meat_brachiosaurus] was not realized!
[01Sep2026 03:16:02.572] [main/WARN] [dev.architectury.registry.registries.forge.RegistrarManagerImpl/]: Registry entry listened Registry Entry [minecraft:item / fossil:cooked_pteranodon] was not realized!
[01Sep2026 03:16:02.572] [main/WARN] [dev.architectury.registry.registries.forge.RegistrarManagerImpl/]: Registry entry listened Registry Entry [minecraft:item / fossil:dryosaurus_dna] was not realized!
[01Sep2026 03:16:02.572] [main/WARN] [dev.architectury.registry.registries.forge.RegistrarManagerImpl/]: Registry entry listened Registry Entry [minecraft:item / fossil:meat_megalograptus] was not realized!
[01Sep2026 03:16:02.572] [main/WARN] [dev.architectury.registry.registries.forge.RegistrarManagerImpl/]: Registry entry listened Registry Entry [minecraft:item / fossil:bone_vertebrae_protoceratops] was not realized!
[01Sep2026 03:16:02.572] [main/WARN] [dev.architectury.registry.registries.forge.RegistrarManagerImpl/]: Registry entry listened Registry Entry [minecraft:item / fossil:egg_item_therizinosaurus] was not realized!
[01Sep2026 03:16:02.572] [main/WARN] [dev.architectury.registry.registries.forge.RegistrarManagerImpl/]: Registry entry listened Registry Entry [minecraft:item / fossil:bone_arm_mammoth] was not realized!
[01Sep2026 03:16:02.572] [main/WARN] [dev.architectury.registry.registries.forge.RegistrarManagerImpl/]: Registry entry listened Registry Entry [minecraft:item / fossil:egg_item_pachycephalosaurus] was not realized!
[01Sep2026 03:16:02.573] [main/WARN] [dev.architectury.registry.registries.forge.RegistrarManagerImpl/]: Registry entry listened Registry Entry [minecraft:item / fossil:bucket_item_scotoharpes] was not realized!
[01Sep2026 03:16:02.573] [main/WARN] [dev.architectury.registry.registries.forge.RegistrarManagerImpl/]: Registry entry listened Registry Entry [minecraft:item / fossil:bone_foot_platybelodon] was not realized!
[01Sep2026 03:16:02.573] [main/WARN] [dev.architectury.registry.registries.forge.RegistrarManagerImpl/]: Registry entry listened Registry Entry [minecraft:item / fossil:bone_vertebrae_tiktaalik] was not realized!
[01Sep2026 03:16:02.573] [main/WARN] [dev.architectury.registry.registries.forge.RegistrarManagerImpl/]: Registry entry listened Registry Entry [minecraft:item / fossil:bone_vertebrae_velociraptor] was not realized!
[01Sep2026 03:16:02.573] [main/WARN] [dev.architectury.registry.registries.forge.RegistrarManagerImpl/]: Registry entry listened Registry Entry [minecraft:item / fossil:bone_vertebrae_platybelodon] was not realized!
[01Sep2026 03:16:02.573] [main/WARN] [dev.architectury.registry.registries.forge.RegistrarManagerImpl/]: Registry entry listened Registry Entry [minecraft:item / fossil:bone_foot_velociraptor] was not realized!
[01Sep2026 03:16:02.573] [main/WARN] [dev.architectury.registry.registries.forge.RegistrarManagerImpl/]: Registry entry listened Registry Entry [minecraft:item / fossil:bone_vertebrae_dimetrodon] was not realized!
[01Sep2026 03:16:02.573] [main/WARN] [dev.architectury.registry.registries.forge.RegistrarManagerImpl/]: Registry entry listened Registry Entry [minecraft:item / fossil:bone_leg_parasaurolophus] was not realized!
[01Sep2026 03:16:02.573] [main/WARN] [dev.architectury.registry.registries.forge.RegistrarManagerImpl/]: Registry entry listened Registry Entry [minecraft:item / fossil:bone_skull_diplodocus] was not realized!
[01Sep2026 03:16:02.573] [main/WARN] [dev.architectury.registry.registries.forge.RegistrarManagerImpl/]: Registry entry listened Registry Entry [minecraft:item / fossil:bone_tail_diplodocus] was not realized!
[01Sep2026 03:16:02.573] [main/WARN] [dev.architectury.registry.registries.forge.RegistrarManagerImpl/]: Registry entry listened Registry Entry [minecraft:item / fossil:velociraptor_dna] was not realized!
[01Sep2026 03:16:02.573] [main/WARN] [dev.architectury.registry.registries.forge.RegistrarManagerImpl/]: Registry entry listened Registry Entry [minecraft:item / fossil:cooked_citipati] was not realized!
[01Sep2026 03:16:02.573] [main/WARN] [dev.architectury.registry.registries.forge.RegistrarManagerImpl/]: Registry entry listened Registry Entry [minecraft:item / fossil:bone_tail_phorusrhacos] was not realized!
[01Sep2026 03:16:02.573] [main/WARN] [dev.architectury.registry.registries.forge.RegistrarManagerImpl/]: Registry entry listened Registry Entry [minecraft:item / fossil:bone_skull_pachyrhinosaurus] was not realized!
[01Sep2026 03:16:02.573] [main/WARN] [dev.architectury.registry.registries.forge.RegistrarManagerImpl/]: Registry entry listened Registry Entry [minecraft:item / fossil:bone_tail_plesiosaurus] was not realized!
[01Sep2026 03:16:02.573] [main/WARN] [dev.architectury.registry.registries.forge.RegistrarManagerImpl/]: Registry entry listened Registry Entry [minecraft:item / fossil:bone_unique_therizinosaurus] was not realized!
[01Sep2026 03:16:02.573] [main/WARN] [dev.architectury.registry.registries.forge.RegistrarManagerImpl/]: Registry entry listened Registry Entry [minecraft:item / fossil:bone_foot_deinonychus] was not realized!
[01Sep2026 03:16:02.573] [main/WARN] [dev.architectury.registry.registries.forge.RegistrarManagerImpl/]: Registry entry listened Registry Entry [minecraft:item / fossil:egg_item_diplocaulus] was not realized!
[01Sep2026 03:16:02.573] [main/WARN] [dev.architectury.registry.registries.forge.RegistrarManagerImpl/]: Registry entry listened Registry Entry [minecraft:item / fossil:syringe_donkey] was not realized!
[01Sep2026 03:16:02.573] [main/WARN] [dev.architectury.registry.registries.forge.RegistrarManagerImpl/]: Registry entry listened Registry Entry [minecraft:item / fossil:bone_arm_velociraptor] was not realized!
[01Sep2026 03:16:02.573] [main/WARN] [dev.architectury.registry.registries.forge.RegistrarManagerImpl/]: Registry entry listened Registry Entry [minecraft:item / fossil:spawn_egg_triceratops] was not realized!
[01Sep2026 03:16:02.573] [main/WARN] [dev.architectury.registry.registries.forge.RegistrarManagerImpl/]: Registry entry listened Registry Entry [minecraft:item / fossil:egg_item_pteranodon] was not realized!
[01Sep2026 03:16:02.573] [main/WARN] [dev.architectury.registry.registries.forge.RegistrarManagerImpl/]: Registry entry listened Registry Entry [minecraft:item / fossil:spawn_egg_edaphosaurus] was not realized!
[01Sep2026 03:16:02.573] [main/WARN] [dev.architectury.registry.registries.forge.RegistrarManagerImpl/]: Registry entry listened Registry Entry [minecraft:item / fossil:syringe_wolf] was not realized!
[01Sep2026 03:16:02.573] [main/WARN] [dev.architectury.registry.registries.forge.RegistrarManagerImpl/]: Registry entry listened Registry Entry [minecraft:item / fossil:meat_nautilus] was not realized!
[01Sep2026 03:16:02.573] [main/WARN] [dev.architectury.registry.registries.forge.RegistrarManagerImpl/]: Registry entry listened Registry Entry [minecraft:item / fossil:bone_unique_postosuchus] was not realized!
[01Sep2026 03:16:02.573] [main/WARN] [dev.architectury.registry.registries.forge.RegistrarManagerImpl/]: Registry entry listened Registry Entry [minecraft:item / fossil:meat_alligator_gar] was not realized!
[01Sep2026 03:16:02.573] [main/WARN] [dev.architectury.registry.registries.forge.RegistrarManagerImpl/]: Registry entry listened Registry Entry [minecraft:item / fossil:bone_ribcage_mosasaurus] was not realized!
[01Sep2026 03:16:02.573] [main/WARN] [dev.architectury.registry.registries.forge.RegistrarManagerImpl/]: Registry entry listened Registry Entry [minecraft:item / fossil:bone_vertebrae_smilodon] was not realized!
[01Sep2026 03:16:02.573] [main/WARN] [dev.architectury.registry.registries.forge.RegistrarManagerImpl/]: Registry entry listened Registry Entry [minecraft:item / fossil:bone_arm_smilodon] was not realized!
[01Sep2026 03:16:02.573] [main/WARN] [dev.architectury.registry.registries.forge.RegistrarManagerImpl/]: Registry entry listened Registry Entry [minecraft:item / fossil:bone_unique_ichthyosaurus] was not realized!
[01Sep2026 03:16:02.573] [main/WARN] [dev.architectury.registry.registries.forge.RegistrarManagerImpl/]: Registry entry listened Registry Entry [minecraft:item / fossil:meat_megaloceros] was not realized!
[01Sep2026 03:16:02.573] [main/WARN] [dev.architectury.registry.registries.forge.RegistrarManagerImpl/]: Registry entry listened Registry Entry [minecraft:item / fossil:cow_dna] was not realized!
[01Sep2026 03:16:02.573] [main/WARN] [dev.architectury.registry.registries.forge.RegistrarManagerImpl/]: Registry entry listened Registry Entry [minecraft:item / fossil:parrot_dna] was not realized!
[01Sep2026 03:16:02.573] [main/WARN] [dev.architectury.registry.registries.forge.RegistrarManagerImpl/]: Registry entry listened Registry Entry [minecraft:item / fossil:cooked_aquilolamna] was not realized!
[01Sep2026 03:16:02.573] [main/WARN] [dev.architectury.registry.registries.forge.RegistrarManagerImpl/]: Registry entry listened Registry Entry [minecraft:item / fossil:bone_skull_triceratops] was not realized!
[01Sep2026 03:16:02.573] [main/WARN] [dev.architectury.registry.registries.forge.RegistrarManagerImpl/]: Registry entry listened Registry Entry [minecraft:item / fossil:bone_ribcage_quagga] was not realized!
[01Sep2026 03:16:02.573] [main/WARN] [dev.architectury.registry.registries.forge.RegistrarManagerImpl/]: Registry entry listened Registry Entry [minecraft:item / fossil:egg_item_pufferfish] was not realized!
[01Sep2026 03:16:02.573] [main/WARN] [dev.architectury.registry.registries.forge.RegistrarManagerImpl/]: Registry entry listened Registry Entry [minecraft:item / fossil:meat_meganeura] was not realized!
[01Sep2026 03:16:02.573] [main/WARN] [dev.architectury.registry.registries.forge.RegistrarManagerImpl/]: Registry entry listened Registry Entry [minecraft:item / fossil:bucket_item_henodus] was not realized!
[01Sep2026 03:16:02.573] [main/WARN] [dev.architectury.registry.registries.forge.RegistrarManagerImpl/]: Registry entry listened Registry Entry [minecraft:item / fossil:bone_leg_psittacosaurus] was not realized!
[01Sep2026 03:16:02.573] [main/WARN] [dev.architectury.registry.registries.forge.RegistrarManagerImpl/]: Registry entry listened Registry Entry [minecraft:item / fossil:bone_vertebrae_tyrannosaurus] was not realized!
[01Sep2026 03:16:02.573] [main/WARN] [dev.architectury.registry.registries.forge.RegistrarManagerImpl/]: Registry entry listened Registry Entry [minecraft:item / fossil:egg_item_liopleurodon] was not realized!
[01Sep2026 03:16:02.573] [main/WARN] [dev.architectury.registry.registries.forge.RegistrarManagerImpl/]: Registry entry listened Registry Entry [minecraft:item / fossil:bone_leg_gallimimus] was not realized!
[01Sep2026 03:16:02.573] [main/WARN] [dev.architectury.registry.registries.forge.RegistrarManagerImpl/]: Registry entry listened Registry Entry [minecraft:item / fossil:bone_vertebrae_mammoth] was not realized!
[01Sep2026 03:16:02.573] [main/WARN] [dev.architectury.registry.registries.forge.RegistrarManagerImpl/]: Registry entry listened Registry Entry [minecraft:item / fossil:meat_gastornis] was not realized!
[01Sep2026 03:16:02.573] [main/WARN] [dev.architectury.registry.registries.forge.RegistrarManagerImpl/]: Registry entry listened Registry Entry [minecraft:item / fossil:bone_leg_quetzalcoatlus] was not realized!
[01Sep2026 03:16:02.573] [main/WARN] [dev.architectury.registry.registries.forge.RegistrarManagerImpl/]: Registry entry listened Registry Entry [minecraft:item / fossil:cooked_mosasaurus] was not realized!
[01Sep2026 03:16:02.573] [main/WARN] [dev.architectury.registry.registries.forge.RegistrarManagerImpl/]: Registry entry listened Registry Entry [minecraft:item / fossil:meat_therizinosaurus] was not realized!
[01Sep2026 03:16:02.573] [main/WARN] [dev.architectury.registry.registries.forge.RegistrarManagerImpl/]: Registry entry listened Registry Entry [minecraft:item / fossil:spawn_egg_dodo] was not realized!
[01Sep2026 03:16:02.573] [main/WARN] [dev.architectury.registry.registries.forge.RegistrarManagerImpl/]: Registry entry listened Registry Entry [minecraft:item / fossil:cooked_elasmotherium] was not realized!
[01Sep2026 03:16:02.573] [main/WARN] [dev.architectury.registry.registries.forge.RegistrarManagerImpl/]: Registry entry listened Registry Entry [minecraft:item / fossil:bone_leg_kelenken] was not realized!
[01Sep2026 03:16:02.573] [main/WARN] [dev.architectury.registry.registries.forge.RegistrarManagerImpl/]: Registry entry listened Registry Entry [minecraft:item / fossil:bone_vertebrae_spinosaurus] was not realized!
[01Sep2026 03:16:02.573] [main/WARN] [dev.architectury.registry.registries.forge.RegistrarManagerImpl/]: Registry entry listened Registry Entry [minecraft:item / fossil:bone_skull_allosaurus] was not realized!
[01Sep2026 03:16:02.573] [main/WARN] [dev.architectury.registry.registries.forge.RegistrarManagerImpl/]: Registry entry listened Registry Entry [minecraft:item / fossil:bone_tail_kelenken] was not realized!
[01Sep2026 03:16:02.573] [main/WARN] [dev.architectury.registry.registries.forge.RegistrarManagerImpl/]: Registry entry listened Registry Entry [minecraft:item / fossil:spawn_egg_dimorphodon] was not realized!
[01Sep2026 03:16:02.573] [main/WARN] [dev.architectury.registry.registries.forge.RegistrarManagerImpl/]: Registry entry listened Registry Entry [minecraft:item / fossil:bone_foot_pteranodon] was not realized!
[01Sep2026 03:16:02.573] [main/WARN] [dev.architectury.registry.registries.forge.RegistrarManagerImpl/]: Registry entry listened Registry Entry [minecraft:item / fossil:bone_ribcage_pteranodon] was not realized!
[01Sep2026 03:16:02.573] [main/WARN] [dev.architectury.registry.registries.forge.RegistrarManagerImpl/]: Registry entry listened Registry Entry [minecraft:item / fossil:bone_foot_elasmotherium] was not realized!
[01Sep2026 03:16:02.573] [main/WARN] [dev.architectury.registry.registries.forge.RegistrarManagerImpl/]: Registry entry listened Registry Entry [minecraft:item / fossil:meat_compsognathus] was not realized!
[01Sep2026 03:16:02.573] [main/WARN] [dev.architectury.registry.registries.forge.RegistrarManagerImpl/]: Registry entry listened Registry Entry [minecraft:item / fossil:bone_skull_confuciusornis] was not realized!
[01Sep2026 03:16:02.573] [main/WARN] [dev.architectury.registry.registries.forge.RegistrarManagerImpl/]: Registry entry listened Registry Entry [minecraft:item / fossil:bone_arm_crassigyrinus] was not realized!
[01Sep2026 03:16:02.573] [main/WARN] [dev.architectury.registry.registries.forge.RegistrarManagerImpl/]: Registry entry listened Registry Entry [minecraft:item / fossil:bone_ribcage_gastornis] was not realized!
[01Sep2026 03:16:02.573] [main/WARN] [dev.architectury.registry.registries.forge.RegistrarManagerImpl/]: Registry entry listened Registry Entry [minecraft:item / fossil:bone_leg_edaphosaurus] was not realized!
[01Sep2026 03:16:02.573] [main/WARN] [dev.architectury.registry.registries.forge.RegistrarManagerImpl/]: Registry entry listened Registry Entry [minecraft:item / fossil:bone_leg_allosaurus] was not realized!
[01Sep2026 03:16:02.573] [main/WARN] [dev.architectury.registry.registries.forge.RegistrarManagerImpl/]: Registry entry listened Registry Entry [minecraft:item / fossil:bone_ribcage_deinonychus] was not realized!
[01Sep2026 03:16:02.573] [main/WARN] [dev.architectury.registry.registries.forge.RegistrarManagerImpl/]: Registry entry listened Registry Entry [minecraft:item / fossil:syringe_quagga] was not realized!
[01Sep2026 03:16:02.573] [main/WARN] [dev.architectury.registry.registries.forge.RegistrarManagerImpl/]: Registry entry listened Registry Entry [minecraft:item / fossil:bone_skull_quetzalcoatlus] was not realized!
[01Sep2026 03:16:02.573] [main/WARN] [dev.architectury.registry.registries.forge.RegistrarManagerImpl/]: Registry entry listened Registry Entry [minecraft:item / fossil:bone_ribcage_stegosaurus] was not realized!
[01Sep2026 03:16:02.573] [main/WARN] [dev.architectury.registry.registries.forge.RegistrarManagerImpl/]: Registry entry listened Registry Entry [minecraft:item / fossil:bone_skull_crassigyrinus] was not realized!
[01Sep2026 03:16:02.573] [main/WARN] [dev.architectury.registry.registries.forge.RegistrarManagerImpl/]: Registry entry listened Registry Entry [minecraft:item / fossil:bone_unique_mammoth] was not realized!
[01Sep2026 03:16:02.573] [main/WARN] [dev.architectury.registry.registries.forge.RegistrarManagerImpl/]: Registry entry listened Registry Entry [minecraft:item / fossil:megalania_dna] was not realized!
[01Sep2026 03:16:02.573] [main/WARN] [dev.architectury.registry.registries.forge.RegistrarManagerImpl/]: Registry entry listened Registry Entry [minecraft:item / fossil:cooked_diplocaulus] was not realized!
[01Sep2026 03:16:02.573] [main/WARN] [dev.architectury.registry.registries.forge.RegistrarManagerImpl/]: Registry entry listened Registry Entry [minecraft:item / fossil:egg_item_sarcosuchus] was not realized!
[01Sep2026 03:16:02.573] [main/WARN] [dev.architectury.registry.registries.forge.RegistrarManagerImpl/]: Registry entry listened Registry Entry [minecraft:item / fossil:syringe_megaloceros] was not realized!
[01Sep2026 03:16:02.573] [main/WARN] [dev.architectury.registry.registries.forge.RegistrarManagerImpl/]: Registry entry listened Registry Entry [minecraft:item / fossil:allosaurus_dna] was not realized!
[01Sep2026 03:16:02.573] [main/WARN] [dev.architectury.registry.registries.forge.RegistrarManagerImpl/]: Registry entry listened Registry Entry [minecraft:item / fossil:bone_skull_therizinosaurus] was not realized!
[01Sep2026 03:16:02.573] [main/WARN] [dev.architectury.registry.registries.forge.RegistrarManagerImpl/]: Registry entry listened Registry Entry [minecraft:item / fossil:parasaurolophus_dna] was not realized!
[01Sep2026 03:16:02.573] [main/WARN] [dev.architectury.registry.registries.forge.RegistrarManagerImpl/]: Registry entry listened Registry Entry [minecraft:item / fossil:egg_item_glow_squid] was not realized!
[01Sep2026 03:16:02.573] [main/WARN] [dev.architectury.registry.registries.forge.RegistrarManagerImpl/]: Registry entry listened Registry Entry [minecraft:item / fossil:bone_leg_tyrannosaurus] was not realized!
[01Sep2026 03:16:02.573] [main/WARN] [dev.architectury.registry.registries.forge.RegistrarManagerImpl/]: Registry entry listened Registry Entry [minecraft:item / fossil:meat_edaphosaurus] was not realized!
[01Sep2026 03:16:02.573] [main/WARN] [dev.architectury.registry.registries.forge.RegistrarManagerImpl/]: Registry entry listened Registry Entry [minecraft:item / fossil:bone_ribcage_ichthyosaurus] was not realized!
[01Sep2026 03:16:02.573] [main/WARN] [dev.architectury.registry.registries.forge.RegistrarManagerImpl/]: Registry entry listened Registry Entry [minecraft:item / fossil:bone_skull_kelenken] was not realized!
[01Sep2026 03:16:02.573] [main/WARN] [dev.architectury.registry.registries.forge.RegistrarManagerImpl/]: Registry entry listened Registry Entry [minecraft:item / fossil:egg_item_tyrannosaurus] was not realized!
[01Sep2026 03:16:02.573] [main/WARN] [dev.architectury.registry.registries.forge.RegistrarManagerImpl/]: Registry entry listened Registry Entry [minecraft:item / fossil:egg_item_parrot] was not realized!
[01Sep2026 03:16:02.573] [main/WARN] [dev.architectury.registry.registries.forge.RegistrarManagerImpl/]: Registry entry listened Registry Entry [minecraft:item / fossil:bone_tail_allosaurus] was not realized!
[01Sep2026 03:16:02.573] [main/WARN] [dev.architectury.registry.registries.forge.RegistrarManagerImpl/]: Registry entry listened Registry Entry [minecraft:item / fossil:spawn_egg_alligator_gar] was not realized!
[01Sep2026 03:16:02.573] [main/WARN] [dev.architectury.registry.registries.forge.RegistrarManagerImpl/]: Registry entry listened Registry Entry [minecraft:item / fossil:bucket_item_megalograptus] was not realized!
[01Sep2026 03:16:02.573] [main/WARN] [dev.architectury.registry.registries.forge.RegistrarManagerImpl/]: Registry entry listened Registry Entry [minecraft:item / fossil:bone_arm_platybelodon] was not realized!
[01Sep2026 03:16:02.573] [main/WARN] [dev.architectury.registry.registries.forge.RegistrarManagerImpl/]: Registry entry listened Registry Entry [minecraft:item / fossil:meat_tiktaalik] was not realized!
[01Sep2026 03:16:02.573] [main/WARN] [dev.architectury.registry.registries.forge.RegistrarManagerImpl/]: Registry entry listened Registry Entry [minecraft:item / fossil:spawn_egg_ichthyosaurus] was not realized!
[01Sep2026 03:16:02.573] [main/WARN] [dev.architectury.registry.registries.forge.RegistrarManagerImpl/]: Registry entry listened Registry Entry [minecraft:item / fossil:egg_item_postosuchus] was not realized!
[01Sep2026 03:16:02.573] [main/WARN] [dev.architectury.registry.registries.forge.RegistrarManagerImpl/]: Registry entry listened Registry Entry [minecraft:item / fossil:egg_item_kelenken] was not realized!
[01Sep2026 03:16:02.573] [main/WARN] [dev.architectury.registry.registries.forge.RegistrarManagerImpl/]: Registry entry listened Registry Entry [minecraft:item / fossil:spawn_egg_ceratosaurus] was not realized!
[01Sep2026 03:16:02.573] [main/WARN] [dev.architectury.registry.registries.forge.RegistrarManagerImpl/]: Registry entry listened Registry Entry [minecraft:item / fossil:bone_unique_pachyrhinosaurus] was not realized!
[01Sep2026 03:16:02.574] [main/WARN] [dev.architectury.registry.registries.forge.RegistrarManagerImpl/]: Registry entry listened Registry Entry [minecraft:item / fossil:syringe_sheep] was not realized!
[01Sep2026 03:16:02.574] [main/WARN] [dev.architectury.registry.registries.forge.RegistrarManagerImpl/]: Registry entry listened Registry Entry [minecraft:item / fossil:egg_item_pachyrhinosaurus] was not realized!
[01Sep2026 03:16:02.574] [main/WARN] [dev.architectury.registry.registries.forge.RegistrarManagerImpl/]: Registry entry listened Registry Entry [minecraft:item / fossil:egg_confuciusornis] was not realized!
[01Sep2026 03:16:02.574] [main/WARN] [dev.architectury.registry.registries.forge.RegistrarManagerImpl/]: Registry entry listened Registry Entry [minecraft:item / fossil:bone_tail_protoceratops] was not realized!
[01Sep2026 03:16:02.574] [main/WARN] [dev.architectury.registry.registries.forge.RegistrarManagerImpl/]: Registry entry listened Registry Entry [minecraft:item / fossil:diplocaulus_dna] was not realized!
[01Sep2026 03:16:02.574] [main/WARN] [dev.architectury.registry.registries.forge.RegistrarManagerImpl/]: Registry entry listened Registry Entry [minecraft:item / fossil:cooked_postosuchus] was not realized!
[01Sep2026 03:16:02.574] [main/WARN] [dev.architectury.registry.registries.forge.RegistrarManagerImpl/]: Registry entry listened Registry Entry [minecraft:item / fossil:deinonychus_dna] was not realized!
[01Sep2026 03:16:02.574] [main/WARN] [dev.architectury.registry.registries.forge.RegistrarManagerImpl/]: Registry entry listened Registry Entry [minecraft:item / fossil:cooked_ankylosaurus] was not realized!
[01Sep2026 03:16:02.574] [main/WARN] [dev.architectury.registry.registries.forge.RegistrarManagerImpl/]: Registry entry listened Registry Entry [minecraft:item / fossil:bone_skull_velociraptor] was not realized!
[01Sep2026 03:16:02.574] [main/WARN] [dev.architectury.registry.registries.forge.RegistrarManagerImpl/]: Registry entry listened Registry Entry [minecraft:item / fossil:cooked_sturgeon] was not realized!
[01Sep2026 03:16:02.574] [main/WARN] [dev.architectury.registry.registries.forge.RegistrarManagerImpl/]: Registry entry listened Registry Entry [minecraft:item / fossil:bone_vertebrae_psittacosaurus] was not realized!
[01Sep2026 03:16:02.574] [main/WARN] [dev.architectury.registry.registries.forge.RegistrarManagerImpl/]: Registry entry listened Registry Entry [minecraft:item / fossil:bucket_item_dicranurus] was not realized!
[01Sep2026 03:16:02.574] [main/WARN] [dev.architectury.registry.registries.forge.RegistrarManagerImpl/]: Registry entry listened Registry Entry [minecraft:item / fossil:bone_unique_phorusrhacos] was not realized!
[01Sep2026 03:16:02.574] [main/WARN] [dev.architectury.registry.registries.forge.RegistrarManagerImpl/]: Registry entry listened Registry Entry [minecraft:item / fossil:bone_ribcage_tiktaalik] was not realized!
[01Sep2026 03:16:02.574] [main/WARN] [dev.architectury.registry.registries.forge.RegistrarManagerImpl/]: Registry entry listened Registry Entry [minecraft:item / fossil:syringe_ocelot] was not realized!
[01Sep2026 03:16:02.574] [main/WARN] [dev.architectury.registry.registries.forge.RegistrarManagerImpl/]: Registry entry listened Registry Entry [minecraft:item / fossil:bone_tail_deinonychus] was not realized!
[01Sep2026 03:16:02.574] [main/WARN] [dev.architectury.registry.registries.forge.RegistrarManagerImpl/]: Registry entry listened Registry Entry [minecraft:item / fossil:bone_tail_stegosaurus] was not realized!
[01Sep2026 03:16:02.574] [main/WARN] [dev.architectury.registry.registries.forge.RegistrarManagerImpl/]: Registry entry listened Registry Entry [minecraft:item / fossil:dilophosaurus_dna] was not realized!
[01Sep2026 03:16:02.574] [main/WARN] [dev.architectury.registry.registries.forge.RegistrarManagerImpl/]: Registry entry listened Registry Entry [minecraft:item / fossil:bone_unique_plesiosaurus] was not realized!
[01Sep2026 03:16:02.574] [main/WARN] [dev.architectury.registry.registries.forge.RegistrarManagerImpl/]: Registry entry listened Registry Entry [minecraft:item / fossil:sarcosuchus_dna] was not realized!
[01Sep2026 03:16:02.574] [main/WARN] [dev.architectury.registry.registries.forge.RegistrarManagerImpl/]: Registry entry listened Registry Entry [minecraft:item / fossil:bone_ribcage_phorusrhacos] was not realized!
[01Sep2026 03:16:02.574] [main/WARN] [dev.architectury.registry.registries.forge.RegistrarManagerImpl/]: Registry entry listened Registry Entry [minecraft:item / fossil:bone_tail_dodo] was not realized!
[01Sep2026 03:16:02.574] [main/WARN] [dev.architectury.registry.registries.forge.RegistrarManagerImpl/]: Registry entry listened Registry Entry [minecraft:item / fossil:bone_foot_mosasaurus] was not realized!
[01Sep2026 03:16:02.574] [main/WARN] [dev.architectury.registry.registries.forge.RegistrarManagerImpl/]: Registry entry listened Registry Entry [minecraft:item / fossil:bone_skull_megaloceros] was not realized!
[01Sep2026 03:16:02.574] [main/WARN] [dev.architectury.registry.registries.forge.RegistrarManagerImpl/]: Registry entry listened Registry Entry [minecraft:item / fossil:bone_skull_tyrannosaurus] was not realized!
[01Sep2026 03:16:02.574] [main/WARN] [dev.architectury.registry.registries.forge.RegistrarManagerImpl/]: Registry entry listened Registry Entry [minecraft:item / fossil:bone_leg_phorusrhacos] was not realized!
[01Sep2026 03:16:02.574] [main/WARN] [dev.architectury.registry.registries.forge.RegistrarManagerImpl/]: Registry entry listened Registry Entry [minecraft:item / fossil:bone_ribcage_plesiosaurus] was not realized!
[01Sep2026 03:16:02.574] [main/WARN] [dev.architectury.registry.registries.forge.RegistrarManagerImpl/]: Registry entry listened Registry Entry [minecraft:item / fossil:cat_dna] was not realized!
[01Sep2026 03:16:02.574] [main/WARN] [dev.architectury.registry.registries.forge.RegistrarManagerImpl/]: Registry entry listened Registry Entry [minecraft:item / fossil:aquilolamna_dna] was not realized!
[01Sep2026 03:16:02.574] [main/WARN] [dev.architectury.registry.registries.forge.RegistrarManagerImpl/]: Registry entry listened Registry Entry [minecraft:item / fossil:bone_foot_spinosaurus] was not realized!
[01Sep2026 03:16:02.574] [main/WARN] [dev.architectury.registry.registries.forge.RegistrarManagerImpl/]: Registry entry listened Registry Entry [minecraft:item / fossil:bone_skull_parasaurolophus] was not realized!
[01Sep2026 03:16:02.574] [main/WARN] [dev.architectury.registry.registries.forge.RegistrarManagerImpl/]: Registry entry listened Registry Entry [minecraft:item / fossil:bone_tail_quagga] was not realized!
[01Sep2026 03:16:02.574] [main/WARN] [dev.architectury.registry.registries.forge.RegistrarManagerImpl/]: Registry entry listened Registry Entry [minecraft:item / fossil:bone_skull_smilodon] was not realized!
[01Sep2026 03:16:02.574] [main/WARN] [dev.architectury.registry.registries.forge.RegistrarManagerImpl/]: Registry entry listened Registry Entry [minecraft:item / fossil:egg_item_dimorphodon] was not realized!
[01Sep2026 03:16:02.574] [main/WARN] [dev.architectury.registry.registries.forge.RegistrarManagerImpl/]: Registry entry listened Registry Entry [minecraft:item / fossil:bone_skull_ichthyosaurus] was not realized!
[01Sep2026 03:16:02.574] [main/WARN] [dev.architectury.registry.registries.forge.RegistrarManagerImpl/]: Registry entry listened Registry Entry [minecraft:item / fossil:bone_skull_platybelodon] was not realized!
[01Sep2026 03:16:02.574] [main/WARN] [dev.architectury.registry.registries.forge.RegistrarManagerImpl/]: Registry entry listened Registry Entry [minecraft:item / fossil:pachyrhinosaurus_dna] was not realized!
[01Sep2026 03:16:02.574] [main/WARN] [dev.architectury.registry.registries.forge.RegistrarManagerImpl/]: Registry entry listened Registry Entry [minecraft:item / fossil:egg_item_meganeura] was not realized!
[01Sep2026 03:16:02.574] [main/WARN] [dev.architectury.registry.registries.forge.RegistrarManagerImpl/]: Registry entry listened Registry Entry [minecraft:item / fossil:bone_arm_stegosaurus] was not realized!
[01Sep2026 03:16:02.574] [main/WARN] [dev.architectury.registry.registries.forge.RegistrarManagerImpl/]: Registry entry listened Registry Entry [minecraft:item / fossil:spawn_egg_henodus] was not realized!
[01Sep2026 03:16:02.574] [main/WARN] [dev.architectury.registry.registries.forge.RegistrarManagerImpl/]: Registry entry listened Registry Entry [minecraft:item / fossil:spawn_egg_brachiosaurus] was not realized!
[01Sep2026 03:16:02.574] [main/WARN] [dev.architectury.registry.registries.forge.RegistrarManagerImpl/]: Registry entry listened Registry Entry [minecraft:item / fossil:bone_arm_ichthyosaurus] was not realized!
[01Sep2026 03:16:02.574] [main/WARN] [dev.architectury.registry.registries.forge.RegistrarManagerImpl/]: Registry entry listened Registry Entry [minecraft:item / fossil:egg_item_mosasaurus] was not realized!
[01Sep2026 03:16:02.574] [main/WARN] [dev.architectury.registry.registries.forge.RegistrarManagerImpl/]: Registry entry listened Registry Entry [minecraft:item / fossil:egg_item_sturgeon] was not realized!
[01Sep2026 03:16:02.574] [main/WARN] [dev.architectury.registry.registries.forge.RegistrarManagerImpl/]: Registry entry listened Registry Entry [minecraft:item / fossil:bone_ribcage_crassigyrinus] was not realized!
[01Sep2026 03:16:02.574] [main/WARN] [dev.architectury.registry.registries.forge.RegistrarManagerImpl/]: Registry entry listened Registry Entry [minecraft:item / fossil:egg_titanis] was not realized!
[01Sep2026 03:16:02.574] [main/WARN] [dev.architectury.registry.registries.forge.RegistrarManagerImpl/]: Registry entry listened Registry Entry [minecraft:item / fossil:gastornis_dna] was not realized!
[01Sep2026 03:16:02.574] [main/WARN] [dev.architectury.registry.registries.forge.RegistrarManagerImpl/]: Registry entry listened Registry Entry [minecraft:item / fossil:meat_postosuchus] was not realized!
[01Sep2026 03:16:02.574] [main/WARN] [dev.architectury.registry.registries.forge.RegistrarManagerImpl/]: Registry entry listened Registry Entry [minecraft:item / fossil:spawn_egg_megalograptus] was not realized!
[01Sep2026 03:16:02.574] [main/WARN] [dev.architectury.registry.registries.forge.RegistrarManagerImpl/]: Registry entry listened Registry Entry [minecraft:item / fossil:therizinosaurus_dna] was not realized!
[01Sep2026 03:16:02.574] [main/WARN] [dev.architectury.registry.registries.forge.RegistrarManagerImpl/]: Registry entry listened Registry Entry [minecraft:item / fossil:bone_vertebrae_gastornis] was not realized!
[01Sep2026 03:16:02.574] [main/WARN] [dev.architectury.registry.registries.forge.RegistrarManagerImpl/]: Registry entry listened Registry Entry [minecraft:item / fossil:bone_foot_henodus] was not realized!
[01Sep2026 03:16:02.574] [main/WARN] [dev.architectury.registry.registries.forge.RegistrarManagerImpl/]: Registry entry listened Registry Entry [minecraft:item / fossil:bone_tail_gallimimus] was not realized!
[01Sep2026 03:16:02.574] [main/WARN] [dev.architectury.registry.registries.forge.RegistrarManagerImpl/]: Registry entry listened Registry Entry [minecraft:item / fossil:protoceratops_dna] was not realized!
[01Sep2026 03:16:02.574] [main/WARN] [dev.architectury.registry.registries.forge.RegistrarManagerImpl/]: Registry entry listened Registry Entry [minecraft:item / fossil:bone_ribcage_ceratosaurus] was not realized!
[01Sep2026 03:16:02.574] [main/WARN] [dev.architectury.registry.registries.forge.RegistrarManagerImpl/]: Registry entry listened Registry Entry [minecraft:item / fossil:egg_item_velociraptor] was not realized!
[01Sep2026 03:16:02.574] [main/WARN] [dev.architectury.registry.registries.forge.RegistrarManagerImpl/]: Registry entry listened Registry Entry [minecraft:item / fossil:spawn_egg_diplocaulus] was not realized!
[01Sep2026 03:16:02.574] [main/WARN] [dev.architectury.registry.registries.forge.RegistrarManagerImpl/]: Registry entry listened Registry Entry [minecraft:item / fossil:bone_arm_mosasaurus] was not realized!
[01Sep2026 03:16:02.574] [main/WARN] [dev.architectury.registry.registries.forge.RegistrarManagerImpl/]: Registry entry listened Registry Entry [minecraft:item / fossil:cooked_compsognathus] was not realized!
[01Sep2026 03:16:02.574] [main/WARN] [dev.architectury.registry.registries.forge.RegistrarManagerImpl/]: Registry entry listened Registry Entry [minecraft:item / fossil:cooked_nautilus] was not realized!
[01Sep2026 03:16:02.574] [main/WARN] [dev.architectury.registry.registries.forge.RegistrarManagerImpl/]: Registry entry listened Registry Entry [minecraft:item / fossil:syringe_elasmotherium] was not realized!
[01Sep2026 03:16:02.574] [main/WARN] [dev.architectury.registry.registries.forge.RegistrarManagerImpl/]: Registry entry listened Registry Entry [minecraft:item / fossil:egg_item_protoceratops] was not realized!
[01Sep2026 03:16:02.574] [main/WARN] [dev.architectury.registry.registries.forge.RegistrarManagerImpl/]: Registry entry listened Registry Entry [minecraft:item / fossil:bone_unique_diplodocus] was not realized!
[01Sep2026 03:16:02.574] [main/WARN] [dev.architectury.registry.registries.forge.RegistrarManagerImpl/]: Registry entry listened Registry Entry [minecraft:item / fossil:bone_ribcage_mammoth] was not realized!
[01Sep2026 03:16:02.574] [main/WARN] [dev.architectury.registry.registries.forge.RegistrarManagerImpl/]: Registry entry listened Registry Entry [minecraft:item / fossil:syringe_goat] was not realized!
[01Sep2026 03:16:02.574] [main/WARN] [dev.architectury.registry.registries.forge.RegistrarManagerImpl/]: Registry entry listened Registry Entry [minecraft:item / fossil:bone_arm_liopleurodon] was not realized!
[01Sep2026 03:16:02.574] [main/WARN] [dev.architectury.registry.registries.forge.RegistrarManagerImpl/]: Registry entry listened Registry Entry [minecraft:item / fossil:lonchodomas_dna] was not realized!
[01Sep2026 03:16:02.574] [main/WARN] [dev.architectury.registry.registries.forge.RegistrarManagerImpl/]: Registry entry listened Registry Entry [minecraft:item / fossil:spawn_egg_megaloceros] was not realized!
[01Sep2026 03:16:02.574] [main/WARN] [dev.architectury.registry.registries.forge.RegistrarManagerImpl/]: Registry entry listened Registry Entry [minecraft:item / fossil:egg_gastornis] was not realized!
[01Sep2026 03:16:02.574] [main/WARN] [dev.architectury.registry.registries.forge.RegistrarManagerImpl/]: Registry entry listened Registry Entry [minecraft:item / fossil:spawn_egg_mosasaurus] was not realized!
[01Sep2026 03:16:02.574] [main/WARN] [dev.architectury.registry.registries.forge.RegistrarManagerImpl/]: Registry entry listened Registry Entry [minecraft:item / fossil:bucket_item_alligator_gar] was not realized!
[01Sep2026 03:16:02.574] [main/WARN] [dev.architectury.registry.registries.forge.RegistrarManagerImpl/]: Registry entry listened Registry Entry [minecraft:item / fossil:cooked_dimorphodon] was not realized!
[01Sep2026 03:16:02.574] [main/WARN] [dev.architectury.registry.registries.forge.RegistrarManagerImpl/]: Registry entry listened Registry Entry [minecraft:item / fossil:bone_arm_tyrannosaurus] was not realized!
[01Sep2026 03:16:02.574] [main/WARN] [dev.architectury.registry.registries.forge.RegistrarManagerImpl/]: Registry entry listened Registry Entry [minecraft:item / fossil:brachiosaurus_dna] was not realized!
[01Sep2026 03:16:02.574] [main/WARN] [dev.architectury.registry.registries.forge.RegistrarManagerImpl/]: Registry entry listened Registry Entry [minecraft:item / fossil:bone_leg_plesiosaurus] was not realized!
[01Sep2026 03:16:02.574] [main/WARN] [dev.architectury.registry.registries.forge.RegistrarManagerImpl/]: Registry entry listened Registry Entry [minecraft:item / fossil:bone_foot_compsognathus] was not realized!
[01Sep2026 03:16:02.574] [main/WARN] [dev.architectury.registry.registries.forge.RegistrarManagerImpl/]: Registry entry listened Registry Entry [minecraft:item / fossil:egg_item_brachiosaurus] was not realized!
[01Sep2026 03:16:02.574] [main/WARN] [dev.architectury.registry.registries.forge.RegistrarManagerImpl/]: Registry entry listened Registry Entry [minecraft:item / fossil:bone_unique_dodo] was not realized!
[01Sep2026 03:16:02.574] [main/WARN] [dev.architectury.registry.registries.forge.RegistrarManagerImpl/]: Registry entry listened Registry Entry [minecraft:item / fossil:meat_mosasaurus] was not realized!
[01Sep2026 03:16:02.574] [main/WARN] [dev.architectury.registry.registries.forge.RegistrarManagerImpl/]: Registry entry listened Registry Entry [minecraft:item / fossil:bone_unique_mosasaurus] was not realized!
[01Sep2026 03:16:02.574] [main/WARN] [dev.architectury.registry.registries.forge.RegistrarManagerImpl/]: Registry entry listened Registry Entry [minecraft:item / fossil:meat_stegosaurus] was not realized!
[01Sep2026 03:16:02.574] [main/WARN] [dev.architectury.registry.registries.forge.RegistrarManagerImpl/]: Registry entry listened Registry Entry [minecraft:item / fossil:bone_tail_ichthyosaurus] was not realized!
[01Sep2026 03:16:02.574] [main/WARN] [dev.architectury.registry.registries.forge.RegistrarManagerImpl/]: Registry entry listened Registry Entry [minecraft:item / fossil:bone_foot_gastornis] was not realized!
[01Sep2026 03:16:02.574] [main/WARN] [dev.architectury.registry.registries.forge.RegistrarManagerImpl/]: Registry entry listened Registry Entry [minecraft:item / fossil:bone_ribcage_dimetrodon] was not realized!
[01Sep2026 03:16:02.574] [main/WARN] [dev.architectury.registry.registries.forge.RegistrarManagerImpl/]: Registry entry listened Registry Entry [minecraft:item / fossil:megaloceros_dna] was not realized!
[01Sep2026 03:16:02.574] [main/WARN] [dev.architectury.registry.registries.forge.RegistrarManagerImpl/]: Registry entry listened Registry Entry [minecraft:item / fossil:bone_foot_plesiosaurus] was not realized!
[01Sep2026 03:16:02.574] [main/WARN] [dev.architectury.registry.registries.forge.RegistrarManagerImpl/]: Registry entry listened Registry Entry [minecraft:item / fossil:cooked_liopleurodon] was not realized!
[01Sep2026 03:16:02.574] [main/WARN] [dev.architectury.registry.registries.forge.RegistrarManagerImpl/]: Registry entry listened Registry Entry [minecraft:item / fossil:scotoharpes_dna] was not realized!
[01Sep2026 03:16:02.574] [main/WARN] [dev.architectury.registry.registries.forge.RegistrarManagerImpl/]: Registry entry listened Registry Entry [minecraft:item / fossil:spawn_egg_citipati] was not realized!
[01Sep2026 03:16:02.574] [main/WARN] [dev.architectury.registry.registries.forge.RegistrarManagerImpl/]: Registry entry listened Registry Entry [minecraft:item / fossil:bone_vertebrae_plesiosaurus] was not realized!
[01Sep2026 03:16:02.574] [main/WARN] [dev.architectury.registry.registries.forge.RegistrarManagerImpl/]: Registry entry listened Registry Entry [minecraft:item / fossil:cooked_psittacosaurus] was not realized!
[01Sep2026 03:16:02.574] [main/WARN] [dev.architectury.registry.registries.forge.RegistrarManagerImpl/]: Registry entry listened Registry Entry [minecraft:item / fossil:meat_psittacosaurus] was not realized!
[01Sep2026 03:16:02.574] [main/WARN] [dev.architectury.registry.registries.forge.RegistrarManagerImpl/]: Registry entry listened Registry Entry [minecraft:item / fossil:bone_vertebrae_dilophosaurus] was not realized!
[01Sep2026 03:16:02.575] [main/WARN] [dev.architectury.registry.registries.forge.RegistrarManagerImpl/]: Registry entry listened Registry Entry [minecraft:item / fossil:bone_foot_megalania] was not realized!
[01Sep2026 03:16:02.575] [main/WARN] [dev.architectury.registry.registries.forge.RegistrarManagerImpl/]: Registry entry listened Registry Entry [minecraft:item / fossil:egg_item_dimetrodon] was not realized!
[01Sep2026 03:16:02.575] [main/WARN] [dev.architectury.registry.registries.forge.RegistrarManagerImpl/]: Registry entry listened Registry Entry [minecraft:item / fossil:syringe_horse] was not realized!
[01Sep2026 03:16:02.575] [main/WARN] [dev.architectury.registry.registries.forge.RegistrarManagerImpl/]: Registry entry listened Registry Entry [minecraft:item / fossil:bone_tail_megalania] was not realized!
[01Sep2026 03:16:02.575] [main/WARN] [dev.architectury.registry.registries.forge.RegistrarManagerImpl/]: Registry entry listened Registry Entry [minecraft:item / fossil:bone_vertebrae_titanis] was not realized!
[01Sep2026 03:16:02.575] [main/WARN] [dev.architectury.registry.registries.forge.RegistrarManagerImpl/]: Registry entry listened Registry Entry [minecraft:item / fossil:bone_tail_gastornis] was not realized!
[01Sep2026 03:16:02.575] [main/WARN] [dev.architectury.registry.registries.forge.RegistrarManagerImpl/]: Registry entry listened Registry Entry [minecraft:item / fossil:bone_unique_allosaurus] was not realized!
[01Sep2026 03:16:02.575] [main/WARN] [dev.architectury.registry.registries.forge.RegistrarManagerImpl/]: Registry entry listened Registry Entry [minecraft:item / fossil:bone_leg_ichthyosaurus] was not realized!
[01Sep2026 03:16:02.575] [main/WARN] [dev.architectury.registry.registries.forge.RegistrarManagerImpl/]: Registry entry listened Registry Entry [minecraft:item / fossil:bone_ribcage_spinosaurus] was not realized!
[01Sep2026 03:16:02.575] [main/WARN] [dev.architectury.registry.registries.forge.RegistrarManagerImpl/]: Registry entry listened Registry Entry [minecraft:item / fossil:bone_arm_dimetrodon] was not realized!
[01Sep2026 03:16:02.575] [main/WARN] [dev.architectury.registry.registries.forge.RegistrarManagerImpl/]: Registry entry listened Registry Entry [minecraft:item / fossil:meat_pachyrhinosaurus] was not realized!
[01Sep2026 03:16:02.575] [main/WARN] [dev.architectury.registry.registries.forge.RegistrarManagerImpl/]: Registry entry listened Registry Entry [minecraft:item / fossil:syringe_llama] was not realized!
[01Sep2026 03:16:02.575] [main/WARN] [dev.architectury.registry.registries.forge.RegistrarManagerImpl/]: Registry entry listened Registry Entry [minecraft:item / fossil:meat_allosaurus] was not realized!
[01Sep2026 03:16:02.575] [main/WARN] [dev.architectury.registry.registries.forge.RegistrarManagerImpl/]: Registry entry listened Registry Entry [minecraft:item / fossil:spawn_egg_coelacanth] was not realized!
[01Sep2026 03:16:02.575] [main/WARN] [dev.architectury.registry.registries.forge.RegistrarManagerImpl/]: Registry entry listened Registry Entry [minecraft:item / fossil:bone_skull_protoceratops] was not realized!
[01Sep2026 03:16:02.575] [main/WARN] [dev.architectury.registry.registries.forge.RegistrarManagerImpl/]: Registry entry listened Registry Entry [minecraft:item / fossil:ceratosaurus_dna] was not realized!
[01Sep2026 03:16:02.575] [main/WARN] [dev.architectury.registry.registries.forge.RegistrarManagerImpl/]: Registry entry listened Registry Entry [minecraft:item / fossil:bone_ribcage_citipati] was not realized!
[01Sep2026 03:16:02.575] [main/WARN] [dev.architectury.registry.registries.forge.RegistrarManagerImpl/]: Registry entry listened Registry Entry [minecraft:item / fossil:bone_tail_smilodon] was not realized!
[01Sep2026 03:16:02.575] [main/WARN] [dev.architectury.registry.registries.forge.RegistrarManagerImpl/]: Registry entry listened Registry Entry [minecraft:item / fossil:bone_foot_therizinosaurus] was not realized!
[01Sep2026 03:16:02.575] [main/WARN] [dev.architectury.registry.registries.forge.RegistrarManagerImpl/]: Registry entry listened Registry Entry [minecraft:item / fossil:bone_arm_deinonychus] was not realized!
[01Sep2026 03:16:02.575] [main/WARN] [dev.architectury.registry.registries.forge.RegistrarManagerImpl/]: Registry entry listened Registry Entry [minecraft:item / fossil:bone_foot_brachiosaurus] was not realized!
[01Sep2026 03:16:02.575] [main/WARN] [dev.architectury.registry.registries.forge.RegistrarManagerImpl/]: Registry entry listened Registry Entry [minecraft:item / fossil:cooked_henodus] was not realized!
[01Sep2026 03:16:02.575] [main/WARN] [dev.architectury.registry.registries.forge.RegistrarManagerImpl/]: Registry entry listened Registry Entry [minecraft:item / fossil:bone_tail_edaphosaurus] was not realized!
[01Sep2026 03:16:02.575] [main/WARN] [dev.architectury.registry.registries.forge.RegistrarManagerImpl/]: Registry entry listened Registry Entry [minecraft:item / fossil:egg_item_axolotl] was not realized!
[01Sep2026 03:16:02.575] [main/WARN] [dev.architectury.registry.registries.forge.RegistrarManagerImpl/]: Registry entry listened Registry Entry [minecraft:item / fossil:bucket_item_aquilolamna] was not realized!
[01Sep2026 03:16:02.575] [main/WARN] [dev.architectury.registry.registries.forge.RegistrarManagerImpl/]: Registry entry listened Registry Entry [minecraft:item / fossil:bone_unique_sarcosuchus] was not realized!
[01Sep2026 03:16:02.575] [main/WARN] [dev.architectury.registry.registries.forge.RegistrarManagerImpl/]: Registry entry listened Registry Entry [minecraft:item / fossil:bone_skull_phorusrhacos] was not realized!
[01Sep2026 03:16:02.575] [main/WARN] [dev.architectury.registry.registries.forge.RegistrarManagerImpl/]: Registry entry listened Registry Entry [minecraft:item / fossil:bone_unique_parasaurolophus] was not realized!
[01Sep2026 03:16:02.575] [main/WARN] [dev.architectury.registry.registries.forge.RegistrarManagerImpl/]: Registry entry listened Registry Entry [minecraft:item / fossil:bone_tail_mammoth] was not realized!
[01Sep2026 03:16:02.575] [main/WARN] [dev.architectury.registry.registries.forge.RegistrarManagerImpl/]: Registry entry listened Registry Entry [minecraft:item / fossil:meat_ankylosaurus] was not realized!
[01Sep2026 03:16:02.575] [main/WARN] [dev.architectury.registry.registries.forge.RegistrarManagerImpl/]: Registry entry listened Registry Entry [minecraft:item / fossil:bone_vertebrae_henodus] was not realized!
[01Sep2026 03:16:02.575] [main/WARN] [dev.architectury.registry.registries.forge.RegistrarManagerImpl/]: Registry entry listened Registry Entry [minecraft:item / fossil:syringe_bat] was not realized!
[01Sep2026 03:16:02.575] [main/WARN] [dev.architectury.registry.registries.forge.RegistrarManagerImpl/]: Registry entry listened Registry Entry [minecraft:item / fossil:bone_leg_therizinosaurus] was not realized!
[01Sep2026 03:16:02.575] [main/WARN] [dev.architectury.registry.registries.forge.RegistrarManagerImpl/]: Registry entry listened Registry Entry [minecraft:item / fossil:egg_item_nautilus] was not realized!
[01Sep2026 03:16:02.575] [main/WARN] [dev.architectury.registry.registries.forge.RegistrarManagerImpl/]: Registry entry listened Registry Entry [minecraft:item / fossil:cooked_stegosaurus] was not realized!
[01Sep2026 03:16:02.575] [main/WARN] [dev.architectury.registry.registries.forge.RegistrarManagerImpl/]: Registry entry listened Registry Entry [minecraft:item / fossil:henodus_dna] was not realized!
[01Sep2026 03:16:02.575] [main/WARN] [dev.architectury.registry.registries.forge.RegistrarManagerImpl/]: Registry entry listened Registry Entry [minecraft:item / fossil:cooked_pachyrhinosaurus] was not realized!
[01Sep2026 03:16:02.575] [main/WARN] [dev.architectury.registry.registries.forge.RegistrarManagerImpl/]: Registry entry listened Registry Entry [minecraft:item / fossil:bone_leg_spinosaurus] was not realized!
[01Sep2026 03:16:02.575] [main/WARN] [dev.architectury.registry.registries.forge.RegistrarManagerImpl/]: Registry entry listened Registry Entry [minecraft:item / fossil:plesiosaurus_dna] was not realized!
[01Sep2026 03:16:02.575] [main/WARN] [dev.architectury.registry.registries.forge.RegistrarManagerImpl/]: Registry entry listened Registry Entry [minecraft:item / fossil:spawn_egg_dilophosaurus] was not realized!
[01Sep2026 03:16:02.575] [main/WARN] [dev.architectury.registry.registries.forge.RegistrarManagerImpl/]: Registry entry listened Registry Entry [minecraft:item / fossil:bone_vertebrae_dimorphodon] was not realized!
[01Sep2026 03:16:02.575] [main/WARN] [dev.architectury.registry.registries.forge.RegistrarManagerImpl/]: Registry entry listened Registry Entry [minecraft:item / fossil:sniffer_dna] was not realized!
[01Sep2026 03:16:02.575] [main/WARN] [dev.architectury.registry.registries.forge.RegistrarManagerImpl/]: Registry entry listened Registry Entry [minecraft:item / fossil:meat_dryosaurus] was not realized!
[01Sep2026 03:16:02.575] [main/WARN] [dev.architectury.registry.registries.forge.RegistrarManagerImpl/]: Registry entry listened Registry Entry [minecraft:item / fossil:bone_skull_pachycephalosaurus] was not realized!
[01Sep2026 03:16:02.575] [main/WARN] [dev.architectury.registry.registries.forge.RegistrarManagerImpl/]: Registry entry listened Registry Entry [minecraft:item / fossil:meat_mammoth] was not realized!
[01Sep2026 03:16:02.575] [main/WARN] [dev.architectury.registry.registries.forge.RegistrarManagerImpl/]: Registry entry listened Registry Entry [minecraft:item / fossil:bone_ribcage_quetzalcoatlus] was not realized!
[01Sep2026 03:16:02.575] [main/WARN] [dev.architectury.registry.registries.forge.RegistrarManagerImpl/]: Registry entry listened Registry Entry [minecraft:item / fossil:egg_item_megalograptus] was not realized!
[01Sep2026 03:16:02.575] [main/WARN] [dev.architectury.registry.registries.forge.RegistrarManagerImpl/]: Registry entry listened Registry Entry [minecraft:item / fossil:bone_leg_smilodon] was not realized!
[01Sep2026 03:16:02.575] [main/WARN] [dev.architectury.registry.registries.forge.RegistrarManagerImpl/]: Registry entry listened Registry Entry [minecraft:item / fossil:egg_item_stegosaurus] was not realized!
[01Sep2026 03:16:02.575] [main/WARN] [dev.architectury.registry.registries.forge.RegistrarManagerImpl/]: Registry entry listened Registry Entry [minecraft:item / fossil:bone_skull_spinosaurus] was not realized!
[01Sep2026 03:16:02.575] [main/WARN] [dev.architectury.registry.registries.forge.RegistrarManagerImpl/]: Registry entry listened Registry Entry [minecraft:item / fossil:bone_leg_mammoth] was not realized!
[01Sep2026 03:16:02.575] [main/WARN] [dev.architectury.registry.registries.forge.RegistrarManagerImpl/]: Registry entry listened Registry Entry [minecraft:item / fossil:bone_ribcage_ankylosaurus] was not realized!
[01Sep2026 03:16:02.575] [main/WARN] [dev.architectury.registry.registries.forge.RegistrarManagerImpl/]: Registry entry listened Registry Entry [minecraft:item / fossil:bone_foot_dilophosaurus] was not realized!
[01Sep2026 03:16:02.575] [main/WARN] [dev.architectury.registry.registries.forge.RegistrarManagerImpl/]: Registry entry listened Registry Entry [minecraft:item / fossil:egg_item_parasaurolophus] was not realized!
[01Sep2026 03:16:02.575] [main/WARN] [dev.architectury.registry.registries.forge.RegistrarManagerImpl/]: Registry entry listened Registry Entry [minecraft:item / fossil:bone_ribcage_ornitholestes] was not realized!
[01Sep2026 03:16:02.575] [main/WARN] [dev.architectury.registry.registries.forge.RegistrarManagerImpl/]: Registry entry listened Registry Entry [minecraft:item / fossil:meat_protoceratops] was not realized!
[01Sep2026 03:16:02.575] [main/WARN] [dev.architectury.registry.registries.forge.RegistrarManagerImpl/]: Registry entry listened Registry Entry [minecraft:item / fossil:meat_coelacanth] was not realized!
[01Sep2026 03:16:02.575] [main/WARN] [dev.architectury.registry.registries.forge.RegistrarManagerImpl/]: Registry entry listened Registry Entry [minecraft:item / fossil:bone_unique_smilodon] was not realized!
[01Sep2026 03:16:02.575] [main/WARN] [dev.architectury.registry.registries.forge.RegistrarManagerImpl/]: Registry entry listened Registry Entry [minecraft:item / fossil:meat_parasaurolophus] was not realized!
[01Sep2026 03:16:02.575] [main/WARN] [dev.architectury.registry.registries.forge.RegistrarManagerImpl/]: Registry entry listened Registry Entry [minecraft:item / fossil:meat_arthropleura] was not realized!
[01Sep2026 03:16:02.575] [main/WARN] [dev.architectury.registry.registries.forge.RegistrarManagerImpl/]: Registry entry listened Registry Entry [minecraft:item / fossil:spawn_egg_parasaurolophus] was not realized!
[01Sep2026 03:16:02.575] [main/WARN] [dev.architectury.registry.registries.forge.RegistrarManagerImpl/]: Registry entry listened Registry Entry [minecraft:item / fossil:bone_unique_kelenken] was not realized!
[01Sep2026 03:16:02.575] [main/WARN] [dev.architectury.registry.registries.forge.RegistrarManagerImpl/]: Registry entry listened Registry Entry [minecraft:item / fossil:bone_leg_diplodocus] was not realized!
[01Sep2026 03:16:02.575] [main/WARN] [dev.architectury.registry.registries.forge.RegistrarManagerImpl/]: Registry entry listened Registry Entry [minecraft:item / fossil:bone_tail_spinosaurus] was not realized!
[01Sep2026 03:16:02.575] [main/WARN] [dev.architectury.registry.registries.forge.RegistrarManagerImpl/]: Registry entry listened Registry Entry [minecraft:item / fossil:meat_henodus] was not realized!
[01Sep2026 03:16:02.575] [main/WARN] [dev.architectury.registry.registries.forge.RegistrarManagerImpl/]: Registry entry listened Registry Entry [minecraft:item / fossil:bone_tail_ceratosaurus] was not realized!
[01Sep2026 03:16:02.575] [main/WARN] [dev.architectury.registry.registries.forge.RegistrarManagerImpl/]: Registry entry listened Registry Entry [minecraft:item / fossil:cooked_tyrannosaurus] was not realized!
[01Sep2026 03:16:02.575] [main/WARN] [dev.architectury.registry.registries.forge.RegistrarManagerImpl/]: Registry entry listened Registry Entry [minecraft:item / fossil:bone_vertebrae_phorusrhacos] was not realized!
[01Sep2026 03:16:02.575] [main/WARN] [dev.architectury.registry.registries.forge.RegistrarManagerImpl/]: Registry entry listened Registry Entry [minecraft:item / fossil:cooked_gastornis] was not realized!
[01Sep2026 03:16:02.575] [main/WARN] [dev.architectury.registry.registries.forge.RegistrarManagerImpl/]: Registry entry listened Registry Entry [minecraft:item / fossil:bone_skull_dimorphodon] was not realized!
[01Sep2026 03:16:02.575] [main/WARN] [dev.architectury.registry.registries.forge.RegistrarManagerImpl/]: Registry entry listened Registry Entry [minecraft:item / fossil:syringe_fox] was not realized!
[01Sep2026 03:16:02.575] [main/WARN] [dev.architectury.registry.registries.forge.RegistrarManagerImpl/]: Registry entry listened Registry Entry [minecraft:item / fossil:bucket_item_plesiosaurus] was not realized!
[01Sep2026 03:16:02.575] [main/WARN] [dev.architectury.registry.registries.forge.RegistrarManagerImpl/]: Registry entry listened Registry Entry [minecraft:item / fossil:spawn_egg_lonchodomas] was not realized!
[01Sep2026 03:16:02.575] [main/WARN] [dev.architectury.registry.registries.forge.RegistrarManagerImpl/]: Registry entry listened Registry Entry [minecraft:item / fossil:bone_ribcage_kelenken] was not realized!
[01Sep2026 03:16:02.575] [main/WARN] [dev.architectury.registry.registries.forge.RegistrarManagerImpl/]: Registry entry listened Registry Entry [minecraft:item / fossil:crassigyrinus_dna] was not realized!
[01Sep2026 03:16:02.575] [main/WARN] [dev.architectury.registry.registries.forge.RegistrarManagerImpl/]: Registry entry listened Registry Entry [minecraft:item / fossil:bone_vertebrae_brachiosaurus] was not realized!
[01Sep2026 03:16:02.575] [main/WARN] [dev.architectury.registry.registries.forge.RegistrarManagerImpl/]: Registry entry listened Registry Entry [minecraft:item / fossil:bone_vertebrae_dryosaurus] was not realized!
[01Sep2026 03:16:02.575] [main/WARN] [dev.architectury.registry.registries.forge.RegistrarManagerImpl/]: Registry entry listened Registry Entry [minecraft:item / fossil:bone_arm_spinosaurus] was not realized!
[01Sep2026 03:16:02.575] [main/WARN] [dev.architectury.registry.registries.forge.RegistrarManagerImpl/]: Registry entry listened Registry Entry [minecraft:item / fossil:bone_vertebrae_pachycephalosaurus] was not realized!
[01Sep2026 03:16:02.575] [main/WARN] [dev.architectury.registry.registries.forge.RegistrarManagerImpl/]: Registry entry listened Registry Entry [minecraft:item / fossil:bone_ribcage_parasaurolophus] was not realized!
[01Sep2026 03:16:02.575] [main/WARN] [dev.architectury.registry.registries.forge.RegistrarManagerImpl/]: Registry entry listened Registry Entry [minecraft:item / fossil:egg_item_squid] was not realized!
[01Sep2026 03:16:02.576] [main/WARN] [dev.architectury.registry.registries.forge.RegistrarManagerImpl/]: Registry entry listened Registry Entry [minecraft:item / fossil:egg_item_ornitholestes] was not realized!
[01Sep2026 03:16:02.576] [main/WARN] [dev.architectury.registry.registries.forge.RegistrarManagerImpl/]: Registry entry listened Registry Entry [minecraft:item / fossil:spawn_egg_spinosaurus] was not realized!
[01Sep2026 03:16:02.576] [main/WARN] [dev.architectury.registry.registries.forge.RegistrarManagerImpl/]: Registry entry listened Registry Entry [minecraft:item / fossil:bucket_item_diplocaulus] was not realized!
[01Sep2026 03:16:02.576] [main/WARN] [dev.architectury.registry.registries.forge.RegistrarManagerImpl/]: Registry entry listened Registry Entry [minecraft:item / fossil:tiktaalik_dna] was not realized!
[01Sep2026 03:16:02.576] [main/WARN] [dev.architectury.registry.registries.forge.RegistrarManagerImpl/]: Registry entry listened Registry Entry [minecraft:item / fossil:bone_arm_quetzalcoatlus] was not realized!
[01Sep2026 03:16:02.576] [main/WARN] [dev.architectury.registry.registries.forge.RegistrarManagerImpl/]: Registry entry listened Registry Entry [minecraft:item / fossil:cooked_dodo] was not realized!
[01Sep2026 03:16:02.576] [main/WARN] [dev.architectury.registry.registries.forge.RegistrarManagerImpl/]: Registry entry listened Registry Entry [minecraft:item / fossil:bone_unique_megalodon] was not realized!
[01Sep2026 03:16:02.576] [main/WARN] [dev.architectury.registry.registries.forge.RegistrarManagerImpl/]: Registry entry listened Registry Entry [minecraft:item / fossil:meat_ornitholestes] was not realized!
[01Sep2026 03:16:02.576] [main/WARN] [dev.architectury.registry.registries.forge.RegistrarManagerImpl/]: Registry entry listened Registry Entry [minecraft:item / fossil:bone_skull_ceratosaurus] was not realized!
[01Sep2026 03:16:02.576] [main/WARN] [dev.architectury.registry.registries.forge.RegistrarManagerImpl/]: Registry entry listened Registry Entry [minecraft:item / fossil:meat_megalodon] was not realized!
[01Sep2026 03:16:02.576] [main/WARN] [dev.architectury.registry.registries.forge.RegistrarManagerImpl/]: Registry entry listened Registry Entry [minecraft:item / fossil:diplodocus_dna] was not realized!
[01Sep2026 03:16:02.576] [main/WARN] [dev.architectury.registry.registries.forge.RegistrarManagerImpl/]: Registry entry listened Registry Entry [minecraft:item / fossil:tropical_fish_dna] was not realized!
[01Sep2026 03:16:02.576] [main/WARN] [dev.architectury.registry.registries.forge.RegistrarManagerImpl/]: Registry entry listened Registry Entry [minecraft:item / fossil:spawn_egg_meganeura] was not realized!
[01Sep2026 03:16:02.576] [main/WARN] [dev.architectury.registry.registries.forge.RegistrarManagerImpl/]: Registry entry listened Registry Entry [minecraft:item / fossil:egg_item_dicranurus] was not realized!
[01Sep2026 03:16:02.576] [main/WARN] [dev.architectury.registry.registries.forge.RegistrarManagerImpl/]: Registry entry listened Registry Entry [minecraft:item / fossil:cooked_dilophosaurus] was not realized!
[01Sep2026 03:16:02.576] [main/WARN] [dev.architectury.registry.registries.forge.RegistrarManagerImpl/]: Registry entry listened Registry Entry [minecraft:item / fossil:bone_ribcage_dimorphodon] was not realized!
[01Sep2026 03:16:02.576] [main/WARN] [dev.architectury.registry.registries.forge.RegistrarManagerImpl/]: Registry entry listened Registry Entry [minecraft:item / fossil:bone_foot_tyrannosaurus] was not realized!
[01Sep2026 03:16:02.576] [main/WARN] [dev.architectury.registry.registries.forge.RegistrarManagerImpl/]: Registry entry listened Registry Entry [minecraft:item / fossil:egg_item_compsognathus] was not realized!
[01Sep2026 03:16:02.576] [main/WARN] [dev.architectury.registry.registries.forge.RegistrarManagerImpl/]: Registry entry listened Registry Entry [minecraft:item / fossil:bone_tail_dimorphodon] was not realized!
[01Sep2026 03:16:02.576] [main/WARN] [dev.architectury.registry.registries.forge.RegistrarManagerImpl/]: Registry entry listened Registry Entry [minecraft:item / fossil:bone_foot_dimetrodon] was not realized!
[01Sep2026 03:16:02.576] [main/WARN] [dev.architectury.registry.registries.forge.RegistrarManagerImpl/]: Registry entry listened Registry Entry [minecraft:item / fossil:meat_liopleurodon] was not realized!
[01Sep2026 03:16:02.576] [main/WARN] [dev.architectury.registry.registries.forge.RegistrarManagerImpl/]: Registry entry listened Registry Entry [minecraft:item / fossil:bone_tail_mosasaurus] was not realized!
[01Sep2026 03:16:02.576] [main/WARN] [dev.architectury.registry.registries.forge.RegistrarManagerImpl/]: Registry entry listened Registry Entry [minecraft:item / fossil:bone_ribcage_megaloceros] was not realized!
[01Sep2026 03:16:02.576] [main/WARN] [dev.architectury.registry.registries.forge.RegistrarManagerImpl/]: Registry entry listened Registry Entry [minecraft:item / fossil:goat_dna] was not realized!
[01Sep2026 03:16:02.576] [main/WARN] [dev.architectury.registry.registries.forge.RegistrarManagerImpl/]: Registry entry listened Registry Entry [minecraft:item / fossil:bone_ribcage_psittacosaurus] was not realized!
[01Sep2026 03:16:02.576] [main/WARN] [dev.architectury.registry.registries.forge.RegistrarManagerImpl/]: Registry entry listened Registry Entry [minecraft:item / fossil:sheep_dna] was not realized!
[01Sep2026 03:16:02.576] [main/WARN] [dev.architectury.registry.registries.forge.RegistrarManagerImpl/]: Registry entry listened Registry Entry [minecraft:item / fossil:cooked_quagga] was not realized!
[01Sep2026 03:16:02.576] [main/WARN] [dev.architectury.registry.registries.forge.RegistrarManagerImpl/]: Registry entry listened Registry Entry [minecraft:item / fossil:syringe_camel] was not realized!
[01Sep2026 03:16:02.576] [main/WARN] [dev.architectury.registry.registries.forge.RegistrarManagerImpl/]: Registry entry listened Registry Entry [minecraft:item / fossil:bone_skull_elasmotherium] was not realized!
[01Sep2026 03:16:02.576] [main/WARN] [dev.architectury.registry.registries.forge.RegistrarManagerImpl/]: Registry entry listened Registry Entry [minecraft:item / fossil:bone_ribcage_pachyrhinosaurus] was not realized!
[01Sep2026 03:16:02.576] [main/WARN] [dev.architectury.registry.registries.forge.RegistrarManagerImpl/]: Registry entry listened Registry Entry [minecraft:item / fossil:mooshroom_dna] was not realized!
[01Sep2026 03:16:02.576] [main/WARN] [dev.architectury.registry.registries.forge.RegistrarManagerImpl/]: Registry entry listened Registry Entry [minecraft:item / fossil:cooked_mammoth] was not realized!
[01Sep2026 03:16:02.576] [main/WARN] [dev.architectury.registry.registries.forge.RegistrarManagerImpl/]: Registry entry listened Registry Entry [minecraft:item / fossil:spawn_egg_gallimimus] was not realized!
[01Sep2026 03:16:02.576] [main/WARN] [dev.architectury.registry.registries.forge.RegistrarManagerImpl/]: Registry entry listened Registry Entry [minecraft:item / fossil:quetzalcoatlus_dna] was not realized!
[01Sep2026 03:16:02.576] [main/WARN] [dev.architectury.registry.registries.forge.RegistrarManagerImpl/]: Registry entry listened Registry Entry [minecraft:item / fossil:bone_tail_dryosaurus] was not realized!
[01Sep2026 03:16:02.576] [main/WARN] [dev.architectury.registry.registries.forge.RegistrarManagerImpl/]: Registry entry listened Registry Entry [minecraft:item / fossil:bone_tail_henodus] was not realized!
[01Sep2026 03:16:02.576] [main/WARN] [dev.architectury.registry.registries.forge.RegistrarManagerImpl/]: Registry entry listened Registry Entry [minecraft:item / fossil:bone_vertebrae_deinonychus] was not realized!
[01Sep2026 03:16:02.576] [main/WARN] [dev.architectury.registry.registries.forge.RegistrarManagerImpl/]: Registry entry listened Registry Entry [minecraft:item / fossil:bone_skull_psittacosaurus] was not realized!
[01Sep2026 03:16:02.576] [main/WARN] [dev.architectury.registry.registries.forge.RegistrarManagerImpl/]: Registry entry listened Registry Entry [minecraft:item / fossil:meat_titanis] was not realized!
[01Sep2026 03:16:02.576] [main/WARN] [dev.architectury.registry.registries.forge.RegistrarManagerImpl/]: Registry entry listened Registry Entry [minecraft:item / fossil:cooked_megalograptus] was not realized!
[01Sep2026 03:16:02.576] [main/WARN] [dev.architectury.registry.registries.forge.RegistrarManagerImpl/]: Registry entry listened Registry Entry [minecraft:item / fossil:bone_vertebrae_pachyrhinosaurus] was not realized!
[01Sep2026 03:16:02.576] [main/WARN] [dev.architectury.registry.registries.forge.RegistrarManagerImpl/]: Registry entry listened Registry Entry [minecraft:item / fossil:bone_leg_ankylosaurus] was not realized!
[01Sep2026 03:16:02.576] [main/WARN] [dev.architectury.registry.registries.forge.RegistrarManagerImpl/]: Registry entry listened Registry Entry [minecraft:item / fossil:egg_item_ceratosaurus] was not realized!
[01Sep2026 03:16:02.576] [main/WARN] [dev.architectury.registry.registries.forge.RegistrarManagerImpl/]: Registry entry listened Registry Entry [minecraft:item / fossil:rabbit_dna] was not realized!
[01Sep2026 03:16:02.576] [main/WARN] [dev.architectury.registry.registries.forge.RegistrarManagerImpl/]: Registry entry listened Registry Entry [minecraft:item / fossil:bone_ribcage_edaphosaurus] was not realized!
[01Sep2026 03:16:02.576] [main/WARN] [dev.architectury.registry.registries.forge.RegistrarManagerImpl/]: Registry entry listened Registry Entry [minecraft:item / fossil:egg_phorusrhacos] was not realized!
[01Sep2026 03:16:02.576] [main/WARN] [dev.architectury.registry.registries.forge.RegistrarManagerImpl/]: Registry entry listened Registry Entry [minecraft:item / fossil:bone_unique_confuciusornis] was not realized!
[01Sep2026 03:16:02.576] [main/WARN] [dev.architectury.registry.registries.forge.RegistrarManagerImpl/]: Registry entry listened Registry Entry [minecraft:item / fossil:bone_skull_plesiosaurus] was not realized!
[01Sep2026 03:16:02.576] [main/WARN] [dev.architectury.registry.registries.forge.RegistrarManagerImpl/]: Registry entry listened Registry Entry [minecraft:item / fossil:bone_unique_edaphosaurus] was not realized!
[01Sep2026 03:16:02.576] [main/WARN] [dev.architectury.registry.registries.forge.RegistrarManagerImpl/]: Registry entry listened Registry Entry [minecraft:item / fossil:meat_gallimimus] was not realized!
[01Sep2026 03:16:02.576] [main/WARN] [dev.architectury.registry.registries.forge.RegistrarManagerImpl/]: Registry entry listened Registry Entry [minecraft:item / fossil:bone_vertebrae_allosaurus] was not realized!
[01Sep2026 03:16:02.576] [main/WARN] [dev.architectury.registry.registries.forge.RegistrarManagerImpl/]: Registry entry listened Registry Entry [minecraft:item / fossil:bone_tail_pachycephalosaurus] was not realized!
[01Sep2026 03:16:02.576] [main/WARN] [dev.architectury.registry.registries.forge.RegistrarManagerImpl/]: Registry entry listened Registry Entry [minecraft:item / fossil:dimetrodon_dna] was not realized!
[01Sep2026 03:16:02.576] [main/WARN] [dev.architectury.registry.registries.forge.RegistrarManagerImpl/]: Registry entry listened Registry Entry [minecraft:item / fossil:cooked_brachiosaurus] was not realized!
[01Sep2026 03:16:02.576] [main/WARN] [dev.architectury.registry.registries.forge.RegistrarManagerImpl/]: Registry entry listened Registry Entry [minecraft:item / fossil:bone_foot_diplodocus] was not realized!
[01Sep2026 03:16:02.576] [main/WARN] [dev.architectury.registry.registries.forge.RegistrarManagerImpl/]: Registry entry listened Registry Entry [minecraft:item / fossil:bone_unique_gastornis] was not realized!
[01Sep2026 03:16:02.576] [main/WARN] [dev.architectury.registry.registries.forge.RegistrarManagerImpl/]: Registry entry listened Registry Entry [minecraft:item / fossil:egg_item_diplodocus] was not realized!
[01Sep2026 03:16:02.576] [main/WARN] [dev.architectury.registry.registries.forge.RegistrarManagerImpl/]: Registry entry listened Registry Entry [minecraft:item / fossil:bone_arm_gastornis] was not realized!
[01Sep2026 03:16:02.576] [main/WARN] [dev.architectury.registry.registries.forge.RegistrarManagerImpl/]: Registry entry listened Registry Entry [minecraft:item / fossil:spawn_egg_kelenken] was not realized!
[01Sep2026 03:16:02.576] [main/WARN] [dev.architectury.registry.registries.forge.RegistrarManagerImpl/]: Registry entry listened Registry Entry [minecraft:item / fossil:spawn_egg_deinonychus] was not realized!
[01Sep2026 03:16:02.576] [main/WARN] [dev.architectury.registry.registries.forge.RegistrarManagerImpl/]: Registry entry listened Registry Entry [minecraft:item / fossil:bone_skull_tiktaalik] was not realized!
[01Sep2026 03:16:02.576] [main/WARN] [dev.architectury.registry.registries.forge.RegistrarManagerImpl/]: Registry entry listened Registry Entry [minecraft:item / fossil:bone_vertebrae_gallimimus] was not realized!
[01Sep2026 03:16:02.576] [main/WARN] [dev.architectury.registry.registries.forge.RegistrarManagerImpl/]: Registry entry listened Registry Entry [minecraft:item / fossil:bone_arm_pteranodon] was not realized!
[01Sep2026 03:16:02.576] [main/WARN] [dev.architectury.registry.registries.forge.RegistrarManagerImpl/]: Registry entry listened Registry Entry [minecraft:item / fossil:bone_arm_diplodocus] was not realized!
[01Sep2026 03:16:02.576] [main/WARN] [dev.architectury.registry.registries.forge.RegistrarManagerImpl/]: Registry entry listened Registry Entry [minecraft:item / fossil:bone_arm_megalania] was not realized!
[01Sep2026 03:16:02.576] [main/WARN] [dev.architectury.registry.registries.forge.RegistrarManagerImpl/]: Registry entry listened Registry Entry [minecraft:item / fossil:bone_foot_quagga] was not realized!
[01Sep2026 03:16:02.576] [main/WARN] [dev.architectury.registry.registries.forge.RegistrarManagerImpl/]: Registry entry listened Registry Entry [minecraft:item / fossil:bone_tail_parasaurolophus] was not realized!
[01Sep2026 03:16:02.576] [main/WARN] [dev.architectury.registry.registries.forge.RegistrarManagerImpl/]: Registry entry listened Registry Entry [minecraft:item / fossil:bone_leg_deinonychus] was not realized!
[01Sep2026 03:16:02.576] [main/WARN] [dev.architectury.registry.registries.forge.RegistrarManagerImpl/]: Registry entry listened Registry Entry [minecraft:item / fossil:bone_leg_gastornis] was not realized!
[01Sep2026 03:16:02.576] [main/WARN] [dev.architectury.registry.registries.forge.RegistrarManagerImpl/]: Registry entry listened Registry Entry [minecraft:item / fossil:bone_unique_dryosaurus] was not realized!
[01Sep2026 03:16:02.576] [main/WARN] [dev.architectury.registry.registries.forge.RegistrarManagerImpl/]: Registry entry listened Registry Entry [minecraft:item / fossil:spawn_egg_allosaurus] was not realized!
[01Sep2026 03:16:02.576] [main/WARN] [dev.architectury.registry.registries.forge.RegistrarManagerImpl/]: Registry entry listened Registry Entry [minecraft:item / fossil:spawn_egg_ankylosaurus] was not realized!
[01Sep2026 03:16:02.576] [main/WARN] [dev.architectury.registry.registries.forge.RegistrarManagerImpl/]: Registry entry listened Registry Entry [minecraft:item / fossil:bone_arm_ankylosaurus] was not realized!
[01Sep2026 03:16:02.576] [main/WARN] [dev.architectury.registry.registries.forge.RegistrarManagerImpl/]: Registry entry listened Registry Entry [minecraft:item / fossil:bone_foot_ceratosaurus] was not realized!
[01Sep2026 03:16:02.576] [main/WARN] [dev.architectury.registry.registries.forge.RegistrarManagerImpl/]: Registry entry listened Registry Entry [minecraft:item / fossil:bone_tail_megaloceros] was not realized!
[01Sep2026 03:16:02.576] [main/WARN] [dev.architectury.registry.registries.forge.RegistrarManagerImpl/]: Registry entry listened Registry Entry [minecraft:item / fossil:bone_skull_dimetrodon] was not realized!
[01Sep2026 03:16:02.576] [main/WARN] [dev.architectury.registry.registries.forge.RegistrarManagerImpl/]: Registry entry listened Registry Entry [minecraft:item / fossil:dicranurus_dna] was not realized!
[01Sep2026 03:16:02.576] [main/WARN] [dev.architectury.registry.registries.forge.RegistrarManagerImpl/]: Registry entry listened Registry Entry [minecraft:item / fossil:meat_elasmotherium] was not realized!
[01Sep2026 03:16:02.576] [main/WARN] [dev.architectury.registry.registries.forge.RegistrarManagerImpl/]: Registry entry listened Registry Entry [minecraft:item / fossil:spawn_egg_pachycephalosaurus] was not realized!
[01Sep2026 03:16:02.576] [main/WARN] [dev.architectury.registry.registries.forge.RegistrarManagerImpl/]: Registry entry listened Registry Entry [minecraft:item / fossil:egg_item_titanis] was not realized!
[01Sep2026 03:16:02.576] [main/WARN] [dev.architectury.registry.registries.forge.RegistrarManagerImpl/]: Registry entry listened Registry Entry [minecraft:item / fossil:cooked_titanis] was not realized!
[01Sep2026 03:16:02.576] [main/WARN] [dev.architectury.registry.registries.forge.RegistrarManagerImpl/]: Registry entry listened Registry Entry [minecraft:item / fossil:bone_vertebrae_stegosaurus] was not realized!
[01Sep2026 03:16:02.576] [main/WARN] [dev.architectury.registry.registries.forge.RegistrarManagerImpl/]: Registry entry listened Registry Entry [minecraft:item / fossil:dimorphodon_dna] was not realized!
[01Sep2026 03:16:02.576] [main/WARN] [dev.architectury.registry.registries.forge.RegistrarManagerImpl/]: Registry entry listened Registry Entry [minecraft:item / fossil:bone_foot_triceratops] was not realized!
[01Sep2026 03:16:02.576] [main/WARN] [dev.architectury.registry.registries.forge.RegistrarManagerImpl/]: Registry entry listened Registry Entry [minecraft:item / fossil:turtle_dna] was not realized!
[01Sep2026 03:16:02.576] [main/WARN] [dev.architectury.registry.registries.forge.RegistrarManagerImpl/]: Registry entry listened Registry Entry [minecraft:item / fossil:syringe_hoglin] was not realized!
[01Sep2026 03:16:02.576] [main/WARN] [dev.architectury.registry.registries.forge.RegistrarManagerImpl/]: Registry entry listened Registry Entry [minecraft:item / fossil:bone_foot_phorusrhacos] was not realized!
[01Sep2026 03:16:02.576] [main/WARN] [dev.architectury.registry.registries.forge.RegistrarManagerImpl/]: Registry entry listened Registry Entry [minecraft:item / fossil:cooked_lonchodomas] was not realized!
[01Sep2026 03:16:02.576] [main/WARN] [dev.architectury.registry.registries.forge.RegistrarManagerImpl/]: Registry entry listened Registry Entry [minecraft:item / fossil:bone_ribcage_protoceratops] was not realized!
[01Sep2026 03:16:02.576] [main/WARN] [dev.architectury.registry.registries.forge.RegistrarManagerImpl/]: Registry entry listened Registry Entry [minecraft:item / fossil:meat_quetzalcoatlus] was not realized!
[01Sep2026 03:16:02.576] [main/WARN] [dev.architectury.registry.registries.forge.RegistrarManagerImpl/]: Registry entry listened Registry Entry [minecraft:item / fossil:meat_lonchodomas] was not realized!
[01Sep2026 03:16:02.576] [main/WARN] [dev.architectury.registry.registries.forge.RegistrarManagerImpl/]: Registry entry listened Registry Entry [minecraft:item / fossil:bone_skull_ornitholestes] was not realized!
[01Sep2026 03:16:02.576] [main/WARN] [dev.architectury.registry.registries.forge.RegistrarManagerImpl/]: Registry entry listened Registry Entry [minecraft:item / fossil:bone_unique_pachycephalosaurus] was not realized!
[01Sep2026 03:16:02.577] [main/WARN] [dev.architectury.registry.registries.forge.RegistrarManagerImpl/]: Registry entry listened Registry Entry [minecraft:item / fossil:egg_item_crassigyrinus] was not realized!
[01Sep2026 03:16:02.577] [main/WARN] [dev.architectury.registry.registries.forge.RegistrarManagerImpl/]: Registry entry listened Registry Entry [minecraft:item / fossil:chicken_dna] was not realized!
[01Sep2026 03:16:02.577] [main/WARN] [dev.architectury.registry.registries.forge.RegistrarManagerImpl/]: Registry entry listened Registry Entry [minecraft:item / fossil:bone_arm_dodo] was not realized!
[01Sep2026 03:16:02.577] [main/WARN] [dev.architectury.registry.registries.forge.RegistrarManagerImpl/]: Registry entry listened Registry Entry [minecraft:item / fossil:bone_skull_stegosaurus] was not realized!
[01Sep2026 03:16:02.577] [main/WARN] [dev.architectury.registry.registries.forge.RegistrarManagerImpl/]: Registry entry listened Registry Entry [minecraft:item / fossil:gallimimus_dna] was not realized!
[01Sep2026 03:16:02.577] [main/WARN] [dev.architectury.registry.registries.forge.RegistrarManagerImpl/]: Registry entry listened Registry Entry [minecraft:item / fossil:walliserops_dna] was not realized!
[01Sep2026 03:16:02.577] [main/WARN] [dev.architectury.registry.registries.forge.RegistrarManagerImpl/]: Registry entry listened Registry Entry [minecraft:item / fossil:bone_unique_megalania] was not realized!
[01Sep2026 03:16:02.577] [main/WARN] [dev.architectury.registry.registries.forge.RegistrarManagerImpl/]: Registry entry listened Registry Entry [minecraft:item / fossil:bone_arm_diplocaulus] was not realized!
[01Sep2026 03:16:02.577] [main/WARN] [dev.architectury.registry.registries.forge.RegistrarManagerImpl/]: Registry entry listened Registry Entry [minecraft:item / fossil:nautilus_dna] was not realized!
[01Sep2026 03:16:02.577] [main/WARN] [dev.architectury.registry.registries.forge.RegistrarManagerImpl/]: Registry entry listened Registry Entry [minecraft:item / fossil:bone_arm_quagga] was not realized!
[01Sep2026 03:16:02.577] [main/WARN] [dev.architectury.registry.registries.forge.RegistrarManagerImpl/]: Registry entry listened Registry Entry [minecraft:item / fossil:bone_skull_deinonychus] was not realized!
[01Sep2026 03:16:02.577] [main/WARN] [dev.architectury.registry.registries.forge.RegistrarManagerImpl/]: Registry entry listened Registry Entry [minecraft:item / fossil:compsognathus_dna] was not realized!
[01Sep2026 03:16:02.577] [main/WARN] [dev.architectury.registry.registries.forge.RegistrarManagerImpl/]: Registry entry listened Registry Entry [minecraft:item / fossil:meat_citipati] was not realized!
[01Sep2026 03:16:02.577] [main/WARN] [dev.architectury.registry.registries.forge.RegistrarManagerImpl/]: Registry entry listened Registry Entry [minecraft:item / fossil:meat_smilodon] was not realized!
[01Sep2026 03:16:02.577] [main/WARN] [dev.architectury.registry.registries.forge.RegistrarManagerImpl/]: Registry entry listened Registry Entry [minecraft:item / fossil:bucket_item_walliserops] was not realized!
[01Sep2026 03:16:02.577] [main/WARN] [dev.architectury.registry.registries.forge.RegistrarManagerImpl/]: Registry entry listened Registry Entry [minecraft:item / fossil:egg_item_lonchodomas] was not realized!
[01Sep2026 03:16:02.577] [main/WARN] [dev.architectury.registry.registries.forge.RegistrarManagerImpl/]: Registry entry listened Registry Entry [minecraft:item / fossil:bone_tail_quetzalcoatlus] was not realized!
[01Sep2026 03:16:02.577] [main/WARN] [dev.architectury.registry.registries.forge.RegistrarManagerImpl/]: Registry entry listened Registry Entry [minecraft:item / fossil:bone_tail_therizinosaurus] was not realized!
[01Sep2026 03:16:02.577] [main/WARN] [dev.architectury.registry.registries.forge.RegistrarManagerImpl/]: Registry entry listened Registry Entry [minecraft:item / fossil:spawn_egg_tiktaalik] was not realized!
[01Sep2026 03:16:02.577] [main/WARN] [dev.architectury.registry.registries.forge.RegistrarManagerImpl/]: Registry entry listened Registry Entry [minecraft:item / fossil:pig_dna] was not realized!
[01Sep2026 03:16:02.577] [main/WARN] [dev.architectury.registry.registries.forge.RegistrarManagerImpl/]: Registry entry listened Registry Entry [minecraft:item / fossil:bone_leg_dimetrodon] was not realized!
[01Sep2026 03:16:02.577] [main/WARN] [dev.architectury.registry.registries.forge.RegistrarManagerImpl/]: Registry entry listened Registry Entry [minecraft:item / fossil:bone_arm_megaloceros] was not realized!
[01Sep2026 03:16:02.577] [main/WARN] [dev.architectury.registry.registries.forge.RegistrarManagerImpl/]: Registry entry listened Registry Entry [minecraft:item / fossil:pteranodon_dna] was not realized!
[01Sep2026 03:16:02.577] [main/WARN] [dev.architectury.registry.registries.forge.RegistrarManagerImpl/]: Registry entry listened Registry Entry [minecraft:item / fossil:cooked_deinonychus] was not realized!
[01Sep2026 03:16:02.577] [main/WARN] [dev.architectury.registry.registries.forge.RegistrarManagerImpl/]: Registry entry listened Registry Entry [minecraft:item / fossil:bone_ribcage_compsognathus] was not realized!
[01Sep2026 03:16:02.577] [main/WARN] [dev.architectury.registry.registries.forge.RegistrarManagerImpl/]: Registry entry listened Registry Entry [minecraft:item / fossil:bone_unique_elasmotherium] was not realized!
[01Sep2026 03:16:02.577] [main/WARN] [dev.architectury.registry.registries.forge.RegistrarManagerImpl/]: Registry entry listened Registry Entry [minecraft:item / fossil:pachycephalosaurus_dna] was not realized!
[01Sep2026 03:16:02.577] [main/WARN] [dev.architectury.registry.registries.forge.RegistrarManagerImpl/]: Registry entry listened Registry Entry [minecraft:item / fossil:bone_arm_allosaurus] was not realized!
[01Sep2026 03:16:02.577] [main/WARN] [dev.architectury.registry.registries.forge.RegistrarManagerImpl/]: Registry entry listened Registry Entry [minecraft:item / fossil:spawn_egg_psittacosaurus] was not realized!
[01Sep2026 03:16:02.577] [main/WARN] [dev.architectury.registry.registries.forge.RegistrarManagerImpl/]: Registry entry listened Registry Entry [minecraft:item / fossil:axolotl_dna] was not realized!
[01Sep2026 03:16:02.577] [main/WARN] [dev.architectury.registry.registries.forge.RegistrarManagerImpl/]: Registry entry listened Registry Entry [minecraft:item / fossil:bone_ribcage_triceratops] was not realized!
[01Sep2026 03:16:02.577] [main/WARN] [dev.architectury.registry.registries.forge.RegistrarManagerImpl/]: Registry entry listened Registry Entry [minecraft:item / fossil:bone_ribcage_dryosaurus] was not realized!
[01Sep2026 03:16:02.577] [main/WARN] [dev.architectury.registry.registries.forge.RegistrarManagerImpl/]: Registry entry listened Registry Entry [minecraft:item / fossil:bone_arm_dimorphodon] was not realized!
[01Sep2026 03:16:02.577] [main/WARN] [dev.architectury.registry.registries.forge.RegistrarManagerImpl/]: Registry entry listened Registry Entry [minecraft:item / fossil:spawn_egg_stegosaurus] was not realized!
[01Sep2026 03:16:02.577] [main/WARN] [dev.architectury.registry.registries.forge.RegistrarManagerImpl/]: Registry entry listened Registry Entry [minecraft:item / fossil:bone_leg_brachiosaurus] was not realized!
[01Sep2026 03:16:02.577] [main/WARN] [dev.architectury.registry.registries.forge.RegistrarManagerImpl/]: Registry entry listened Registry Entry [minecraft:item / fossil:spawn_egg_quagga] was not realized!
[01Sep2026 03:16:02.577] [main/WARN] [dev.architectury.registry.registries.forge.RegistrarManagerImpl/]: Registry entry listened Registry Entry [minecraft:item / fossil:bone_vertebrae_dodo] was not realized!
[01Sep2026 03:16:02.577] [main/WARN] [dev.architectury.registry.registries.forge.RegistrarManagerImpl/]: Registry entry listened Registry Entry [minecraft:item / fossil:egg_item_ichthyosaurus] was not realized!
[01Sep2026 03:16:02.577] [main/WARN] [dev.architectury.registry.registries.forge.RegistrarManagerImpl/]: Registry entry listened Registry Entry [minecraft:item / fossil:bone_leg_velociraptor] was not realized!
[01Sep2026 03:16:02.577] [main/WARN] [dev.architectury.registry.registries.forge.RegistrarManagerImpl/]: Registry entry listened Registry Entry [minecraft:item / fossil:bone_tail_brachiosaurus] was not realized!
[01Sep2026 03:16:02.577] [main/WARN] [dev.architectury.registry.registries.forge.RegistrarManagerImpl/]: Registry entry listened Registry Entry [minecraft:item / fossil:bone_foot_diplocaulus] was not realized!
[01Sep2026 03:16:02.577] [main/WARN] [dev.architectury.registry.registries.forge.RegistrarManagerImpl/]: Registry entry listened Registry Entry [minecraft:item / fossil:spawn_egg_quetzalcoatlus] was not realized!
[01Sep2026 03:16:02.577] [main/WARN] [dev.architectury.registry.registries.forge.RegistrarManagerImpl/]: Registry entry listened Registry Entry [minecraft:item / fossil:spawn_egg_dimetrodon] was not realized!
[01Sep2026 03:16:02.577] [main/WARN] [dev.architectury.registry.registries.forge.RegistrarManagerImpl/]: Registry entry listened Registry Entry [minecraft:item / fossil:spawn_egg_therizinosaurus] was not realized!
[01Sep2026 03:16:02.577] [main/WARN] [dev.architectury.registry.registries.forge.RegistrarManagerImpl/]: Registry entry listened Registry Entry [minecraft:item / fossil:bone_foot_edaphosaurus] was not realized!
[01Sep2026 03:16:02.577] [main/WARN] [dev.architectury.registry.registries.forge.RegistrarManagerImpl/]: Registry entry listened Registry Entry [minecraft:item / fossil:cooked_crassigyrinus] was not realized!
[01Sep2026 03:16:02.577] [main/WARN] [dev.architectury.registry.registries.forge.RegistrarManagerImpl/]: Registry entry listened Registry Entry [minecraft:item / fossil:bone_vertebrae_edaphosaurus] was not realized!
[01Sep2026 03:16:02.577] [main/WARN] [dev.architectury.registry.registries.forge.RegistrarManagerImpl/]: Registry entry listened Registry Entry [minecraft:item / fossil:spawn_egg_protoceratops] was not realized!
[01Sep2026 03:16:02.577] [main/WARN] [dev.architectury.registry.registries.forge.RegistrarManagerImpl/]: Registry entry listened Registry Entry [minecraft:item / fossil:bone_tail_diplocaulus] was not realized!
[01Sep2026 03:16:02.577] [main/WARN] [dev.architectury.registry.registries.forge.RegistrarManagerImpl/]: Registry entry listened Registry Entry [minecraft:item / fossil:bone_vertebrae_postosuchus] was not realized!
[01Sep2026 03:16:02.577] [main/WARN] [dev.architectury.registry.registries.forge.RegistrarManagerImpl/]: Registry entry listened Registry Entry [minecraft:item / fossil:bone_ribcage_confuciusornis] was not realized!
[01Sep2026 03:16:02.577] [main/WARN] [dev.architectury.registry.registries.forge.RegistrarManagerImpl/]: Registry entry listened Registry Entry [minecraft:item / fossil:bone_ribcage_sarcosuchus] was not realized!
[01Sep2026 03:16:02.577] [main/WARN] [dev.architectury.registry.registries.forge.RegistrarManagerImpl/]: Registry entry listened Registry Entry [minecraft:item / fossil:bone_leg_citipati] was not realized!
[01Sep2026 03:16:02.577] [main/WARN] [dev.architectury.registry.registries.forge.RegistrarManagerImpl/]: Registry entry listened Registry Entry [minecraft:item / fossil:egg_item_phorusrhacos] was not realized!
[01Sep2026 03:16:02.577] [main/WARN] [dev.architectury.registry.registries.forge.RegistrarManagerImpl/]: Registry entry listened Registry Entry [minecraft:item / fossil:elasmotherium_dna] was not realized!
[01Sep2026 03:16:02.577] [main/WARN] [dev.architectury.registry.registries.forge.RegistrarManagerImpl/]: Registry entry listened Registry Entry [minecraft:item / fossil:bucket_item_crassigyrinus] was not realized!
[01Sep2026 03:16:02.577] [main/WARN] [dev.architectury.registry.registries.forge.RegistrarManagerImpl/]: Registry entry listened Registry Entry [minecraft:item / fossil:cooked_velociraptor] was not realized!
[01Sep2026 03:16:02.577] [main/WARN] [dev.architectury.registry.registries.forge.RegistrarManagerImpl/]: Registry entry listened Registry Entry [minecraft:item / fossil:bone_tail_triceratops] was not realized!
[01Sep2026 03:16:02.577] [main/WARN] [dev.architectury.registry.registries.forge.RegistrarManagerImpl/]: Registry entry listened Registry Entry [minecraft:item / fossil:bone_foot_mammoth] was not realized!
[01Sep2026 03:16:02.577] [main/WARN] [dev.architectury.registry.registries.forge.RegistrarManagerImpl/]: Registry entry listened Registry Entry [minecraft:item / fossil:egg_item_deinonychus] was not realized!
[01Sep2026 03:16:02.577] [main/WARN] [dev.architectury.registry.registries.forge.RegistrarManagerImpl/]: Registry entry listened Registry Entry [minecraft:item / fossil:bone_skull_titanis] was not realized!
[01Sep2026 03:16:02.577] [main/WARN] [dev.architectury.registry.registries.forge.RegistrarManagerImpl/]: Registry entry listened Registry Entry [minecraft:item / fossil:triceratops_dna] was not realized!
[01Sep2026 03:16:02.577] [main/WARN] [dev.architectury.registry.registries.forge.RegistrarManagerImpl/]: Registry entry listened Registry Entry [minecraft:item / fossil:spawn_egg_megalodon] was not realized!
[01Sep2026 03:16:02.577] [main/WARN] [dev.architectury.registry.registries.forge.RegistrarManagerImpl/]: Registry entry listened Registry Entry [minecraft:item / fossil:bone_ribcage_velociraptor] was not realized!
[01Sep2026 03:16:02.577] [main/WARN] [dev.architectury.registry.registries.forge.RegistrarManagerImpl/]: Registry entry listened Registry Entry [minecraft:item / fossil:bone_unique_spinosaurus] was not realized!
[01Sep2026 03:16:02.577] [main/WARN] [dev.architectury.registry.registries.forge.RegistrarManagerImpl/]: Registry entry listened Registry Entry [minecraft:item / fossil:bone_skull_dilophosaurus] was not realized!
[01Sep2026 03:16:02.577] [main/WARN] [dev.architectury.registry.registries.forge.RegistrarManagerImpl/]: Registry entry listened Registry Entry [minecraft:item / fossil:egg_item_coelacanth] was not realized!
[01Sep2026 03:16:02.577] [main/WARN] [dev.architectury.registry.registries.forge.RegistrarManagerImpl/]: Registry entry listened Registry Entry [minecraft:item / fossil:bone_leg_henodus] was not realized!
[01Sep2026 03:16:02.577] [main/WARN] [dev.architectury.registry.registries.forge.RegistrarManagerImpl/]: Registry entry listened Registry Entry [minecraft:item / fossil:bone_ribcage_smilodon] was not realized!
[01Sep2026 03:16:02.577] [main/WARN] [dev.architectury.registry.registries.forge.RegistrarManagerImpl/]: Registry entry listened Registry Entry [minecraft:item / fossil:bone_tail_citipati] was not realized!
[01Sep2026 03:16:02.577] [main/WARN] [dev.architectury.registry.registries.forge.RegistrarManagerImpl/]: Registry entry listened Registry Entry [minecraft:item / fossil:bone_tail_psittacosaurus] was not realized!
[01Sep2026 03:16:02.577] [main/WARN] [dev.architectury.registry.registries.forge.RegistrarManagerImpl/]: Registry entry listened Registry Entry [minecraft:item / fossil:cooked_platybelodon] was not realized!
[01Sep2026 03:16:02.577] [main/WARN] [dev.architectury.registry.registries.forge.RegistrarManagerImpl/]: Registry entry listened Registry Entry [minecraft:item / fossil:stegosaurus_dna] was not realized!
[01Sep2026 03:16:02.577] [main/WARN] [dev.architectury.registry.registries.forge.RegistrarManagerImpl/]: Registry entry listened Registry Entry [minecraft:item / fossil:cooked_allosaurus] was not realized!
[01Sep2026 03:16:02.577] [main/WARN] [dev.architectury.registry.registries.forge.RegistrarManagerImpl/]: Registry entry listened Registry Entry [minecraft:item / fossil:bone_arm_dilophosaurus] was not realized!
[01Sep2026 03:16:02.577] [main/WARN] [dev.architectury.registry.registries.forge.RegistrarManagerImpl/]: Registry entry listened Registry Entry [minecraft:item / fossil:donkey_dna] was not realized!
[01Sep2026 03:16:02.577] [main/WARN] [dev.architectury.registry.registries.forge.RegistrarManagerImpl/]: Registry entry listened Registry Entry [minecraft:item / fossil:meat_kelenken] was not realized!
[01Sep2026 03:16:02.577] [main/WARN] [dev.architectury.registry.registries.forge.RegistrarManagerImpl/]: Registry entry listened Registry Entry [minecraft:item / fossil:smilodon_dna] was not realized!
[01Sep2026 03:16:02.577] [main/WARN] [dev.architectury.registry.registries.forge.RegistrarManagerImpl/]: Registry entry listened Registry Entry [minecraft:item / fossil:egg_item_dryosaurus] was not realized!
[01Sep2026 03:16:02.577] [main/WARN] [dev.architectury.registry.registries.forge.RegistrarManagerImpl/]: Registry entry listened Registry Entry [minecraft:item / fossil:meat_pachycephalosaurus] was not realized!
[01Sep2026 03:16:02.577] [main/WARN] [dev.architectury.registry.registries.forge.RegistrarManagerImpl/]: Registry entry listened Registry Entry [minecraft:item / fossil:bone_ribcage_allosaurus] was not realized!
[01Sep2026 03:16:02.577] [main/WARN] [dev.architectury.registry.registries.forge.RegistrarManagerImpl/]: Registry entry listened Registry Entry [minecraft:item / fossil:bone_leg_dilophosaurus] was not realized!
[01Sep2026 03:16:02.577] [main/WARN] [dev.architectury.registry.registries.forge.RegistrarManagerImpl/]: Registry entry listened Registry Entry [minecraft:item / fossil:meat_deinonychus] was not realized!
[01Sep2026 03:16:02.577] [main/WARN] [dev.architectury.registry.registries.forge.RegistrarManagerImpl/]: Registry entry listened Registry Entry [minecraft:item / fossil:spawn_egg_scotoharpes] was not realized!
[01Sep2026 03:16:02.577] [main/WARN] [dev.architectury.registry.registries.forge.RegistrarManagerImpl/]: Registry entry listened Registry Entry [minecraft:item / fossil:bone_leg_megalania] was not realized!
[01Sep2026 03:16:02.577] [main/WARN] [dev.architectury.registry.registries.forge.RegistrarManagerImpl/]: Registry entry listened Registry Entry [minecraft:item / fossil:bone_leg_platybelodon] was not realized!
[01Sep2026 03:16:02.577] [main/WARN] [dev.architectury.registry.registries.forge.RegistrarManagerImpl/]: Registry entry listened Registry Entry [minecraft:item / fossil:syringe_panda] was not realized!
[01Sep2026 03:16:02.577] [main/WARN] [dev.architectury.registry.registries.forge.RegistrarManagerImpl/]: Registry entry listened Registry Entry [minecraft:item / fossil:egg_item_plesiosaurus] was not realized!
[01Sep2026 03:16:02.577] [main/WARN] [dev.architectury.registry.registries.forge.RegistrarManagerImpl/]: Registry entry listened Registry Entry [minecraft:item / fossil:bone_unique_dimetrodon] was not realized!
[01Sep2026 03:16:02.577] [main/WARN] [dev.architectury.registry.registries.forge.RegistrarManagerImpl/]: Registry entry listened Registry Entry [minecraft:item / fossil:egg_item_chicken] was not realized!
[01Sep2026 03:16:02.578] [main/WARN] [dev.architectury.registry.registries.forge.RegistrarManagerImpl/]: Registry entry listened Registry Entry [minecraft:item / fossil:bone_ribcage_dilophosaurus] was not realized!
[01Sep2026 03:16:02.578] [main/WARN] [dev.architectury.registry.registries.forge.RegistrarManagerImpl/]: Registry entry listened Registry Entry [minecraft:item / fossil:bone_foot_sarcosuchus] was not realized!
[01Sep2026 03:16:02.578] [main/WARN] [dev.architectury.registry.registries.forge.RegistrarManagerImpl/]: Registry entry listened Registry Entry [minecraft:item / fossil:cooked_confuciusornis] was not realized!
[01Sep2026 03:16:02.578] [main/WARN] [dev.architectury.registry.registries.forge.RegistrarManagerImpl/]: Registry entry listened Registry Entry [minecraft:item / fossil:egg_item_cod] was not realized!
[01Sep2026 03:16:02.578] [main/WARN] [dev.architectury.registry.registries.forge.RegistrarManagerImpl/]: Registry entry listened Registry Entry [minecraft:item / fossil:bone_foot_megaloceros] was not realized!
[01Sep2026 03:16:02.578] [main/WARN] [dev.architectury.registry.registries.forge.RegistrarManagerImpl/]: Registry entry listened Registry Entry [minecraft:item / fossil:bone_unique_henodus] was not realized!
[01Sep2026 03:16:02.578] [main/WARN] [dev.architectury.registry.registries.forge.RegistrarManagerImpl/]: Registry entry listened Registry Entry [minecraft:item / fossil:bone_skull_compsognathus] was not realized!
[01Sep2026 03:16:02.578] [main/WARN] [dev.architectury.registry.registries.forge.RegistrarManagerImpl/]: Registry entry listened Registry Entry [minecraft:item / fossil:bone_foot_tiktaalik] was not realized!
[01Sep2026 03:16:02.578] [main/WARN] [dev.architectury.registry.registries.forge.RegistrarManagerImpl/]: Registry entry listened Registry Entry [minecraft:item / fossil:meat_megalania] was not realized!
[01Sep2026 03:16:02.578] [main/WARN] [dev.architectury.registry.registries.forge.RegistrarManagerImpl/]: Registry entry listened Registry Entry [minecraft:item / fossil:bone_vertebrae_ceratosaurus] was not realized!
[01Sep2026 03:16:02.578] [main/WARN] [dev.architectury.registry.registries.forge.RegistrarManagerImpl/]: Registry entry listened Registry Entry [minecraft:item / fossil:bone_foot_parasaurolophus] was not realized!
[01Sep2026 03:16:02.578] [main/WARN] [dev.architectury.registry.registries.forge.RegistrarManagerImpl/]: Registry entry listened Registry Entry [minecraft:item / fossil:spawn_egg_platybelodon] was not realized!
[01Sep2026 03:16:02.578] [main/WARN] [dev.architectury.registry.registries.forge.RegistrarManagerImpl/]: Registry entry listened Registry Entry [minecraft:item / fossil:salmon_dna] was not realized!
[01Sep2026 03:16:02.578] [main/WARN] [dev.architectury.registry.registries.forge.RegistrarManagerImpl/]: Registry entry listened Registry Entry [minecraft:item / fossil:bone_arm_parasaurolophus] was not realized!
[01Sep2026 03:16:02.578] [main/WARN] [dev.architectury.registry.registries.forge.RegistrarManagerImpl/]: Registry entry listened Registry Entry [minecraft:item / fossil:quagga_dna] was not realized!
[01Sep2026 03:16:02.578] [main/WARN] [dev.architectury.registry.registries.forge.RegistrarManagerImpl/]: Registry entry listened Registry Entry [minecraft:item / fossil:bone_tail_pteranodon] was not realized!
[01Sep2026 03:16:02.578] [main/WARN] [dev.architectury.registry.registries.forge.RegistrarManagerImpl/]: Registry entry listened Registry Entry [minecraft:item / fossil:bone_arm_compsognathus] was not realized!
[01Sep2026 03:16:02.578] [main/WARN] [dev.architectury.registry.registries.forge.RegistrarManagerImpl/]: Registry entry listened Registry Entry [minecraft:item / fossil:bone_ribcage_diplodocus] was not realized!
[01Sep2026 03:16:02.578] [main/WARN] [dev.architectury.registry.registries.forge.RegistrarManagerImpl/]: Registry entry listened Registry Entry [minecraft:item / fossil:bucket_item_ichthyosaurus] was not realized!
[01Sep2026 03:16:02.578] [main/WARN] [dev.architectury.registry.registries.forge.RegistrarManagerImpl/]: Registry entry listened Registry Entry [minecraft:item / fossil:cooked_diplodocus] was not realized!
[01Sep2026 03:16:02.578] [main/WARN] [dev.architectury.registry.registries.forge.RegistrarManagerImpl/]: Registry entry listened Registry Entry [minecraft:item / fossil:bone_unique_ankylosaurus] was not realized!
[01Sep2026 03:16:02.578] [main/WARN] [dev.architectury.registry.registries.forge.RegistrarManagerImpl/]: Registry entry listened Registry Entry [minecraft:item / fossil:bone_ribcage_diplocaulus] was not realized!
[01Sep2026 03:16:02.578] [main/WARN] [dev.architectury.registry.registries.forge.RegistrarManagerImpl/]: Registry entry listened Registry Entry [minecraft:item / fossil:spawn_egg_velociraptor] was not realized!
[01Sep2026 03:16:02.578] [main/WARN] [dev.architectury.registry.registries.forge.RegistrarManagerImpl/]: Registry entry listened Registry Entry [minecraft:item / fossil:bone_arm_ceratosaurus] was not realized!
[01Sep2026 03:16:02.578] [main/WARN] [dev.architectury.registry.registries.forge.RegistrarManagerImpl/]: Registry entry listened Registry Entry [minecraft:item / fossil:cooked_dryosaurus] was not realized!
[01Sep2026 03:16:02.578] [main/WARN] [dev.architectury.registry.registries.forge.RegistrarManagerImpl/]: Registry entry listened Registry Entry [minecraft:item / fossil:bone_skull_ankylosaurus] was not realized!
[01Sep2026 03:16:02.578] [main/WARN] [dev.architectury.registry.registries.forge.RegistrarManagerImpl/]: Registry entry listened Registry Entry [minecraft:item / fossil:cooked_ichthyosaurus] was not realized!
[01Sep2026 03:16:02.578] [main/WARN] [dev.architectury.registry.registries.forge.RegistrarManagerImpl/]: Registry entry listened Registry Entry [minecraft:item / fossil:cooked_megalodon] was not realized!
[01Sep2026 03:16:02.578] [main/WARN] [dev.architectury.registry.registries.forge.RegistrarManagerImpl/]: Registry entry listened Registry Entry [minecraft:item / fossil:meat_quagga] was not realized!
[01Sep2026 03:16:02.578] [main/WARN] [dev.architectury.registry.registries.forge.RegistrarManagerImpl/]: Registry entry listened Registry Entry [minecraft:item / fossil:bone_arm_triceratops] was not realized!
[01Sep2026 03:16:02.578] [main/WARN] [dev.architectury.registry.registries.forge.RegistrarManagerImpl/]: Registry entry listened Registry Entry [minecraft:item / fossil:bone_leg_dimorphodon] was not realized!
[01Sep2026 03:16:02.578] [main/WARN] [dev.architectury.registry.registries.forge.RegistrarManagerImpl/]: Registry entry listened Registry Entry [minecraft:item / fossil:bone_skull_quagga] was not realized!
[01Sep2026 03:16:02.578] [main/WARN] [dev.architectury.registry.registries.forge.RegistrarManagerImpl/]: Registry entry listened Registry Entry [minecraft:item / fossil:bone_leg_mosasaurus] was not realized!
[01Sep2026 03:16:02.578] [main/WARN] [dev.architectury.registry.registries.forge.RegistrarManagerImpl/]: Registry entry listened Registry Entry [minecraft:item / fossil:bone_leg_triceratops] was not realized!
[01Sep2026 03:16:02.578] [main/WARN] [dev.architectury.registry.registries.forge.RegistrarManagerImpl/]: Registry entry listened Registry Entry [minecraft:item / fossil:bone_ribcage_elasmotherium] was not realized!
[01Sep2026 03:16:02.578] [main/WARN] [dev.architectury.registry.registries.forge.RegistrarManagerImpl/]: Registry entry listened Registry Entry [minecraft:item / fossil:bone_vertebrae_therizinosaurus] was not realized!
[01Sep2026 03:16:02.578] [main/WARN] [dev.architectury.registry.registries.forge.RegistrarManagerImpl/]: Registry entry listened Registry Entry [minecraft:item / fossil:spawn_egg_titanis] was not realized!
[01Sep2026 03:16:02.578] [main/WARN] [dev.architectury.registry.registries.forge.RegistrarManagerImpl/]: Registry entry listened Registry Entry [minecraft:item / fossil:cooked_coelacanth] was not realized!
[01Sep2026 03:16:02.578] [main/WARN] [dev.architectury.registry.registries.forge.RegistrarManagerImpl/]: Registry entry listened Registry Entry [minecraft:item / fossil:bone_foot_ichthyosaurus] was not realized!
[01Sep2026 03:16:02.578] [main/WARN] [dev.architectury.registry.registries.forge.RegistrarManagerImpl/]: Registry entry listened Registry Entry [minecraft:item / fossil:bone_ribcage_therizinosaurus] was not realized!
[01Sep2026 03:16:02.578] [main/WARN] [dev.architectury.registry.registries.forge.RegistrarManagerImpl/]: Registry entry listened Registry Entry [minecraft:item / fossil:bone_ribcage_pachycephalosaurus] was not realized!
[01Sep2026 03:16:02.578] [main/WARN] [dev.architectury.registry.registries.forge.RegistrarManagerImpl/]: Registry entry listened Registry Entry [minecraft:item / fossil:egg_item_megalodon] was not realized!
[01Sep2026 03:16:02.578] [main/WARN] [dev.architectury.registry.registries.forge.RegistrarManagerImpl/]: Registry entry listened Registry Entry [minecraft:item / fossil:bone_foot_quetzalcoatlus] was not realized!
[01Sep2026 03:16:02.578] [main/WARN] [dev.architectury.registry.registries.forge.RegistrarManagerImpl/]: Registry entry listened Registry Entry [minecraft:item / fossil:egg_item_arthropleura] was not realized!
[01Sep2026 03:16:02.578] [main/WARN] [dev.architectury.registry.registries.forge.RegistrarManagerImpl/]: Registry entry listened Registry Entry [minecraft:item / fossil:cooked_spinosaurus] was not realized!
[01Sep2026 03:16:02.578] [main/WARN] [dev.architectury.registry.registries.forge.RegistrarManagerImpl/]: Registry entry listened Registry Entry [minecraft:item / fossil:syringe_platybelodon] was not realized!
[01Sep2026 03:16:02.578] [main/WARN] [dev.architectury.registry.registries.forge.RegistrarManagerImpl/]: Registry entry listened Registry Entry [minecraft:item / fossil:bone_tail_ankylosaurus] was not realized!
[01Sep2026 03:16:02.578] [main/WARN] [dev.architectury.registry.registries.forge.RegistrarManagerImpl/]: Registry entry listened Registry Entry [minecraft:item / fossil:bone_foot_dryosaurus] was not realized!
[01Sep2026 03:16:02.578] [main/WARN] [dev.architectury.registry.registries.forge.RegistrarManagerImpl/]: Registry entry listened Registry Entry [minecraft:item / fossil:cooked_megalania] was not realized!
[01Sep2026 03:16:02.578] [main/WARN] [dev.architectury.registry.registries.forge.RegistrarManagerImpl/]: Registry entry listened Registry Entry [minecraft:item / fossil:psittacosaurus_dna] was not realized!
[01Sep2026 03:16:02.578] [main/WARN] [dev.architectury.registry.registries.forge.RegistrarManagerImpl/]: Registry entry listened Registry Entry [minecraft:item / fossil:egg_item_tiktaalik] was not realized!
[01Sep2026 03:16:02.578] [main/WARN] [dev.architectury.registry.registries.forge.RegistrarManagerImpl/]: Registry entry listened Registry Entry [minecraft:item / fossil:meat_dodo] was not realized!
[01Sep2026 03:16:02.578] [main/WARN] [dev.architectury.registry.registries.forge.RegistrarManagerImpl/]: Registry entry listened Registry Entry [minecraft:item / fossil:bone_unique_dilophosaurus] was not realized!
[01Sep2026 03:16:02.578] [main/WARN] [dev.architectury.registry.registries.forge.RegistrarManagerImpl/]: Registry entry listened Registry Entry [minecraft:item / fossil:frog_dna] was not realized!
[01Sep2026 03:16:02.578] [main/WARN] [dev.architectury.registry.registries.forge.RegistrarManagerImpl/]: Registry entry listened Registry Entry [minecraft:item / fossil:bone_foot_pachyrhinosaurus] was not realized!
[01Sep2026 03:16:02.578] [main/WARN] [dev.architectury.registry.registries.forge.RegistrarManagerImpl/]: Registry entry listened Registry Entry [minecraft:item / fossil:bone_ribcage_gallimimus] was not realized!
[01Sep2026 03:16:02.578] [main/WARN] [dev.architectury.registry.registries.forge.RegistrarManagerImpl/]: Registry entry listened Registry Entry [minecraft:item / fossil:kelenken_dna] was not realized!
[01Sep2026 03:16:02.578] [main/WARN] [dev.architectury.registry.registries.forge.RegistrarManagerImpl/]: Registry entry listened Registry Entry [minecraft:item / fossil:bone_unique_protoceratops] was not realized!
[01Sep2026 03:16:02.578] [main/WARN] [dev.architectury.registry.registries.forge.RegistrarManagerImpl/]: Registry entry listened Registry Entry [minecraft:item / fossil:bone_unique_citipati] was not realized!
[01Sep2026 03:16:02.578] [main/WARN] [dev.architectury.registry.registries.forge.RegistrarManagerImpl/]: Registry entry listened Registry Entry [minecraft:item / fossil:bone_vertebrae_crassigyrinus] was not realized!
[01Sep2026 03:16:02.578] [main/WARN] [dev.architectury.registry.registries.forge.RegistrarManagerImpl/]: Registry entry listened Registry Entry [minecraft:item / fossil:bone_vertebrae_mosasaurus] was not realized!
[01Sep2026 03:16:02.578] [main/WARN] [dev.architectury.registry.registries.forge.RegistrarManagerImpl/]: Registry entry listened Registry Entry [minecraft:item / fossil:titanis_dna] was not realized!
[01Sep2026 03:16:02.578] [main/WARN] [dev.architectury.registry.registries.forge.RegistrarManagerImpl/]: Registry entry listened Registry Entry [minecraft:item / fossil:bone_arm_edaphosaurus] was not realized!
[01Sep2026 03:16:02.578] [main/WARN] [dev.architectury.registry.registries.forge.RegistrarManagerImpl/]: Registry entry listened Registry Entry [minecraft:item / fossil:meat_velociraptor] was not realized!
[01Sep2026 03:16:02.578] [main/WARN] [dev.architectury.registry.registries.forge.RegistrarManagerImpl/]: Registry entry listened Registry Entry [minecraft:item / fossil:bone_vertebrae_megalania] was not realized!
[01Sep2026 03:16:02.578] [main/WARN] [dev.architectury.registry.registries.forge.RegistrarManagerImpl/]: Registry entry listened Registry Entry [minecraft:item / fossil:meat_tyrannosaurus] was not realized!
[01Sep2026 03:16:02.578] [main/WARN] [dev.architectury.registry.registries.forge.RegistrarManagerImpl/]: Registry entry listened Registry Entry [minecraft:item / fossil:bone_foot_postosuchus] was not realized!
[01Sep2026 03:16:02.578] [main/WARN] [dev.architectury.registry.registries.forge.RegistrarManagerImpl/]: Registry entry listened Registry Entry [minecraft:item / fossil:bone_tail_titanis] was not realized!
[01Sep2026 03:16:02.578] [main/WARN] [dev.architectury.registry.registries.forge.RegistrarManagerImpl/]: Registry entry listened Registry Entry [minecraft:item / fossil:meat_pteranodon] was not realized!
[01Sep2026 03:16:02.578] [main/WARN] [dev.architectury.registry.registries.forge.RegistrarManagerImpl/]: Registry entry listened Registry Entry [minecraft:item / fossil:meat_platybelodon] was not realized!
[01Sep2026 03:16:02.578] [main/WARN] [dev.architectury.registry.registries.forge.RegistrarManagerImpl/]: Registry entry listened Registry Entry [minecraft:item / fossil:bone_leg_pteranodon] was not realized!
[01Sep2026 03:16:02.578] [main/WARN] [dev.architectury.registry.registries.forge.RegistrarManagerImpl/]: Registry entry listened Registry Entry [minecraft:item / fossil:cooked_arthropleura] was not realized!
[01Sep2026 03:16:02.578] [main/WARN] [dev.architectury.registry.registries.forge.RegistrarManagerImpl/]: Registry entry listened Registry Entry [minecraft:item / fossil:bone_unique_pteranodon] was not realized!
[01Sep2026 03:16:02.578] [main/WARN] [dev.architectury.registry.registries.forge.RegistrarManagerImpl/]: Registry entry listened Registry Entry [minecraft:item / fossil:cooked_gallimimus] was not realized!
[01Sep2026 03:16:02.578] [main/WARN] [dev.architectury.registry.registries.forge.RegistrarManagerImpl/]: Registry entry listened Registry Entry [minecraft:item / fossil:bone_arm_plesiosaurus] was not realized!
[01Sep2026 03:16:02.578] [main/WARN] [dev.architectury.registry.registries.forge.RegistrarManagerImpl/]: Registry entry listened Registry Entry [minecraft:item / fossil:meat_crassigyrinus] was not realized!
[01Sep2026 03:16:02.578] [main/WARN] [dev.architectury.registry.registries.forge.RegistrarManagerImpl/]: Registry entry listened Registry Entry [minecraft:item / fossil:bone_unique_gallimimus] was not realized!
[01Sep2026 03:16:02.578] [main/WARN] [dev.architectury.registry.registries.forge.RegistrarManagerImpl/]: Registry entry listened Registry Entry [minecraft:item / fossil:egg_item_dodo] was not realized!
[01Sep2026 03:16:02.578] [main/WARN] [dev.architectury.registry.registries.forge.RegistrarManagerImpl/]: Registry entry listened Registry Entry [minecraft:item / fossil:bone_foot_ankylosaurus] was not realized!
[01Sep2026 03:16:02.578] [main/WARN] [dev.architectury.registry.registries.forge.RegistrarManagerImpl/]: Registry entry listened Registry Entry [minecraft:item / fossil:bone_arm_phorusrhacos] was not realized!
[01Sep2026 03:16:02.578] [main/WARN] [dev.architectury.registry.registries.forge.RegistrarManagerImpl/]: Registry entry listened Registry Entry [minecraft:item / fossil:bone_tail_ornitholestes] was not realized!
[01Sep2026 03:16:02.578] [main/WARN] [dev.architectury.registry.registries.forge.RegistrarManagerImpl/]: Registry entry listened Registry Entry [minecraft:item / fossil:bone_arm_psittacosaurus] was not realized!
[01Sep2026 03:16:02.578] [main/WARN] [dev.architectury.registry.registries.forge.RegistrarManagerImpl/]: Registry entry listened Registry Entry [minecraft:item / fossil:meganeura_dna] was not realized!
[01Sep2026 03:16:02.578] [main/WARN] [dev.architectury.registry.registries.forge.RegistrarManagerImpl/]: Registry entry listened Registry Entry [minecraft:item / fossil:mammoth_dna] was not realized!
[01Sep2026 03:16:02.579] [main/WARN] [dev.architectury.registry.registries.forge.RegistrarManagerImpl/]: Registry entry listened Registry Entry [minecraft:item / fossil:bone_leg_pachyrhinosaurus] was not realized!
[01Sep2026 03:16:02.579] [main/WARN] [dev.architectury.registry.registries.forge.RegistrarManagerImpl/]: Registry entry listened Registry Entry [minecraft:item / fossil:bone_unique_quagga] was not realized!
[01Sep2026 03:16:02.579] [main/WARN] [dev.architectury.registry.registries.forge.RegistrarManagerImpl/]: Registry entry listened Registry Entry [minecraft:item / fossil:bone_skull_edaphosaurus] was not realized!
[01Sep2026 03:16:02.579] [main/WARN] [dev.architectury.registry.registries.forge.RegistrarManagerImpl/]: Registry entry listened Registry Entry [minecraft:item / fossil:bone_foot_crassigyrinus] was not realized!
[01Sep2026 03:16:02.579] [main/WARN] [dev.architectury.registry.registries.forge.RegistrarManagerImpl/]: Registry entry listened Registry Entry [minecraft:item / fossil:bone_unique_ceratosaurus] was not realized!
[01Sep2026 03:16:02.579] [main/WARN] [dev.architectury.registry.registries.forge.RegistrarManagerImpl/]: Registry entry listened Registry Entry [minecraft:item / fossil:coelacanth_dna] was not realized!
[01Sep2026 03:16:02.579] [main/WARN] [dev.architectury.registry.registries.forge.RegistrarManagerImpl/]: Registry entry listened Registry Entry [minecraft:item / fossil:syringe_polar_bear] was not realized!
[01Sep2026 03:16:02.579] [main/WARN] [dev.architectury.registry.registries.forge.RegistrarManagerImpl/]: Registry entry listened Registry Entry [minecraft:item / fossil:syringe_pig] was not realized!
[01Sep2026 03:16:02.579] [main/WARN] [dev.architectury.registry.registries.forge.RegistrarManagerImpl/]: Registry entry listened Registry Entry [minecraft:item / fossil:meat_spinosaurus] was not realized!
[01Sep2026 03:16:02.579] [main/WARN] [dev.architectury.registry.registries.forge.RegistrarManagerImpl/]: Registry entry listened Registry Entry [minecraft:item / fossil:bone_skull_citipati] was not realized!
[01Sep2026 03:16:02.579] [main/WARN] [dev.architectury.registry.registries.forge.RegistrarManagerImpl/]: Registry entry listened Registry Entry [minecraft:item / fossil:syringe_cow] was not realized!
[01Sep2026 03:16:02.579] [main/WARN] [dev.architectury.registry.registries.forge.RegistrarManagerImpl/]: Registry entry listened Registry Entry [minecraft:item / fossil:bone_ribcage_dodo] was not realized!
[01Sep2026 03:16:02.579] [main/WARN] [dev.architectury.registry.registries.forge.RegistrarManagerImpl/]: Registry entry listened Registry Entry [minecraft:item / fossil:bone_vertebrae_ichthyosaurus] was not realized!
[01Sep2026 03:16:02.579] [main/WARN] [dev.architectury.registry.registries.forge.RegistrarManagerImpl/]: Registry entry listened Registry Entry [minecraft:item / fossil:bone_ribcage_megalania] was not realized!
[01Sep2026 03:16:02.579] [main/WARN] [dev.architectury.registry.registries.forge.RegistrarManagerImpl/]: Registry entry listened Registry Entry [minecraft:item / fossil:spawn_egg_confuciusornis] was not realized!
[01Sep2026 03:16:02.579] [main/WARN] [dev.architectury.registry.registries.forge.RegistrarManagerImpl/]: Registry entry listened Registry Entry [minecraft:item / fossil:egg_item_edaphosaurus] was not realized!
[01Sep2026 03:16:02.579] [main/WARN] [dev.architectury.registry.registries.forge.RegistrarManagerImpl/]: Registry entry listened Registry Entry [minecraft:item / fossil:bone_tail_elasmotherium] was not realized!
[01Sep2026 03:16:02.579] [main/WARN] [dev.architectury.registry.registries.forge.RegistrarManagerImpl/]: Registry entry listened Registry Entry [minecraft:item / fossil:egg_item_megalania] was not realized!
[01Sep2026 03:16:02.579] [main/WARN] [dev.architectury.registry.registries.forge.RegistrarManagerImpl/]: Registry entry listened Registry Entry [minecraft:item / fossil:bone_arm_brachiosaurus] was not realized!
[01Sep2026 03:16:02.579] [main/WARN] [dev.architectury.registry.registries.forge.RegistrarManagerImpl/]: Registry entry listened Registry Entry [minecraft:item / fossil:sturgeon_dna] was not realized!
[01Sep2026 03:16:02.579] [main/WARN] [dev.architectury.registry.registries.forge.RegistrarManagerImpl/]: Registry entry listened Registry Entry [minecraft:item / fossil:syringe_strider] was not realized!
[01Sep2026 03:16:02.579] [main/WARN] [dev.architectury.registry.registries.forge.RegistrarManagerImpl/]: Registry entry listened Registry Entry [minecraft:item / fossil:bone_leg_megaloceros] was not realized!
[01Sep2026 03:16:02.579] [main/WARN] [dev.architectury.registry.registries.forge.RegistrarManagerImpl/]: Registry entry listened Registry Entry [minecraft:item / fossil:meat_dimorphodon] was not realized!
[01Sep2026 03:16:02.579] [main/WARN] [dev.architectury.registry.registries.forge.RegistrarManagerImpl/]: Registry entry listened Registry Entry [minecraft:item / fossil:bone_ribcage_henodus] was not realized!
[01Sep2026 03:16:02.579] [main/WARN] [dev.architectury.registry.registries.forge.RegistrarManagerImpl/]: Registry entry listened Registry Entry [minecraft:item / fossil:bone_skull_brachiosaurus] was not realized!
[01Sep2026 03:16:02.579] [main/WARN] [dev.architectury.registry.registries.forge.RegistrarManagerImpl/]: Registry entry listened Registry Entry [minecraft:item / fossil:bone_foot_dimorphodon] was not realized!
[01Sep2026 03:16:02.579] [main/WARN] [dev.architectury.registry.registries.forge.RegistrarManagerImpl/]: Registry entry listened Registry Entry [minecraft:item / fossil:bone_foot_dodo] was not realized!
[01Sep2026 03:16:02.579] [main/WARN] [dev.architectury.registry.registries.forge.RegistrarManagerImpl/]: Registry entry listened Registry Entry [minecraft:item / fossil:spawn_egg_tyrannosaurus] was not realized!
[01Sep2026 03:16:02.579] [main/WARN] [dev.architectury.registry.registries.forge.RegistrarManagerImpl/]: Registry entry listened Registry Entry [minecraft:item / fossil:bone_tail_sarcosuchus] was not realized!
[01Sep2026 03:16:02.579] [main/WARN] [dev.architectury.registry.registries.forge.RegistrarManagerImpl/]: Registry entry listened Registry Entry [minecraft:item / fossil:cooked_kelenken] was not realized!
[01Sep2026 03:16:02.579] [main/WARN] [dev.architectury.registry.registries.forge.RegistrarManagerImpl/]: Registry entry listened Registry Entry [minecraft:item / fossil:egg_item_quetzalcoatlus] was not realized!
[01Sep2026 03:16:02.579] [main/WARN] [dev.architectury.registry.registries.forge.RegistrarManagerImpl/]: Registry entry listened Registry Entry [minecraft:item / fossil:spawn_egg_dryosaurus] was not realized!
[01Sep2026 03:16:02.579] [main/WARN] [dev.architectury.registry.registries.forge.RegistrarManagerImpl/]: Registry entry listened Registry Entry [minecraft:item / fossil:spawn_egg_phorusrhacos] was not realized!
[01Sep2026 03:16:02.579] [main/WARN] [dev.architectury.registry.registries.forge.RegistrarManagerImpl/]: Registry entry listened Registry Entry [minecraft:item / fossil:bone_skull_pteranodon] was not realized!
[01Sep2026 03:16:02.579] [main/WARN] [dev.architectury.registry.registries.forge.RegistrarManagerImpl/]: Registry entry listened Registry Entry [minecraft:item / fossil:cooked_dicranurus] was not realized!
[01Sep2026 03:16:02.579] [main/WARN] [dev.architectury.registry.registries.forge.RegistrarManagerImpl/]: Registry entry listened Registry Entry [minecraft:item / fossil:egg_item_confuciusornis] was not realized!
[01Sep2026 03:16:02.579] [main/WARN] [dev.architectury.registry.registries.forge.RegistrarManagerImpl/]: Registry entry listened Registry Entry [minecraft:item / fossil:panda_dna] was not realized!
[01Sep2026 03:16:02.579] [main/WARN] [dev.architectury.registry.registries.forge.RegistrarManagerImpl/]: Registry entry listened Registry Entry [minecraft:item / fossil:meat_ichthyosaurus] was not realized!
[01Sep2026 03:16:02.579] [main/WARN] [dev.architectury.registry.registries.forge.RegistrarManagerImpl/]: Registry entry listened Registry Entry [minecraft:item / fossil:bone_leg_diplocaulus] was not realized!
[01Sep2026 03:16:02.579] [main/WARN] [dev.architectury.registry.registries.forge.RegistrarManagerImpl/]: Registry entry listened Registry Entry [minecraft:item / fossil:arthropleura_dna] was not realized!
[01Sep2026 03:16:02.579] [main/WARN] [dev.architectury.registry.registries.forge.RegistrarManagerImpl/]: Registry entry listened Registry Entry [minecraft:item / fossil:bone_arm_dryosaurus] was not realized!
[01Sep2026 03:16:02.579] [main/WARN] [dev.architectury.registry.registries.forge.RegistrarManagerImpl/]: Registry entry listened Registry Entry [minecraft:item / fossil:bone_vertebrae_megaloceros] was not realized!
[01Sep2026 03:16:02.579] [main/WARN] [dev.architectury.registry.registries.forge.RegistrarManagerImpl/]: Registry entry listened Registry Entry [minecraft:item / fossil:bone_arm_sarcosuchus] was not realized!
[01Sep2026 03:16:02.579] [main/WARN] [dev.architectury.registry.registries.forge.RegistrarManagerImpl/]: Registry entry listened Registry Entry [minecraft:item / fossil:spawn_egg_mammoth] was not realized!
[01Sep2026 03:16:02.579] [main/WARN] [dev.architectury.registry.registries.forge.RegistrarManagerImpl/]: Registry entry listened Registry Entry [minecraft:item / fossil:dolphin_dna] was not realized!
[01Sep2026 03:16:02.579] [main/WARN] [dev.architectury.registry.registries.forge.RegistrarManagerImpl/]: Registry entry listened Registry Entry [minecraft:item / fossil:bone_tail_dilophosaurus] was not realized!
[01Sep2026 03:16:02.579] [main/WARN] [dev.architectury.registry.registries.forge.RegistrarManagerImpl/]: Registry entry listened Registry Entry [minecraft:item / fossil:bone_vertebrae_diplocaulus] was not realized!
[01Sep2026 03:16:02.579] [main/WARN] [dev.architectury.registry.registries.forge.RegistrarManagerImpl/]: Registry entry listened Registry Entry [minecraft:item / fossil:bone_leg_pachycephalosaurus] was not realized!
[01Sep2026 03:16:02.579] [main/WARN] [dev.architectury.registry.registries.forge.RegistrarManagerImpl/]: Registry entry listened Registry Entry [minecraft:item / fossil:glow_squid_dna] was not realized!
[01Sep2026 03:16:02.579] [main/WARN] [dev.architectury.registry.registries.forge.RegistrarManagerImpl/]: Registry entry listened Registry Entry [minecraft:item / fossil:syringe_rabbit] was not realized!
[01Sep2026 03:16:02.579] [main/WARN] [dev.architectury.registry.registries.forge.RegistrarManagerImpl/]: Registry entry listened Registry Entry [minecraft:item / fossil:egg_item_spinosaurus] was not realized!
[01Sep2026 03:16:02.579] [main/WARN] [dev.architectury.registry.registries.forge.RegistrarManagerImpl/]: Registry entry listened Registry Entry [minecraft:item / fossil:spinosaurus_dna] was not realized!
[01Sep2026 03:16:02.579] [main/WARN] [dev.architectury.registry.registries.forge.RegistrarManagerImpl/]: Registry entry listened Registry Entry [minecraft:item / fossil:spawn_egg_plesiosaurus] was not realized!
[01Sep2026 03:16:02.579] [main/WARN] [dev.architectury.registry.registries.forge.RegistrarManagerImpl/]: Registry entry listened Registry Entry [minecraft:item / fossil:bone_vertebrae_quagga] was not realized!
[01Sep2026 03:16:02.579] [main/WARN] [dev.architectury.registry.registries.forge.RegistrarManagerImpl/]: Registry entry listened Registry Entry [minecraft:item / fossil:bee_dna] was not realized!
[01Sep2026 03:16:02.579] [main/WARN] [dev.architectury.registry.registries.forge.RegistrarManagerImpl/]: Registry entry listened Registry Entry [minecraft:item / fossil:spawn_egg_aquilolamna] was not realized!
[01Sep2026 03:16:02.579] [main/WARN] [dev.architectury.registry.registries.forge.RegistrarManagerImpl/]: Registry entry listened Registry Entry [minecraft:item / fossil:syringe_smilodon] was not realized!
[01Sep2026 03:16:02.579] [main/WARN] [dev.architectury.registry.registries.forge.RegistrarManagerImpl/]: Registry entry listened Registry Entry [minecraft:item / fossil:cooked_scotoharpes] was not realized!
[01Sep2026 03:16:02.579] [main/WARN] [dev.architectury.registry.registries.forge.RegistrarManagerImpl/]: Registry entry listened Registry Entry [minecraft:item / fossil:platybelodon_dna] was not realized!
[01Sep2026 03:16:02.579] [main/WARN] [dev.architectury.registry.registries.forge.RegistrarManagerImpl/]: Registry entry listened Registry Entry [minecraft:item / fossil:cooked_ornitholestes] was not realized!
[01Sep2026 03:16:02.579] [main/WARN] [dev.architectury.registry.registries.forge.RegistrarManagerImpl/]: Registry entry listened Registry Entry [minecraft:item / fossil:bone_unique_diplocaulus] was not realized!
[01Sep2026 03:16:02.579] [main/WARN] [dev.architectury.registry.registries.forge.RegistrarManagerImpl/]: Registry entry listened Registry Entry [minecraft:item / fossil:cooked_phorusrhacos] was not realized!
[01Sep2026 03:16:02.579] [main/WARN] [dev.architectury.registry.registries.forge.RegistrarManagerImpl/]: Registry entry listened Registry Entry [minecraft:item / fossil:bone_vertebrae_liopleurodon] was not realized!
[01Sep2026 03:16:02.579] [main/WARN] [dev.architectury.registry.registries.forge.RegistrarManagerImpl/]: Registry entry listened Registry Entry [minecraft:item / fossil:bone_foot_liopleurodon] was not realized!
[01Sep2026 03:16:02.579] [main/WARN] [dev.architectury.registry.registries.forge.RegistrarManagerImpl/]: Registry entry listened Registry Entry [minecraft:item / fossil:egg_item_scotoharpes] was not realized!
[01Sep2026 03:16:02.579] [main/WARN] [dev.architectury.registry.registries.forge.RegistrarManagerImpl/]: Registry entry listened Registry Entry [minecraft:item / fossil:syringe_cat] was not realized!
[01Sep2026 03:16:02.579] [main/WARN] [dev.architectury.registry.registries.forge.RegistrarManagerImpl/]: Registry entry listened Registry Entry [minecraft:item / fossil:cod_dna] was not realized!
[01Sep2026 03:16:02.579] [main/WARN] [dev.architectury.registry.registries.forge.RegistrarManagerImpl/]: Registry entry listened Registry Entry [minecraft:item / fossil:spawn_egg_compsognathus] was not realized!
[01Sep2026 03:16:02.579] [main/WARN] [dev.architectury.registry.registries.forge.RegistrarManagerImpl/]: Registry entry listened Registry Entry [minecraft:item / fossil:bone_tail_velociraptor] was not realized!
[01Sep2026 03:16:02.579] [main/WARN] [dev.architectury.registry.registries.forge.RegistrarManagerImpl/]: Registry entry listened Registry Entry [minecraft:item / fossil:bone_vertebrae_pteranodon] was not realized!
[01Sep2026 03:16:02.579] [main/WARN] [dev.architectury.registry.registries.forge.RegistrarManagerImpl/]: Registry entry listened Registry Entry [minecraft:item / fossil:bone_unique_triceratops] was not realized!
[01Sep2026 03:16:02.579] [main/WARN] [dev.architectury.registry.registries.forge.RegistrarManagerImpl/]: Registry entry listened Registry Entry [minecraft:item / fossil:cooked_plesiosaurus] was not realized!
[01Sep2026 03:16:02.579] [main/WARN] [dev.architectury.registry.registries.forge.RegistrarManagerImpl/]: Registry entry listened Registry Entry [minecraft:item / fossil:bone_vertebrae_diplodocus] was not realized!
[01Sep2026 03:16:02.579] [main/WARN] [dev.architectury.registry.registries.forge.RegistrarManagerImpl/]: Registry entry listened Registry Entry [minecraft:item / fossil:bone_ribcage_tyrannosaurus] was not realized!
[01Sep2026 03:16:02.579] [main/WARN] [dev.architectury.registry.registries.forge.RegistrarManagerImpl/]: Registry entry listened Registry Entry [minecraft:item / fossil:spawn_egg_pteranodon] was not realized!
[01Sep2026 03:16:02.579] [main/WARN] [dev.architectury.registry.registries.forge.RegistrarManagerImpl/]: Registry entry listened Registry Entry [minecraft:item / fossil:cooked_smilodon] was not realized!
[01Sep2026 03:16:02.579] [main/WARN] [dev.architectury.registry.registries.forge.RegistrarManagerImpl/]: Registry entry listened Registry Entry [minecraft:item / fossil:citipati_dna] was not realized!
[01Sep2026 03:16:02.579] [main/WARN] [dev.architectury.registry.registries.forge.RegistrarManagerImpl/]: Registry entry listened Registry Entry [minecraft:item / fossil:bone_foot_titanis] was not realized!
[01Sep2026 03:16:02.579] [main/WARN] [dev.architectury.registry.registries.forge.RegistrarManagerImpl/]: Registry entry listened Registry Entry [minecraft:item / fossil:bone_leg_postosuchus] was not realized!
[01Sep2026 03:16:02.579] [main/WARN] [dev.architectury.registry.registries.forge.RegistrarManagerImpl/]: Registry entry listened Registry Entry [minecraft:item / fossil:syringe_mooshroom] was not realized!
[01Sep2026 03:16:02.579] [main/WARN] [dev.architectury.registry.registries.forge.RegistrarManagerImpl/]: Registry entry listened Registry Entry [minecraft:item / fossil:bucket_item_sturgeon] was not realized!
[01Sep2026 03:16:02.579] [main/WARN] [dev.architectury.registry.registries.forge.RegistrarManagerImpl/]: Registry entry listened Registry Entry [minecraft:item / fossil:cooked_dimetrodon] was not realized!
[01Sep2026 03:16:02.579] [main/WARN] [dev.architectury.registry.registries.forge.RegistrarManagerImpl/]: Registry entry listened Registry Entry [minecraft:item / fossil:strider_dna] was not realized!
[01Sep2026 03:16:02.579] [main/WARN] [dev.architectury.registry.registries.forge.RegistrarManagerImpl/]: Registry entry listened Registry Entry [minecraft:item / fossil:bucket_item_coelacanth] was not realized!
[01Sep2026 03:16:02.579] [main/WARN] [dev.architectury.registry.registries.forge.RegistrarManagerImpl/]: Registry entry listened Registry Entry [minecraft:item / fossil:spawn_egg_nautilus] was not realized!
[01Sep2026 03:16:02.580] [main/WARN] [dev.architectury.registry.registries.forge.RegistrarManagerImpl/]: Registry entry listened Registry Entry [minecraft:item / fossil:spawn_egg_liopleurodon] was not realized!
[01Sep2026 03:16:02.580] [main/WARN] [dev.architectury.registry.registries.forge.RegistrarManagerImpl/]: Registry entry listened Registry Entry [minecraft:item / fossil:egg_item_alligator_gar] was not realized!
[01Sep2026 03:16:02.580] [main/WARN] [dev.architectury.registry.registries.forge.RegistrarManagerImpl/]: Registry entry listened Registry Entry [minecraft:item / fossil:ocelot_dna] was not realized!
[01Sep2026 03:16:02.580] [main/WARN] [dev.architectury.registry.registries.forge.RegistrarManagerImpl/]: Registry entry listened Registry Entry [minecraft:item / fossil:bone_ribcage_postosuchus] was not realized!
[01Sep2026 03:16:02.580] [main/WARN] [dev.architectury.registry.registries.forge.RegistrarManagerImpl/]: Registry entry listened Registry Entry [minecraft:item / fossil:liopleurodon_dna] was not realized!
[01Sep2026 03:16:02.580] [main/WARN] [dev.architectury.registry.registries.forge.RegistrarManagerImpl/]: Registry entry listened Registry Entry [minecraft:item / fossil:bone_tail_pachyrhinosaurus] was not realized!
[01Sep2026 03:16:02.580] [main/WARN] [dev.architectury.registry.registries.forge.RegistrarManagerImpl/]: Registry entry listened Registry Entry [minecraft:item / fossil:bone_leg_quagga] was not realized!
[01Sep2026 03:16:02.580] [main/WARN] [dev.architectury.registry.registries.forge.RegistrarManagerImpl/]: Registry entry listened Registry Entry [minecraft:item / fossil:bat_dna] was not realized!
[01Sep2026 03:16:02.580] [main/WARN] [dev.architectury.registry.registries.forge.RegistrarManagerImpl/]: Registry entry listened Registry Entry [minecraft:item / fossil:egg_item_dilophosaurus] was not realized!
[01Sep2026 03:16:02.580] [main/WARN] [dev.architectury.registry.registries.forge.RegistrarManagerImpl/]: Registry entry listened Registry Entry [minecraft:item / fossil:bone_skull_mammoth] was not realized!
[01Sep2026 03:16:02.580] [main/WARN] [dev.architectury.registry.registries.forge.RegistrarManagerImpl/]: Registry entry listened Registry Entry [minecraft:item / fossil:bone_vertebrae_compsognathus] was not realized!
[01Sep2026 03:16:02.580] [main/WARN] [dev.architectury.registry.registries.forge.RegistrarManagerImpl/]: Registry entry listened Registry Entry [minecraft:item / fossil:bone_foot_confuciusornis] was not realized!
[01Sep2026 03:16:02.580] [main/WARN] [dev.architectury.registry.registries.forge.RegistrarManagerImpl/]: Registry entry listened Registry Entry [minecraft:item / fossil:bone_unique_tyrannosaurus] was not realized!
[01Sep2026 03:16:02.580] [main/WARN] [dev.architectury.registry.registries.forge.RegistrarManagerImpl/]: Registry entry listened Registry Entry [minecraft:item / fossil:megalograptus_dna] was not realized!
[01Sep2026 03:16:02.580] [main/WARN] [dev.architectury.registry.registries.forge.RegistrarManagerImpl/]: Registry entry listened Registry Entry [minecraft:item / fossil:cooked_pachycephalosaurus] was not realized!
[01Sep2026 03:16:02.580] [main/WARN] [dev.architectury.registry.registries.forge.RegistrarManagerImpl/]: Registry entry listened Registry Entry [minecraft:item / fossil:meat_sturgeon] was not realized!
[01Sep2026 03:16:02.580] [main/WARN] [dev.architectury.registry.registries.forge.RegistrarManagerImpl/]: Registry entry listened Registry Entry [minecraft:item / fossil:bone_arm_citipati] was not realized!
[01Sep2026 03:16:02.580] [main/WARN] [dev.architectury.registry.registries.forge.RegistrarManagerImpl/]: Registry entry listened Registry Entry [minecraft:item / fossil:spawn_egg_walliserops] was not realized!
[01Sep2026 03:16:02.580] [main/WARN] [dev.architectury.registry.registries.forge.RegistrarManagerImpl/]: Registry entry listened Registry Entry [minecraft:item / fossil:wolf_dna] was not realized!
[01Sep2026 03:16:02.580] [main/WARN] [dev.architectury.registry.registries.forge.RegistrarManagerImpl/]: Registry entry listened Registry Entry [minecraft:item / fossil:meat_sarcosuchus] was not realized!
[01Sep2026 03:16:02.580] [main/WARN] [dev.architectury.registry.registries.forge.RegistrarManagerImpl/]: Registry entry listened Registry Entry [minecraft:item / fossil:egg_item_citipati] was not realized!
[01Sep2026 03:16:02.580] [main/WARN] [dev.architectury.registry.registries.forge.RegistrarManagerImpl/]: Registry entry listened Registry Entry [minecraft:item / fossil:bone_leg_liopleurodon] was not realized!
[01Sep2026 03:16:02.580] [main/WARN] [dev.architectury.registry.registries.forge.RegistrarManagerImpl/]: Registry entry listened Registry Entry [minecraft:item / fossil:cooked_meganeura] was not realized!
[01Sep2026 03:16:02.580] [main/WARN] [dev.architectury.registry.registries.forge.RegistrarManagerImpl/]: Registry entry listened Registry Entry [minecraft:item / fossil:cooked_tiktaalik] was not realized!
[01Sep2026 03:16:02.580] [main/WARN] [dev.architectury.registry.registries.forge.RegistrarManagerImpl/]: Registry entry listened Registry Entry [minecraft:item / fossil:bone_tail_platybelodon] was not realized!
[01Sep2026 03:16:02.580] [main/WARN] [dev.architectury.registry.registries.forge.RegistrarManagerImpl/]: Registry entry listened Registry Entry [minecraft:item / fossil:egg_item_salmon] was not realized!
[01Sep2026 03:16:02.580] [main/WARN] [dev.architectury.registry.registries.forge.RegistrarManagerImpl/]: Registry entry listened Registry Entry [minecraft:item / fossil:bone_arm_postosuchus] was not realized!
[01Sep2026 03:16:02.580] [main/WARN] [dev.architectury.registry.registries.forge.RegistrarManagerImpl/]: Registry entry listened Registry Entry [minecraft:item / fossil:bucket_item_tiktaalik] was not realized!
[01Sep2026 03:16:02.580] [main/WARN] [dev.architectury.registry.registries.forge.RegistrarManagerImpl/]: Registry entry listened Registry Entry [minecraft:item / fossil:egg_item_gastornis] was not realized!
[01Sep2026 03:16:02.580] [main/WARN] [dev.architectury.registry.registries.forge.RegistrarManagerImpl/]: Registry entry listened Registry Entry [minecraft:item / fossil:bone_tail_dimetrodon] was not realized!
[01Sep2026 03:16:02.580] [main/WARN] [dev.architectury.registry.registries.forge.RegistrarManagerImpl/]: Registry entry listened Registry Entry [minecraft:item / fossil:bone_unique_brachiosaurus] was not realized!
[01Sep2026 03:16:02.580] [main/WARN] [dev.architectury.registry.registries.forge.RegistrarManagerImpl/]: Registry entry listened Registry Entry [minecraft:item / fossil:bone_foot_ornitholestes] was not realized!
[01Sep2026 03:16:02.580] [main/WARN] [dev.architectury.registry.registries.forge.RegistrarManagerImpl/]: Registry entry listened Registry Entry [minecraft:item / fossil:bone_arm_pachycephalosaurus] was not realized!
[01Sep2026 03:16:02.580] [main/WARN] [dev.architectury.registry.registries.forge.RegistrarManagerImpl/]: Registry entry listened Registry Entry [minecraft:item / fossil:ornitholestes_dna] was not realized!
[01Sep2026 03:16:02.580] [main/WARN] [dev.architectury.registry.registries.forge.RegistrarManagerImpl/]: Registry entry listened Registry Entry [minecraft:item / fossil:bone_unique_psittacosaurus] was not realized!
[01Sep2026 03:16:02.580] [main/WARN] [dev.architectury.registry.registries.forge.RegistrarManagerImpl/]: Registry entry listened Registry Entry [minecraft:item / fossil:bone_unique_deinonychus] was not realized!
[01Sep2026 03:16:02.580] [main/WARN] [dev.architectury.registry.registries.forge.RegistrarManagerImpl/]: Registry entry listened Registry Entry [minecraft:item / fossil:bone_vertebrae_triceratops] was not realized!
[01Sep2026 03:16:02.580] [main/WARN] [dev.architectury.registry.registries.forge.RegistrarManagerImpl/]: Registry entry listened Registry Entry [minecraft:item / fossil:bone_arm_protoceratops] was not realized!
[01Sep2026 03:16:02.580] [main/WARN] [dev.architectury.registry.registries.forge.RegistrarManagerImpl/]: Registry entry listened Registry Entry [minecraft:item / fossil:bone_leg_crassigyrinus] was not realized!
[01Sep2026 03:16:02.580] [main/WARN] [dev.architectury.registry.registries.forge.RegistrarManagerImpl/]: Registry entry listened Registry Entry [minecraft:item / fossil:bone_foot_kelenken] was not realized!
[01Sep2026 03:16:02.580] [main/WARN] [dev.architectury.registry.registries.forge.RegistrarManagerImpl/]: Registry entry listened Registry Entry [minecraft:item / fossil:bone_unique_stegosaurus] was not realized!
[01Sep2026 03:16:02.580] [main/WARN] [dev.architectury.registry.registries.forge.RegistrarManagerImpl/]: Registry entry listened Registry Entry [minecraft:item / fossil:squid_dna] was not realized!
[01Sep2026 03:16:02.580] [main/WARN] [dev.architectury.registry.registries.forge.RegistrarManagerImpl/]: Registry entry listened Registry Entry [minecraft:item / fossil:postosuchus_dna] was not realized!
[01Sep2026 03:16:02.580] [main/WARN] [dev.architectury.registry.registries.forge.RegistrarManagerImpl/]: Registry entry listened Registry Entry [minecraft:item / fossil:bone_vertebrae_parasaurolophus] was not realized!
[01Sep2026 03:16:02.580] [main/WARN] [dev.architectury.registry.registries.forge.RegistrarManagerImpl/]: Registry entry listened Registry Entry [minecraft:item / fossil:spawn_egg_postosuchus] was not realized!
[01Sep2026 03:16:02.580] [main/WARN] [dev.architectury.registry.registries.forge.RegistrarManagerImpl/]: Registry entry listened Registry Entry [minecraft:item / fossil:bone_leg_protoceratops] was not realized!
[01Sep2026 03:16:02.580] [main/WARN] [dev.architectury.registry.registries.forge.RegistrarManagerImpl/]: Registry entry listened Registry Entry [minecraft:item / fossil:mosasaurus_dna] was not realized!
[01Sep2026 03:16:02.580] [main/WARN] [dev.architectury.registry.registries.forge.RegistrarManagerImpl/]: Registry entry listened Registry Entry [minecraft:item / fossil:bone_unique_ornitholestes] was not realized!
[01Sep2026 03:16:02.580] [main/WARN] [dev.architectury.registry.registries.forge.RegistrarManagerImpl/]: Registry entry listened Registry Entry [minecraft:item / fossil:meat_diplodocus] was not realized!
[01Sep2026 03:16:02.580] [main/WARN] [dev.architectury.registry.registries.forge.RegistrarManagerImpl/]: Registry entry listened Registry Entry [minecraft:item / fossil:fox_dna] was not realized!
[01Sep2026 03:16:02.580] [main/WARN] [dev.architectury.registry.registries.forge.RegistrarManagerImpl/]: Registry entry listened Registry Entry [minecraft:item / fossil:bone_foot_pachycephalosaurus] was not realized!
[01Sep2026 03:16:02.580] [main/WARN] [dev.architectury.registry.registries.forge.RegistrarManagerImpl/]: Registry entry listened Registry Entry [minecraft:item / fossil:bone_foot_psittacosaurus] was not realized!
[01Sep2026 03:16:02.580] [main/WARN] [dev.architectury.registry.registries.forge.RegistrarManagerImpl/]: Registry entry listened Registry Entry [minecraft:item / fossil:bone_vertebrae_citipati] was not realized!
[01Sep2026 03:16:02.580] [main/WARN] [dev.architectury.registry.registries.forge.RegistrarManagerImpl/]: Registry entry listened Registry Entry [minecraft:item / fossil:bone_arm_pachyrhinosaurus] was not realized!
[01Sep2026 03:16:02.580] [main/WARN] [dev.architectury.registry.registries.forge.RegistrarManagerImpl/]: Registry entry listened Registry Entry [minecraft:item / fossil:bone_arm_confuciusornis] was not realized!
[01Sep2026 03:16:02.580] [main/WARN] [dev.architectury.registry.registries.forge.RegistrarManagerImpl/]: Registry entry listened Registry Entry [minecraft:item / fossil:bone_skull_liopleurodon] was not realized!
[01Sep2026 03:16:02.580] [main/WARN] [dev.architectury.registry.registries.forge.RegistrarManagerImpl/]: Registry entry listened Registry Entry [minecraft:item / fossil:bone_skull_gallimimus] was not realized!
[01Sep2026 03:16:02.580] [main/WARN] [dev.architectury.registry.registries.forge.RegistrarManagerImpl/]: Registry entry listened Registry Entry [minecraft:item / fossil:cooked_quetzalcoatlus] was not realized!
[01Sep2026 03:16:02.580] [main/WARN] [dev.architectury.registry.registries.forge.RegistrarManagerImpl/]: Registry entry listened Registry Entry [minecraft:item / fossil:bone_ribcage_liopleurodon] was not realized!
[01Sep2026 03:16:02.580] [main/WARN] [dev.architectury.registry.registries.forge.RegistrarManagerImpl/]: Registry entry listened Registry Entry [minecraft:item / fossil:egg_item_ankylosaurus] was not realized!
[01Sep2026 03:16:02.580] [main/WARN] [dev.architectury.registry.registries.forge.RegistrarManagerImpl/]: Registry entry listened Registry Entry [minecraft:item / fossil:spawn_egg_crassigyrinus] was not realized!
[01Sep2026 03:16:02.580] [main/WARN] [dev.architectury.registry.registries.forge.RegistrarManagerImpl/]: Registry entry listened Registry Entry [minecraft:item / fossil:bone_tail_postosuchus] was not realized!
[01Sep2026 03:16:02.580] [main/WARN] [dev.architectury.registry.registries.forge.RegistrarManagerImpl/]: Registry entry listened Registry Entry [minecraft:item / fossil:syringe_dolphin] was not realized!
[01Sep2026 03:16:02.580] [main/WARN] [dev.architectury.registry.registries.forge.RegistrarManagerImpl/]: Registry entry listened Registry Entry [minecraft:item / fossil:bone_unique_liopleurodon] was not realized!
[01Sep2026 03:16:02.580] [main/WARN] [dev.architectury.registry.registries.forge.RegistrarManagerImpl/]: Registry entry listened Registry Entry [minecraft:item / fossil:bone_skull_mosasaurus] was not realized!
[01Sep2026 03:16:02.580] [main/WARN] [dev.architectury.registry.registries.forge.RegistrarManagerImpl/]: Registry entry listened Registry Entry [minecraft:item / fossil:egg_item_gallimimus] was not realized!
[01Sep2026 03:16:02.580] [main/WARN] [dev.architectury.registry.registries.forge.RegistrarManagerImpl/]: Registry entry listened Registry Entry [minecraft:item / fossil:bone_leg_confuciusornis] was not realized!
[01Sep2026 03:16:02.580] [main/WARN] [dev.architectury.registry.registries.forge.RegistrarManagerImpl/]: Registry entry listened Registry Entry [minecraft:item / fossil:bone_skull_megalania] was not realized!
[01Sep2026 03:16:02.580] [main/WARN] [dev.architectury.registry.registries.forge.RegistrarManagerImpl/]: Registry entry listened Registry Entry [minecraft:item / fossil:bone_leg_tiktaalik] was not realized!
[01Sep2026 03:16:02.580] [main/WARN] [dev.architectury.registry.registries.forge.RegistrarManagerImpl/]: Registry entry listened Registry Entry [minecraft:item / fossil:bone_arm_kelenken] was not realized!
[01Sep2026 03:16:02.580] [main/WARN] [dev.architectury.registry.registries.forge.RegistrarManagerImpl/]: Registry entry listened Registry Entry [minecraft:item / fossil:bone_tail_compsognathus] was not realized!
[01Sep2026 03:16:02.580] [main/WARN] [dev.architectury.registry.registries.forge.RegistrarManagerImpl/]: Registry entry listened Registry Entry [minecraft:item / fossil:egg_dodo] was not realized!
[01Sep2026 03:16:02.580] [main/WARN] [dev.architectury.registry.registries.forge.RegistrarManagerImpl/]: Registry entry listened Registry Entry [minecraft:item / fossil:bone_foot_stegosaurus] was not realized!
[01Sep2026 03:16:02.580] [main/WARN] [dev.architectury.registry.registries.forge.RegistrarManagerImpl/]: Registry entry listened Registry Entry [minecraft:item / fossil:bone_skull_dodo] was not realized!
[01Sep2026 03:16:02.580] [main/WARN] [dev.architectury.registry.registries.forge.RegistrarManagerImpl/]: Registry entry listened Registry Entry [minecraft:item / fossil:cooked_sarcosuchus] was not realized!
[01Sep2026 03:16:02.580] [main/WARN] [dev.architectury.registry.registries.forge.RegistrarManagerImpl/]: Registry entry listened Registry Entry [minecraft:item / fossil:hoglin_dna] was not realized!
[01Sep2026 03:16:02.580] [main/WARN] [dev.architectury.registry.registries.forge.RegistrarManagerImpl/]: Registry entry listened Registry Entry [minecraft:item / fossil:egg_item_psittacosaurus] was not realized!
[01Sep2026 03:16:02.580] [main/WARN] [dev.architectury.registry.registries.forge.RegistrarManagerImpl/]: Registry entry listened Registry Entry [minecraft:item / fossil:bone_unique_quetzalcoatlus] was not realized!
[01Sep2026 03:16:02.580] [main/WARN] [dev.architectury.registry.registries.forge.RegistrarManagerImpl/]: Registry entry listened Registry Entry [minecraft:item / fossil:egg_item_walliserops] was not realized!
[01Sep2026 03:16:02.580] [main/WARN] [dev.architectury.registry.registries.forge.RegistrarManagerImpl/]: Registry entry listened Registry Entry [minecraft:item / fossil:bone_arm_therizinosaurus] was not realized!
[01Sep2026 03:16:02.580] [main/WARN] [dev.architectury.registry.registries.forge.RegistrarManagerImpl/]: Registry entry listened Registry Entry [minecraft:item / fossil:camel_dna] was not realized!
[01Sep2026 03:16:02.580] [main/WARN] [dev.architectury.registry.registries.forge.RegistrarManagerImpl/]: Registry entry listened Registry Entry [minecraft:item / fossil:spawn_egg_arthropleura] was not realized!
[01Sep2026 03:16:02.580] [main/WARN] [dev.architectury.registry.registries.forge.RegistrarManagerImpl/]: Registry entry listened Registry Entry [minecraft:item / fossil:bone_arm_elasmotherium] was not realized!
[01Sep2026 03:16:02.580] [main/WARN] [dev.architectury.registry.registries.forge.RegistrarManagerImpl/]: Registry entry listened Registry Entry [minecraft:item / fossil:alligator_gar_dna] was not realized!
[01Sep2026 03:16:02.580] [main/WARN] [dev.architectury.registry.registries.forge.RegistrarManagerImpl/]: Registry entry listened Registry Entry [minecraft:item / fossil:bone_unique_platybelodon] was not realized!
[01Sep2026 03:16:02.580] [main/WARN] [dev.architectury.registry.registries.forge.RegistrarManagerImpl/]: Registry entry listened Registry Entry [minecraft:item / fossil:spawn_egg_dicranurus] was not realized!
[01Sep2026 03:16:02.580] [main/WARN] [dev.architectury.registry.registries.forge.RegistrarManagerImpl/]: Registry entry listened Registry Entry [minecraft:item / fossil:bone_skull_henodus] was not realized!
[01Sep2026 03:16:02.580] [main/WARN] [dev.architectury.registry.registries.forge.RegistrarManagerImpl/]: Registry entry listened Registry Entry [minecraft:item / fossil:spawn_egg_elasmotherium] was not realized!
[01Sep2026 03:16:02.581] [main/WARN] [dev.architectury.registry.registries.forge.RegistrarManagerImpl/]: Registry entry listened Registry Entry [minecraft:item / fossil:bone_leg_compsognathus] was not realized!
[01Sep2026 03:16:02.581] [main/WARN] [dev.architectury.registry.registries.forge.RegistrarManagerImpl/]: Registry entry listened Registry Entry [minecraft:item / fossil:meat_diplocaulus] was not realized!
[01Sep2026 03:16:02.581] [main/WARN] [dev.architectury.registry.registries.forge.RegistrarManagerImpl/]: Registry entry listened Registry Entry [minecraft:item / fossil:spawn_egg_sturgeon] was not realized!
[01Sep2026 03:16:02.581] [main/WARN] [dev.architectury.registry.registries.forge.RegistrarManagerImpl/]: Registry entry listened Registry Entry [minecraft:item / fossil:bone_unique_dimorphodon] was not realized!
[01Sep2026 03:16:02.581] [main/WARN] [dev.architectury.registry.registries.forge.RegistrarManagerImpl/]: Registry entry listened Registry Entry [minecraft:item / fossil:bone_ribcage_platybelodon] was not realized!
[01Sep2026 03:16:02.581] [main/WARN] [dev.architectury.registry.registries.forge.RegistrarManagerImpl/]: Registry entry listened Registry Entry [minecraft:item / fossil:spawn_egg_gastornis] was not realized!
[01Sep2026 03:16:02.581] [main/WARN] [dev.architectury.registry.registries.forge.RegistrarManagerImpl/]: Registry entry listened Registry Entry [minecraft:item / fossil:egg_kelenken] was not realized!
[01Sep2026 03:16:02.581] [main/WARN] [dev.architectury.registry.registries.forge.RegistrarManagerImpl/]: Registry entry listened Registry Entry [minecraft:item / fossil:bone_vertebrae_ornitholestes] was not realized!
[01Sep2026 03:16:02.581] [main/WARN] [dev.architectury.registry.registries.forge.RegistrarManagerImpl/]: Registry entry listened Registry Entry [minecraft:item / fossil:bone_leg_dryosaurus] was not realized!
[01Sep2026 03:16:02.581] [main/WARN] [dev.architectury.registry.registries.forge.RegistrarManagerImpl/]: Registry entry listened Registry Entry [minecraft:item / fossil:bone_arm_titanis] was not realized!
[01Sep2026 03:16:02.581] [main/WARN] [dev.architectury.registry.registries.forge.RegistrarManagerImpl/]: Registry entry listened Registry Entry [minecraft:item / fossil:confuciusornis_dna] was not realized!
[01Sep2026 03:16:02.581] [main/WARN] [dev.architectury.registry.registries.forge.RegistrarManagerImpl/]: Registry entry listened Registry Entry [minecraft:item / fossil:bone_unique_megaloceros] was not realized!
[01Sep2026 03:16:02.581] [main/WARN] [dev.architectury.registry.registries.forge.RegistrarManagerImpl/]: Registry entry listened Registry Entry [minecraft:item / fossil:bone_arm_henodus] was not realized!
[01Sep2026 03:16:02.581] [main/WARN] [dev.architectury.registry.registries.forge.RegistrarManagerImpl/]: Registry entry listened Registry Entry [minecraft:item / fossil:bone_foot_citipati] was not realized!
[01Sep2026 03:16:02.581] [main/WARN] [dev.architectury.registry.registries.forge.RegistrarManagerImpl/]: Registry entry listened Registry Entry [minecraft:item / fossil:bone_foot_smilodon] was not realized!
[01Sep2026 03:16:02.581] [main/WARN] [dev.architectury.registry.registries.forge.RegistrarManagerImpl/]: Registry entry listened Registry Entry [minecraft:item / fossil:bone_skull_postosuchus] was not realized!
[01Sep2026 03:16:02.581] [main/WARN] [dev.architectury.registry.registries.forge.RegistrarManagerImpl/]: Registry entry listened Registry Entry [minecraft:item / fossil:bone_vertebrae_ankylosaurus] was not realized!
[01Sep2026 03:16:02.581] [main/WARN] [dev.architectury.registry.registries.forge.RegistrarManagerImpl/]: Registry entry listened Registry Entry [minecraft:item / fossil:bone_skull_dryosaurus] was not realized!
[01Sep2026 03:16:02.581] [main/WARN] [dev.architectury.registry.registries.forge.RegistrarManagerImpl/]: Registry entry listened Registry Entry [minecraft:item / fossil:bone_ribcage_brachiosaurus] was not realized!
[01Sep2026 03:16:02.581] [main/WARN] [dev.architectury.registry.registries.forge.RegistrarManagerImpl/]: Registry entry listened Registry Entry [minecraft:item / fossil:bone_arm_gallimimus] was not realized!
[01Sep2026 03:16:02.581] [main/WARN] [dev.architectury.registry.registries.forge.RegistrarManagerImpl/]: Registry entry listened Registry Entry [minecraft:item / fossil:pufferfish_dna] was not realized!
[01Sep2026 03:16:02.581] [main/WARN] [dev.architectury.registry.registries.forge.RegistrarManagerImpl/]: Registry entry listened Registry Entry [minecraft:item / fossil:bone_tail_crassigyrinus] was not realized!
[01Sep2026 03:16:02.581] [main/WARN] [dev.architectury.registry.registries.forge.RegistrarManagerImpl/]: Registry entry listened Registry Entry [minecraft:item / fossil:bone_vertebrae_kelenken] was not realized!
[01Sep2026 03:16:02.581] [main/WARN] [dev.architectury.registry.registries.forge.RegistrarManagerImpl/]: Registry entry listened Registry Entry [minecraft:item / fossil:bone_vertebrae_elasmotherium] was not realized!
[01Sep2026 03:16:02.581] [main/WARN] [dev.architectury.registry.registries.forge.RegistrarManagerImpl/]: Registry entry listened Registry Entry [minecraft:item / fossil:egg_item_aquilolamna] was not realized!
[01Sep2026 03:16:02.581] [main/WARN] [dev.architectury.registry.registries.forge.RegistrarManagerImpl/]: Registry entry listened Registry Entry [minecraft:item / fossil:bone_tail_tyrannosaurus] was not realized!
[01Sep2026 03:16:02.581] [main/WARN] [dev.architectury.registry.registries.forge.RegistrarManagerImpl/]: Registry entry listened Registry Entry [minecraft:item / fossil:cooked_ceratosaurus] was not realized!
[01Sep2026 03:16:02.581] [main/WARN] [dev.architectury.registry.registries.forge.RegistrarManagerImpl/]: Registry entry listened Registry Entry [minecraft:item / fossil:bone_vertebrae_quetzalcoatlus] was not realized!
[01Sep2026 03:16:02.581] [main/WARN] [dev.architectury.registry.registries.forge.RegistrarManagerImpl/]: Registry entry listened Registry Entry [minecraft:item / fossil:meat_triceratops] was not realized!
[01Sep2026 03:16:02.581] [main/WARN] [dev.architectury.registry.registries.forge.RegistrarManagerImpl/]: Registry entry listened Registry Entry [minecraft:item / fossil:tyrannosaurus_dna] was not realized!
[01Sep2026 03:16:02.581] [main/WARN] [dev.architectury.registry.registries.forge.RegistrarManagerImpl/]: Registry entry listened Registry Entry [minecraft:item / fossil:spawn_egg_ornitholestes] was not realized!
[01Sep2026 03:16:02.581] [main/WARN] [dev.architectury.registry.registries.forge.RegistrarManagerImpl/]: Registry entry listened Registry Entry [minecraft:item / fossil:bone_tail_confuciusornis] was not realized!
[01Sep2026 03:16:02.581] [main/WARN] [dev.architectury.registry.registries.forge.RegistrarManagerImpl/]: Registry entry listened Registry Entry [minecraft:item / fossil:bone_leg_sarcosuchus] was not realized!
[01Sep2026 03:16:02.581] [main/WARN] [dev.architectury.registry.registries.forge.RegistrarManagerImpl/]: Registry entry listened Registry Entry [minecraft:item / fossil:meat_scotoharpes] was not realized!
[01Sep2026 03:16:02.581] [main/WARN] [dev.architectury.registry.registries.forge.RegistrarManagerImpl/]: Registry entry listened Registry Entry [minecraft:item / fossil:cooked_parasaurolophus] was not realized!
[01Sep2026 03:16:02.581] [main/WARN] [dev.architectury.registry.registries.forge.RegistrarManagerImpl/]: Registry entry listened Registry Entry [minecraft:item / fossil:cooked_alligator_gar] was not realized!
[01Sep2026 03:16:02.581] [main/WARN] [dev.architectury.registry.registries.forge.RegistrarManagerImpl/]: Registry entry listened Registry Entry [minecraft:item / fossil:meat_dimetrodon] was not realized!
[01Sep2026 03:16:02.581] [main/WARN] [dev.architectury.registry.registries.forge.RegistrarManagerImpl/]: Registry entry listened Registry Entry [minecraft:item / fossil:bone_leg_dodo] was not realized!
[01Sep2026 03:16:02.581] [main/WARN] [dev.architectury.registry.registries.forge.RegistrarManagerImpl/]: Registry entry listened Registry Entry [minecraft:item / fossil:bucket_item_lonchodomas] was not realized!
[01Sep2026 03:16:02.581] [main/WARN] [dev.architectury.registry.registries.forge.RegistrarManagerImpl/]: Registry entry listened Registry Entry [minecraft:item / fossil:bone_unique_compsognathus] was not realized!
[01Sep2026 03:16:02.581] [main/WARN] [dev.architectury.registry.registries.forge.RegistrarManagerImpl/]: Registry entry listened Registry Entry [minecraft:item / fossil:bone_leg_elasmotherium] was not realized!
[01Sep2026 03:16:02.581] [main/WARN] [dev.architectury.registry.registries.forge.RegistrarManagerImpl/]: Registry entry listened Registry Entry [minecraft:item / fossil:edaphosaurus_dna] was not realized!
[01Sep2026 03:16:02.581] [main/WARN] [dev.architectury.registry.registries.forge.RegistrarManagerImpl/]: Registry entry listened Registry Entry [minecraft:item / fossil:megalodon_dna] was not realized!
[01Sep2026 03:16:02.581] [main/WARN] [dev.architectury.registry.registries.forge.RegistrarManagerImpl/]: Registry entry listened Registry Entry [minecraft:item / fossil:syringe_mammoth] was not realized!
[01Sep2026 03:16:02.581] [main/WARN] [dev.architectury.registry.registries.forge.RegistrarManagerImpl/]: Registry entry listened Registry Entry [minecraft:item / fossil:egg_item_tropical_fish] was not realized!
[01Sep2026 03:16:02.581] [main/WARN] [dev.architectury.registry.registries.forge.RegistrarManagerImpl/]: Registry entry listened Registry Entry [minecraft:item / fossil:bone_tail_tiktaalik] was not realized!
[01Sep2026 03:16:02.581] [main/WARN] [dev.architectury.registry.registries.forge.RegistrarManagerImpl/]: Registry entry listened Registry Entry [minecraft:item / fossil:bone_unique_velociraptor] was not realized!
[01Sep2026 03:16:02.581] [main/WARN] [dev.architectury.registry.registries.forge.RegistrarManagerImpl/]: Registry entry listened Registry Entry [minecraft:item / fossil:bone_foot_allosaurus] was not realized!
[01Sep2026 03:16:02.581] [main/WARN] [dev.architectury.registry.registries.forge.RegistrarManagerImpl/]: Registry entry listened Registry Entry [minecraft:item / fossil:meat_ceratosaurus] was not realized!
[01Sep2026 03:16:02.581] [main/WARN] [dev.architectury.registry.registries.forge.RegistrarManagerImpl/]: Registry entry listened Registry Entry [minecraft:item / fossil:meat_walliserops] was not realized!
[01Sep2026 03:16:02.581] [main/WARN] [dev.architectury.registry.registries.forge.RegistrarManagerImpl/]: Registry entry listened Registry Entry [minecraft:item / fossil:bone_skull_sarcosuchus] was not realized!
[01Sep2026 03:16:02.581] [main/WARN] [dev.architectury.registry.registries.forge.RegistrarManagerImpl/]: Registry entry listened Registry Entry [minecraft:item / fossil:dodo_dna] was not realized!
[01Sep2026 03:16:02.581] [main/WARN] [dev.architectury.registry.registries.forge.RegistrarManagerImpl/]: Registry entry listened Registry Entry [minecraft:item / fossil:meat_dicranurus] was not realized!
[01Sep2026 03:16:02.581] [main/WARN] [dev.architectury.registry.registries.forge.RegistrarManagerImpl/]: Registry entry listened Registry Entry [minecraft:item / fossil:bone_arm_ornitholestes] was not realized!
[01Sep2026 03:16:02.581] [main/WARN] [dev.architectury.registry.registries.forge.RegistrarManagerImpl/]: Registry entry listened Registry Entry [minecraft:item / fossil:meat_confuciusornis] was not realized!
[01Sep2026 03:16:02.581] [main/WARN] [dev.architectury.registry.registries.forge.RegistrarManagerImpl/]: Registry entry listened Registry Entry [minecraft:item / fossil:spawn_egg_diplodocus] was not realized!
[01Sep2026 03:16:02.581] [main/WARN] [dev.architectury.registry.registries.forge.RegistrarManagerImpl/]: Registry entry listened Registry Entry [minecraft:item / fossil:bone_vertebrae_sarcosuchus] was not realized!
[01Sep2026 03:16:02.581] [main/WARN] [dev.architectury.registry.registries.forge.RegistrarManagerImpl/]: Registry entry listened Registry Entry [minecraft:item / fossil:polar_bear_dna] was not realized!
[01Sep2026 03:16:02.581] [main/WARN] [dev.architectury.registry.registries.forge.RegistrarManagerImpl/]: Registry entry listened Registry Entry [minecraft:item / fossil:phorusrhacos_dna] was not realized!
[01Sep2026 03:16:02.581] [main/WARN] [dev.architectury.registry.registries.forge.RegistrarManagerImpl/]: Registry entry listened Registry Entry [minecraft:item / fossil:bone_foot_protoceratops] was not realized!
[01Sep2026 03:16:02.581] [main/WARN] [dev.architectury.registry.registries.forge.RegistrarManagerImpl/]: Registry entry listened Registry Entry [minecraft:item / fossil:meat_phorusrhacos] was not realized!
[01Sep2026 03:16:02.581] [main/WARN] [dev.architectury.registry.registries.forge.RegistrarManagerImpl/]: Registry entry listened Registry Entry [minecraft:item / fossil:ankylosaurus_dna] was not realized!
[01Sep2026 03:16:02.581] [main/WARN] [dev.architectury.registry.registries.forge.RegistrarManagerImpl/]: Registry entry listened Registry Entry [minecraft:item / fossil:spawn_egg_megalania] was not realized!
[01Sep2026 03:16:02.581] [main/WARN] [dev.architectury.registry.registries.forge.RegistrarManagerImpl/]: Registry entry listened Registry Entry [minecraft:item / fossil:bone_tail_liopleurodon] was not realized!
[01Sep2026 03:16:02.581] [main/WARN] [dev.architectury.registry.registries.forge.RegistrarManagerImpl/]: Registry entry listened Registry Entry [minecraft:item / fossil:egg_item_triceratops] was not realized!
[01Sep2026 03:16:02.581] [main/WARN] [dev.architectury.registry.registries.forge.RegistrarManagerImpl/]: Registry entry listened Registry Entry [minecraft:item / fossil:bucket_item_nautilus] was not realized!
[01Sep2026 03:16:02.581] [main/WARN] [dev.architectury.registry.registries.forge.RegistrarManagerImpl/]: Registry entry listened Registry Entry [minecraft:item / fossil:egg_item_allosaurus] was not realized!
[01Sep2026 03:16:02.581] [main/WARN] [dev.architectury.registry.registries.forge.RegistrarManagerImpl/]: Registry entry listened Registry Entry [minecraft:item / fossil:bone_unique_tiktaalik] was not realized!
[01Sep2026 03:16:02.581] [main/WARN] [dev.architectury.registry.registries.forge.RegistrarManagerImpl/]: Registry entry listened Registry Entry [minecraft:item / fossil:cooked_therizinosaurus] was not realized!
[01Sep2026 03:16:02.581] [main/WARN] [dev.architectury.registry.registries.forge.RegistrarManagerImpl/]: Registry entry listened Registry Entry [minecraft:item / fossil:bone_unique_crassigyrinus] was not realized!
[01Sep2026 03:16:02.581] [main/WARN] [dev.architectury.registry.registries.forge.RegistrarManagerImpl/]: Registry entry listened Registry Entry [minecraft:item / fossil:meat_plesiosaurus] was not realized!
[01Sep2026 03:16:02.581] [main/WARN] [dev.architectury.registry.registries.forge.RegistrarManagerImpl/]: Registry entry listened Registry Entry [minecraft:item / fossil:bone_unique_titanis] was not realized!
[01Sep2026 03:16:02.581] [main/WARN] [dev.architectury.registry.registries.forge.RegistrarManagerImpl/]: Registry entry listened Registry Entry [minecraft:item / fossil:spawn_egg_sarcosuchus] was not realized!
[01Sep2026 03:16:02.581] [main/WARN] [dev.architectury.registry.registries.forge.RegistrarManagerImpl/]: Registry entry listened Registry Entry [minecraft:item / fossil:bone_foot_gallimimus] was not realized!
[01Sep2026 03:16:02.581] [main/WARN] [dev.architectury.registry.registries.forge.RegistrarManagerImpl/]: Registry entry listened Registry Entry [minecraft:item / fossil:llama_dna] was not realized!
[01Sep2026 03:16:02.581] [main/WARN] [dev.architectury.registry.registries.forge.RegistrarManagerImpl/]: Registry entry listened Registry Entry [minecraft:item / fossil:bone_leg_ornitholestes] was not realized!
[01Sep2026 03:16:02.581] [main/WARN] [dev.architectury.registry.registries.forge.RegistrarManagerImpl/]: Registry entry listened Registry Entry [minecraft:item / fossil:bone_arm_tiktaalik] was not realized!
[01Sep2026 03:16:02.581] [main/WARN] [dev.architectury.registry.registries.forge.RegistrarManagerImpl/]: Registry entry listened Registry Entry [minecraft:item / fossil:cooked_protoceratops] was not realized!
[01Sep2026 03:16:02.581] [main/WARN] [dev.architectury.registry.registries.forge.RegistrarManagerImpl/]: Registry entry listened Registry Entry [minecraft:item / fossil:cooked_walliserops] was not realized!
[01Sep2026 03:16:02.581] [main/WARN] [dev.architectury.registry.registries.forge.RegistrarManagerImpl/]: Registry entry listened Registry Entry [minecraft:item / fossil:horse_dna] was not realized!
[01Sep2026 03:16:02.581] [main/WARN] [dev.architectury.registry.registries.forge.RegistrarManagerImpl/]: Registry entry listened Registry Entry [minecraft:item / fossil:bone_skull_gastornis] was not realized!
[01Sep2026 03:16:02.581] [main/WARN] [dev.architectury.registry.registries.forge.RegistrarManagerImpl/]: Registry entry listened Registry Entry [minecraft:item / fossil:cooked_triceratops] was not realized!
[01Sep2026 03:16:02.665] [main/INFO] [Moonlight/]: Initialized block sets in 9ms
[01Sep2026 03:16:02.738] [main/WARN] [dev.architectury.registry.registries.forge.RegistrarManagerImpl/]: Registry entry listened Registry Entry [minecraft:entity_type / fossil:postosuchus] was not realized!
[01Sep2026 03:16:02.738] [main/WARN] [dev.architectury.registry.registries.forge.RegistrarManagerImpl/]: Registry entry listened Registry Entry [minecraft:entity_type / fossil:allosaurus] was not realized!
[01Sep2026 03:16:02.738] [main/WARN] [dev.architectury.registry.registries.forge.RegistrarManagerImpl/]: Registry entry listened Registry Entry [minecraft:entity_type / fossil:dryosaurus] was not realized!
[01Sep2026 03:16:02.738] [main/WARN] [dev.architectury.registry.registries.forge.RegistrarManagerImpl/]: Registry entry listened Registry Entry [minecraft:entity_type / fossil:tiktaalik] was not realized!
[01Sep2026 03:16:02.738] [main/WARN] [dev.architectury.registry.registries.forge.RegistrarManagerImpl/]: Registry entry listened Registry Entry [minecraft:entity_type / fossil:coelacanth] was not realized!
[01Sep2026 03:16:02.738] [main/WARN] [dev.architectury.registry.registries.forge.RegistrarManagerImpl/]: Registry entry listened Registry Entry [minecraft:entity_type / fossil:parasaurolophus] was not realized!
[01Sep2026 03:16:02.738] [main/WARN] [dev.architectury.registry.registries.forge.RegistrarManagerImpl/]: Registry entry listened Registry Entry [minecraft:entity_type / fossil:walliserops] was not realized!
[01Sep2026 03:16:02.738] [main/WARN] [dev.architectury.registry.registries.forge.RegistrarManagerImpl/]: Registry entry listened Registry Entry [minecraft:entity_type / fossil:psittacosaurus] was not realized!
[01Sep2026 03:16:02.738] [main/WARN] [dev.architectury.registry.registries.forge.RegistrarManagerImpl/]: Registry entry listened Registry Entry [minecraft:entity_type / fossil:diplodocus] was not realized!
[01Sep2026 03:16:02.738] [main/WARN] [dev.architectury.registry.registries.forge.RegistrarManagerImpl/]: Registry entry listened Registry Entry [minecraft:entity_type / fossil:aquilolamna] was not realized!
[01Sep2026 03:16:02.738] [main/WARN] [dev.architectury.registry.registries.forge.RegistrarManagerImpl/]: Registry entry listened Registry Entry [minecraft:entity_type / fossil:compsognathus] was not realized!
[01Sep2026 03:16:02.738] [main/WARN] [dev.architectury.registry.registries.forge.RegistrarManagerImpl/]: Registry entry listened Registry Entry [minecraft:entity_type / fossil:titanis] was not realized!
[01Sep2026 03:16:02.738] [main/WARN] [dev.architectury.registry.registries.forge.RegistrarManagerImpl/]: Registry entry listened Registry Entry [minecraft:entity_type / fossil:brachiosaurus] was not realized!
[01Sep2026 03:16:02.738] [main/WARN] [dev.architectury.registry.registries.forge.RegistrarManagerImpl/]: Registry entry listened Registry Entry [minecraft:entity_type / fossil:megalograptus] was not realized!
[01Sep2026 03:16:02.738] [main/WARN] [dev.architectury.registry.registries.forge.RegistrarManagerImpl/]: Registry entry listened Registry Entry [minecraft:entity_type / fossil:smilodon] was not realized!
[01Sep2026 03:16:02.738] [main/WARN] [dev.architectury.registry.registries.forge.RegistrarManagerImpl/]: Registry entry listened Registry Entry [minecraft:entity_type / fossil:edaphosaurus] was not realized!
[01Sep2026 03:16:02.738] [main/WARN] [dev.architectury.registry.registries.forge.RegistrarManagerImpl/]: Registry entry listened Registry Entry [minecraft:entity_type / fossil:tyrannosaurus] was not realized!
[01Sep2026 03:16:02.738] [main/WARN] [dev.architectury.registry.registries.forge.RegistrarManagerImpl/]: Registry entry listened Registry Entry [minecraft:entity_type / fossil:kelenken] was not realized!
[01Sep2026 03:16:02.738] [main/WARN] [dev.architectury.registry.registries.forge.RegistrarManagerImpl/]: Registry entry listened Registry Entry [minecraft:entity_type / fossil:liopleurodon] was not realized!
[01Sep2026 03:16:02.738] [main/WARN] [dev.architectury.registry.registries.forge.RegistrarManagerImpl/]: Registry entry listened Registry Entry [minecraft:entity_type / fossil:pachycephalosaurus] was not realized!
[01Sep2026 03:16:02.738] [main/WARN] [dev.architectury.registry.registries.forge.RegistrarManagerImpl/]: Registry entry listened Registry Entry [minecraft:entity_type / fossil:ceratosaurus] was not realized!
[01Sep2026 03:16:02.738] [main/WARN] [dev.architectury.registry.registries.forge.RegistrarManagerImpl/]: Registry entry listened Registry Entry [minecraft:entity_type / fossil:triceratops] was not realized!
[01Sep2026 03:16:02.738] [main/WARN] [dev.architectury.registry.registries.forge.RegistrarManagerImpl/]: Registry entry listened Registry Entry [minecraft:entity_type / fossil:velociraptor] was not realized!
[01Sep2026 03:16:02.738] [main/WARN] [dev.architectury.registry.registries.forge.RegistrarManagerImpl/]: Registry entry listened Registry Entry [minecraft:entity_type / fossil:stegosaurus] was not realized!
[01Sep2026 03:16:02.738] [main/WARN] [dev.architectury.registry.registries.forge.RegistrarManagerImpl/]: Registry entry listened Registry Entry [minecraft:entity_type / fossil:dodo] was not realized!
[01Sep2026 03:16:02.738] [main/WARN] [dev.architectury.registry.registries.forge.RegistrarManagerImpl/]: Registry entry listened Registry Entry [minecraft:entity_type / fossil:failuresaurus] was not realized!
[01Sep2026 03:16:02.738] [main/WARN] [dev.architectury.registry.registries.forge.RegistrarManagerImpl/]: Registry entry listened Registry Entry [minecraft:entity_type / fossil:meganeura] was not realized!
[01Sep2026 03:16:02.738] [main/WARN] [dev.architectury.registry.registries.forge.RegistrarManagerImpl/]: Registry entry listened Registry Entry [minecraft:entity_type / fossil:sentry_piglin] was not realized!
[01Sep2026 03:16:02.738] [main/WARN] [dev.architectury.registry.registries.forge.RegistrarManagerImpl/]: Registry entry listened Registry Entry [minecraft:entity_type / fossil:platybelodon] was not realized!
[01Sep2026 03:16:02.738] [main/WARN] [dev.architectury.registry.registries.forge.RegistrarManagerImpl/]: Registry entry listened Registry Entry [minecraft:entity_type / fossil:scotoharpes] was not realized!
[01Sep2026 03:16:02.738] [main/WARN] [dev.architectury.registry.registries.forge.RegistrarManagerImpl/]: Registry entry listened Registry Entry [minecraft:entity_type / fossil:dilophosaurus] was not realized!
[01Sep2026 03:16:02.738] [main/WARN] [dev.architectury.registry.registries.forge.RegistrarManagerImpl/]: Registry entry listened Registry Entry [minecraft:entity_type / fossil:gallimimus] was not realized!
[01Sep2026 03:16:02.738] [main/WARN] [dev.architectury.registry.registries.forge.RegistrarManagerImpl/]: Registry entry listened Registry Entry [minecraft:entity_type / fossil:tar_slime] was not realized!
[01Sep2026 03:16:02.738] [main/WARN] [dev.architectury.registry.registries.forge.RegistrarManagerImpl/]: Registry entry listened Registry Entry [minecraft:entity_type / fossil:megaloceros] was not realized!
[01Sep2026 03:16:02.738] [main/WARN] [dev.architectury.registry.registries.forge.RegistrarManagerImpl/]: Registry entry listened Registry Entry [minecraft:entity_type / fossil:dimorphodon] was not realized!
[01Sep2026 03:16:02.738] [main/WARN] [dev.architectury.registry.registries.forge.RegistrarManagerImpl/]: Registry entry listened Registry Entry [minecraft:entity_type / fossil:diplocaulus] was not realized!
[01Sep2026 03:16:02.738] [main/WARN] [dev.architectury.registry.registries.forge.RegistrarManagerImpl/]: Registry entry listened Registry Entry [minecraft:entity_type / fossil:quetzalcoatlus] was not realized!
[01Sep2026 03:16:02.738] [main/WARN] [dev.architectury.registry.registries.forge.RegistrarManagerImpl/]: Registry entry listened Registry Entry [minecraft:entity_type / fossil:crassigyrinus] was not realized!
[01Sep2026 03:16:02.738] [main/WARN] [dev.architectury.registry.registries.forge.RegistrarManagerImpl/]: Registry entry listened Registry Entry [minecraft:entity_type / fossil:lonchodomas] was not realized!
[01Sep2026 03:16:02.739] [main/WARN] [dev.architectury.registry.registries.forge.RegistrarManagerImpl/]: Registry entry listened Registry Entry [minecraft:entity_type / fossil:quagga] was not realized!
[01Sep2026 03:16:02.739] [main/WARN] [dev.architectury.registry.registries.forge.RegistrarManagerImpl/]: Registry entry listened Registry Entry [minecraft:entity_type / fossil:sturgeon] was not realized!
[01Sep2026 03:16:02.739] [main/WARN] [dev.architectury.registry.registries.forge.RegistrarManagerImpl/]: Registry entry listened Registry Entry [minecraft:entity_type / fossil:spinosaurus] was not realized!
[01Sep2026 03:16:02.739] [main/WARN] [dev.architectury.registry.registries.forge.RegistrarManagerImpl/]: Registry entry listened Registry Entry [minecraft:entity_type / fossil:arthropleura] was not realized!
[01Sep2026 03:16:02.739] [main/WARN] [dev.architectury.registry.registries.forge.RegistrarManagerImpl/]: Registry entry listened Registry Entry [minecraft:entity_type / fossil:plesiosaurus] was not realized!
[01Sep2026 03:16:02.739] [main/WARN] [dev.architectury.registry.registries.forge.RegistrarManagerImpl/]: Registry entry listened Registry Entry [minecraft:entity_type / fossil:mosasaurus] was not realized!
[01Sep2026 03:16:02.739] [main/WARN] [dev.architectury.registry.registries.forge.RegistrarManagerImpl/]: Registry entry listened Registry Entry [minecraft:entity_type / fossil:nautilus] was not realized!
[01Sep2026 03:16:02.739] [main/WARN] [dev.architectury.registry.registries.forge.RegistrarManagerImpl/]: Registry entry listened Registry Entry [minecraft:entity_type / fossil:citipati] was not realized!
[01Sep2026 03:16:02.739] [main/WARN] [dev.architectury.registry.registries.forge.RegistrarManagerImpl/]: Registry entry listened Registry Entry [minecraft:entity_type / fossil:deinonychus] was not realized!
[01Sep2026 03:16:02.739] [main/WARN] [dev.architectury.registry.registries.forge.RegistrarManagerImpl/]: Registry entry listened Registry Entry [minecraft:entity_type / fossil:phorusrhacos] was not realized!
[01Sep2026 03:16:02.739] [main/WARN] [dev.architectury.registry.registries.forge.RegistrarManagerImpl/]: Registry entry listened Registry Entry [minecraft:entity_type / fossil:pteranodon] was not realized!
[01Sep2026 03:16:02.739] [main/WARN] [dev.architectury.registry.registries.forge.RegistrarManagerImpl/]: Registry entry listened Registry Entry [minecraft:entity_type / fossil:mammoth] was not realized!
[01Sep2026 03:16:02.739] [main/WARN] [dev.architectury.registry.registries.forge.RegistrarManagerImpl/]: Registry entry listened Registry Entry [minecraft:entity_type / fossil:henodus] was not realized!
[01Sep2026 03:16:02.739] [main/WARN] [dev.architectury.registry.registries.forge.RegistrarManagerImpl/]: Registry entry listened Registry Entry [minecraft:entity_type / fossil:ichthyosaurus] was not realized!
[01Sep2026 03:16:02.739] [main/WARN] [dev.architectury.registry.registries.forge.RegistrarManagerImpl/]: Registry entry listened Registry Entry [minecraft:entity_type / fossil:megalodon] was not realized!
[01Sep2026 03:16:02.739] [main/WARN] [dev.architectury.registry.registries.forge.RegistrarManagerImpl/]: Registry entry listened Registry Entry [minecraft:entity_type / fossil:ornitholestes] was not realized!
[01Sep2026 03:16:02.739] [main/WARN] [dev.architectury.registry.registries.forge.RegistrarManagerImpl/]: Registry entry listened Registry Entry [minecraft:entity_type / fossil:sarcosuchus] was not realized!
[01Sep2026 03:16:02.739] [main/WARN] [dev.architectury.registry.registries.forge.RegistrarManagerImpl/]: Registry entry listened Registry Entry [minecraft:entity_type / fossil:megalania] was not realized!
[01Sep2026 03:16:02.739] [main/WARN] [dev.architectury.registry.registries.forge.RegistrarManagerImpl/]: Registry entry listened Registry Entry [minecraft:entity_type / fossil:pachyrhinosaurus] was not realized!
[01Sep2026 03:16:02.739] [main/WARN] [dev.architectury.registry.registries.forge.RegistrarManagerImpl/]: Registry entry listened Registry Entry [minecraft:entity_type / fossil:alligator_gar] was not realized!
[01Sep2026 03:16:02.739] [main/WARN] [dev.architectury.registry.registries.forge.RegistrarManagerImpl/]: Registry entry listened Registry Entry [minecraft:entity_type / fossil:gastornis] was not realized!
[01Sep2026 03:16:02.739] [main/WARN] [dev.architectury.registry.registries.forge.RegistrarManagerImpl/]: Registry entry listened Registry Entry [minecraft:entity_type / fossil:protoceratops] was not realized!
[01Sep2026 03:16:02.739] [main/WARN] [dev.architectury.registry.registries.forge.RegistrarManagerImpl/]: Registry entry listened Registry Entry [minecraft:entity_type / fossil:therizinosaurus] was not realized!
[01Sep2026 03:16:02.739] [main/WARN] [dev.architectury.registry.registries.forge.RegistrarManagerImpl/]: Registry entry listened Registry Entry [minecraft:entity_type / fossil:dicranurus] was not realized!
[01Sep2026 03:16:02.739] [main/WARN] [dev.architectury.registry.registries.forge.RegistrarManagerImpl/]: Registry entry listened Registry Entry [minecraft:entity_type / fossil:ankylosaurus] was not realized!
[01Sep2026 03:16:02.739] [main/WARN] [dev.architectury.registry.registries.forge.RegistrarManagerImpl/]: Registry entry listened Registry Entry [minecraft:entity_type / fossil:anu_boss] was not realized!
[01Sep2026 03:16:02.739] [main/WARN] [dev.architectury.registry.registries.forge.RegistrarManagerImpl/]: Registry entry listened Registry Entry [minecraft:entity_type / fossil:elasmotherium] was not realized!
[01Sep2026 03:16:02.739] [main/WARN] [dev.architectury.registry.registries.forge.RegistrarManagerImpl/]: Registry entry listened Registry Entry [minecraft:entity_type / fossil:confuciusornis] was not realized!
[01Sep2026 03:16:02.739] [main/WARN] [dev.architectury.registry.registries.forge.RegistrarManagerImpl/]: Registry entry listened Registry Entry [minecraft:entity_type / fossil:dimetrodon] was not realized!
[01Sep2026 03:16:02.739] [main/WARN] [dev.architectury.registry.registries.forge.RegistrarManagerImpl/]: Registry entry listened Registry Entry [minecraft:entity_type / fossil:postosuchus] was not realized!
[01Sep2026 03:16:02.739] [main/WARN] [dev.architectury.registry.registries.forge.RegistrarManagerImpl/]: Registry entry listened Registry Entry [minecraft:entity_type / fossil:allosaurus] was not realized!
[01Sep2026 03:16:02.739] [main/WARN] [dev.architectury.registry.registries.forge.RegistrarManagerImpl/]: Registry entry listened Registry Entry [minecraft:entity_type / fossil:dryosaurus] was not realized!
[01Sep2026 03:16:02.739] [main/WARN] [dev.architectury.registry.registries.forge.RegistrarManagerImpl/]: Registry entry listened Registry Entry [minecraft:entity_type / fossil:tiktaalik] was not realized!
[01Sep2026 03:16:02.739] [main/WARN] [dev.architectury.registry.registries.forge.RegistrarManagerImpl/]: Registry entry listened Registry Entry [minecraft:entity_type / fossil:coelacanth] was not realized!
[01Sep2026 03:16:02.739] [main/WARN] [dev.architectury.registry.registries.forge.RegistrarManagerImpl/]: Registry entry listened Registry Entry [minecraft:entity_type / fossil:parasaurolophus] was not realized!
[01Sep2026 03:16:02.739] [main/WARN] [dev.architectury.registry.registries.forge.RegistrarManagerImpl/]: Registry entry listened Registry Entry [minecraft:entity_type / fossil:walliserops] was not realized!
[01Sep2026 03:16:02.739] [main/WARN] [dev.architectury.registry.registries.forge.RegistrarManagerImpl/]: Registry entry listened Registry Entry [minecraft:entity_type / fossil:psittacosaurus] was not realized!
[01Sep2026 03:16:02.739] [main/WARN] [dev.architectury.registry.registries.forge.RegistrarManagerImpl/]: Registry entry listened Registry Entry [minecraft:entity_type / fossil:diplodocus] was not realized!
[01Sep2026 03:16:02.739] [main/WARN] [dev.architectury.registry.registries.forge.RegistrarManagerImpl/]: Registry entry listened Registry Entry [minecraft:entity_type / fossil:aquilolamna] was not realized!
[01Sep2026 03:16:02.739] [main/WARN] [dev.architectury.registry.registries.forge.RegistrarManagerImpl/]: Registry entry listened Registry Entry [minecraft:entity_type / fossil:compsognathus] was not realized!
[01Sep2026 03:16:02.739] [main/WARN] [dev.architectury.registry.registries.forge.RegistrarManagerImpl/]: Registry entry listened Registry Entry [minecraft:entity_type / fossil:titanis] was not realized!
[01Sep2026 03:16:02.739] [main/WARN] [dev.architectury.registry.registries.forge.RegistrarManagerImpl/]: Registry entry listened Registry Entry [minecraft:entity_type / fossil:brachiosaurus] was not realized!
[01Sep2026 03:16:02.739] [main/WARN] [dev.architectury.registry.registries.forge.RegistrarManagerImpl/]: Registry entry listened Registry Entry [minecraft:entity_type / fossil:megalograptus] was not realized!
[01Sep2026 03:16:02.739] [main/WARN] [dev.architectury.registry.registries.forge.RegistrarManagerImpl/]: Registry entry listened Registry Entry [minecraft:entity_type / fossil:smilodon] was not realized!
[01Sep2026 03:16:02.739] [main/WARN] [dev.architectury.registry.registries.forge.RegistrarManagerImpl/]: Registry entry listened Registry Entry [minecraft:entity_type / fossil:edaphosaurus] was not realized!
[01Sep2026 03:16:02.739] [main/WARN] [dev.architectury.registry.registries.forge.RegistrarManagerImpl/]: Registry entry listened Registry Entry [minecraft:entity_type / fossil:tyrannosaurus] was not realized!
[01Sep2026 03:16:02.739] [main/WARN] [dev.architectury.registry.registries.forge.RegistrarManagerImpl/]: Registry entry listened Registry Entry [minecraft:entity_type / fossil:kelenken] was not realized!
[01Sep2026 03:16:02.739] [main/WARN] [dev.architectury.registry.registries.forge.RegistrarManagerImpl/]: Registry entry listened Registry Entry [minecraft:entity_type / fossil:liopleurodon] was not realized!
[01Sep2026 03:16:02.739] [main/WARN] [dev.architectury.registry.registries.forge.RegistrarManagerImpl/]: Registry entry listened Registry Entry [minecraft:entity_type / fossil:pachycephalosaurus] was not realized!
[01Sep2026 03:16:02.739] [main/WARN] [dev.architectury.registry.registries.forge.RegistrarManagerImpl/]: Registry entry listened Registry Entry [minecraft:entity_type / fossil:ceratosaurus] was not realized!
[01Sep2026 03:16:02.739] [main/WARN] [dev.architectury.registry.registries.forge.RegistrarManagerImpl/]: Registry entry listened Registry Entry [minecraft:entity_type / fossil:triceratops] was not realized!
[01Sep2026 03:16:02.739] [main/WARN] [dev.architectury.registry.registries.forge.RegistrarManagerImpl/]: Registry entry listened Registry Entry [minecraft:entity_type / fossil:velociraptor] was not realized!
[01Sep2026 03:16:02.739] [main/WARN] [dev.architectury.registry.registries.forge.RegistrarManagerImpl/]: Registry entry listened Registry Entry [minecraft:entity_type / fossil:stegosaurus] was not realized!
[01Sep2026 03:16:02.739] [main/WARN] [dev.architectury.registry.registries.forge.RegistrarManagerImpl/]: Registry entry listened Registry Entry [minecraft:entity_type / fossil:dodo] was not realized!
[01Sep2026 03:16:02.739] [main/WARN] [dev.architectury.registry.registries.forge.RegistrarManagerImpl/]: Registry entry listened Registry Entry [minecraft:entity_type / fossil:failuresaurus] was not realized!
[01Sep2026 03:16:02.739] [main/WARN] [dev.architectury.registry.registries.forge.RegistrarManagerImpl/]: Registry entry listened Registry Entry [minecraft:entity_type / fossil:meganeura] was not realized!
[01Sep2026 03:16:02.739] [main/WARN] [dev.architectury.registry.registries.forge.RegistrarManagerImpl/]: Registry entry listened Registry Entry [minecraft:entity_type / fossil:sentry_piglin] was not realized!
[01Sep2026 03:16:02.739] [main/WARN] [dev.architectury.registry.registries.forge.RegistrarManagerImpl/]: Registry entry listened Registry Entry [minecraft:entity_type / fossil:platybelodon] was not realized!
[01Sep2026 03:16:02.739] [main/WARN] [dev.architectury.registry.registries.forge.RegistrarManagerImpl/]: Registry entry listened Registry Entry [minecraft:entity_type / fossil:scotoharpes] was not realized!
[01Sep2026 03:16:02.739] [main/WARN] [dev.architectury.registry.registries.forge.RegistrarManagerImpl/]: Registry entry listened Registry Entry [minecraft:entity_type / fossil:dilophosaurus] was not realized!
[01Sep2026 03:16:02.739] [main/WARN] [dev.architectury.registry.registries.forge.RegistrarManagerImpl/]: Registry entry listened Registry Entry [minecraft:entity_type / fossil:gallimimus] was not realized!
[01Sep2026 03:16:02.739] [main/WARN] [dev.architectury.registry.registries.forge.RegistrarManagerImpl/]: Registry entry listened Registry Entry [minecraft:entity_type / fossil:tar_slime] was not realized!
[01Sep2026 03:16:02.739] [main/WARN] [dev.architectury.registry.registries.forge.RegistrarManagerImpl/]: Registry entry listened Registry Entry [minecraft:entity_type / fossil:megaloceros] was not realized!
[01Sep2026 03:16:02.739] [main/WARN] [dev.architectury.registry.registries.forge.RegistrarManagerImpl/]: Registry entry listened Registry Entry [minecraft:entity_type / fossil:dimorphodon] was not realized!
[01Sep2026 03:16:02.739] [main/WARN] [dev.architectury.registry.registries.forge.RegistrarManagerImpl/]: Registry entry listened Registry Entry [minecraft:entity_type / fossil:diplocaulus] was not realized!
[01Sep2026 03:16:02.739] [main/WARN] [dev.architectury.registry.registries.forge.RegistrarManagerImpl/]: Registry entry listened Registry Entry [minecraft:entity_type / fossil:quetzalcoatlus] was not realized!
[01Sep2026 03:16:02.739] [main/WARN] [dev.architectury.registry.registries.forge.RegistrarManagerImpl/]: Registry entry listened Registry Entry [minecraft:entity_type / fossil:crassigyrinus] was not realized!
[01Sep2026 03:16:02.739] [main/WARN] [dev.architectury.registry.registries.forge.RegistrarManagerImpl/]: Registry entry listened Registry Entry [minecraft:entity_type / fossil:lonchodomas] was not realized!
[01Sep2026 03:16:02.739] [main/WARN] [dev.architectury.registry.registries.forge.RegistrarManagerImpl/]: Registry entry listened Registry Entry [minecraft:entity_type / fossil:quagga] was not realized!
[01Sep2026 03:16:02.739] [main/WARN] [dev.architectury.registry.registries.forge.RegistrarManagerImpl/]: Registry entry listened Registry Entry [minecraft:entity_type / fossil:sturgeon] was not realized!
[01Sep2026 03:16:02.739] [main/WARN] [dev.architectury.registry.registries.forge.RegistrarManagerImpl/]: Registry entry listened Registry Entry [minecraft:entity_type / fossil:spinosaurus] was not realized!
[01Sep2026 03:16:02.739] [main/WARN] [dev.architectury.registry.registries.forge.RegistrarManagerImpl/]: Registry entry listened Registry Entry [minecraft:entity_type / fossil:arthropleura] was not realized!
[01Sep2026 03:16:02.739] [main/WARN] [dev.architectury.registry.registries.forge.RegistrarManagerImpl/]: Registry entry listened Registry Entry [minecraft:entity_type / fossil:plesiosaurus] was not realized!
[01Sep2026 03:16:02.739] [main/WARN] [dev.architectury.registry.registries.forge.RegistrarManagerImpl/]: Registry entry listened Registry Entry [minecraft:entity_type / fossil:mosasaurus] was not realized!
[01Sep2026 03:16:02.739] [main/WARN] [dev.architectury.registry.registries.forge.RegistrarManagerImpl/]: Registry entry listened Registry Entry [minecraft:entity_type / fossil:nautilus] was not realized!
[01Sep2026 03:16:02.739] [main/WARN] [dev.architectury.registry.registries.forge.RegistrarManagerImpl/]: Registry entry listened Registry Entry [minecraft:entity_type / fossil:citipati] was not realized!
[01Sep2026 03:16:02.739] [main/WARN] [dev.architectury.registry.registries.forge.RegistrarManagerImpl/]: Registry entry listened Registry Entry [minecraft:entity_type / fossil:deinonychus] was not realized!
[01Sep2026 03:16:02.739] [main/WARN] [dev.architectury.registry.registries.forge.RegistrarManagerImpl/]: Registry entry listened Registry Entry [minecraft:entity_type / fossil:phorusrhacos] was not realized!
[01Sep2026 03:16:02.739] [main/WARN] [dev.architectury.registry.registries.forge.RegistrarManagerImpl/]: Registry entry listened Registry Entry [minecraft:entity_type / fossil:pteranodon] was not realized!
[01Sep2026 03:16:02.739] [main/WARN] [dev.architectury.registry.registries.forge.RegistrarManagerImpl/]: Registry entry listened Registry Entry [minecraft:entity_type / fossil:mammoth] was not realized!
[01Sep2026 03:16:02.739] [main/WARN] [dev.architectury.registry.registries.forge.RegistrarManagerImpl/]: Registry entry listened Registry Entry [minecraft:entity_type / fossil:henodus] was not realized!
[01Sep2026 03:16:02.739] [main/WARN] [dev.architectury.registry.registries.forge.RegistrarManagerImpl/]: Registry entry listened Registry Entry [minecraft:entity_type / fossil:ichthyosaurus] was not realized!
[01Sep2026 03:16:02.739] [main/WARN] [dev.architectury.registry.registries.forge.RegistrarManagerImpl/]: Registry entry listened Registry Entry [minecraft:entity_type / fossil:megalodon] was not realized!
[01Sep2026 03:16:02.739] [main/WARN] [dev.architectury.registry.registries.forge.RegistrarManagerImpl/]: Registry entry listened Registry Entry [minecraft:entity_type / fossil:ornitholestes] was not realized!
[01Sep2026 03:16:02.739] [main/WARN] [dev.architectury.registry.registries.forge.RegistrarManagerImpl/]: Registry entry listened Registry Entry [minecraft:entity_type / fossil:sarcosuchus] was not realized!
[01Sep2026 03:16:02.739] [main/WARN] [dev.architectury.registry.registries.forge.RegistrarManagerImpl/]: Registry entry listened Registry Entry [minecraft:entity_type / fossil:megalania] was not realized!
[01Sep2026 03:16:02.739] [main/WARN] [dev.architectury.registry.registries.forge.RegistrarManagerImpl/]: Registry entry listened Registry Entry [minecraft:entity_type / fossil:pachyrhinosaurus] was not realized!
[01Sep2026 03:16:02.739] [main/WARN] [dev.architectury.registry.registries.forge.RegistrarManagerImpl/]: Registry entry listened Registry Entry [minecraft:entity_type / fossil:alligator_gar] was not realized!
[01Sep2026 03:16:02.739] [main/WARN] [dev.architectury.registry.registries.forge.RegistrarManagerImpl/]: Registry entry listened Registry Entry [minecraft:entity_type / fossil:gastornis] was not realized!
[01Sep2026 03:16:02.740] [main/WARN] [dev.architectury.registry.registries.forge.RegistrarManagerImpl/]: Registry entry listened Registry Entry [minecraft:entity_type / fossil:protoceratops] was not realized!
[01Sep2026 03:16:02.740] [main/WARN] [dev.architectury.registry.registries.forge.RegistrarManagerImpl/]: Registry entry listened Registry Entry [minecraft:entity_type / fossil:therizinosaurus] was not realized!
[01Sep2026 03:16:02.740] [main/WARN] [dev.architectury.registry.registries.forge.RegistrarManagerImpl/]: Registry entry listened Registry Entry [minecraft:entity_type / fossil:dicranurus] was not realized!
[01Sep2026 03:16:02.740] [main/WARN] [dev.architectury.registry.registries.forge.RegistrarManagerImpl/]: Registry entry listened Registry Entry [minecraft:entity_type / fossil:ankylosaurus] was not realized!
[01Sep2026 03:16:02.740] [main/WARN] [dev.architectury.registry.registries.forge.RegistrarManagerImpl/]: Registry entry listened Registry Entry [minecraft:entity_type / fossil:anu_boss] was not realized!
[01Sep2026 03:16:02.740] [main/WARN] [dev.architectury.registry.registries.forge.RegistrarManagerImpl/]: Registry entry listened Registry Entry [minecraft:entity_type / fossil:elasmotherium] was not realized!
[01Sep2026 03:16:02.740] [main/WARN] [dev.architectury.registry.registries.forge.RegistrarManagerImpl/]: Registry entry listened Registry Entry [minecraft:entity_type / fossil:confuciusornis] was not realized!
[01Sep2026 03:16:02.740] [main/WARN] [dev.architectury.registry.registries.forge.RegistrarManagerImpl/]: Registry entry listened Registry Entry [minecraft:entity_type / fossil:dimetrodon] was not realized!
[01Sep2026 03:16:02.968] [main/INFO] [ModernFix/]: Bypassed Mojang DFU
[01Sep2026 03:16:02.969] [main/INFO] [ModernFix/]: Instantiating Mojang DFU
[01Sep2026 03:16:03.520] [main/WARN] [net.minecraft.network.syncher.SynchedEntityData/]: defineId called for: class net.minecraft.world.entity.player.Player from class yesman.epicfight.world.capabilities.entitypatch.player.PlayerPatch
[01Sep2026 03:16:03.533] [main/WARN] [net.minecraft.network.syncher.SynchedEntityData/]: defineId called for: class net.mcreator.borninchaosv.entity.BabySpiderEntity from class net.mcreator.borninchaosv.entity.MotherSpiderEntity
[01Sep2026 03:16:03.558] [main/WARN] [net.minecraft.network.syncher.SynchedEntityData/]: defineId called for: class net.minecraft.world.entity.boss.wither.WitherBoss from class yesman.epicfight.world.capabilities.entitypatch.boss.WitherPatch
[01Sep2026 03:16:03.558] [main/WARN] [net.minecraft.network.syncher.SynchedEntityData/]: defineId called for: class net.minecraft.world.entity.boss.wither.WitherBoss from class yesman.epicfight.world.capabilities.entitypatch.boss.WitherPatch
[01Sep2026 03:16:03.558] [main/WARN] [net.minecraft.network.syncher.SynchedEntityData/]: defineId called for: class net.minecraft.world.entity.boss.wither.WitherBoss from class yesman.epicfight.world.capabilities.entitypatch.boss.WitherPatch
[01Sep2026 03:16:03.558] [main/WARN] [net.minecraft.network.syncher.SynchedEntityData/]: defineId called for: class net.minecraft.world.entity.boss.wither.WitherBoss from class yesman.epicfight.world.capabilities.entitypatch.boss.WitherPatch
[01Sep2026 03:16:03.558] [main/WARN] [net.minecraft.network.syncher.SynchedEntityData/]: defineId called for: class net.minecraft.world.entity.boss.wither.WitherBoss from class yesman.epicfight.world.capabilities.entitypatch.boss.WitherPatch
[01Sep2026 03:16:03.558] [main/WARN] [net.minecraft.network.syncher.SynchedEntityData/]: defineId called for: class net.minecraft.world.entity.boss.wither.WitherBoss from class yesman.epicfight.world.capabilities.entitypatch.boss.WitherPatch
[01Sep2026 03:16:03.558] [main/WARN] [net.minecraft.network.syncher.SynchedEntityData/]: defineId called for: class net.minecraft.world.entity.boss.wither.WitherBoss from class yesman.epicfight.world.capabilities.entitypatch.boss.WitherPatch
[01Sep2026 03:16:03.558] [main/WARN] [net.minecraft.network.syncher.SynchedEntityData/]: defineId called for: class net.minecraft.world.entity.boss.wither.WitherBoss from class yesman.epicfight.world.capabilities.entitypatch.boss.WitherPatch
[01Sep2026 03:16:03.558] [main/WARN] [net.minecraft.network.syncher.SynchedEntityData/]: defineId called for: class net.minecraft.world.entity.boss.wither.WitherBoss from class yesman.epicfight.world.capabilities.entitypatch.boss.WitherPatch
[01Sep2026 03:16:03.595] [main/WARN] [net.minecraftforge.common.ForgeConfigSpec/CORE]: Configuration file /tmp/rallous-smoke-039/config/guardvillagers-common.toml is not correct. Correcting
[01Sep2026 03:16:03.622] [main/WARN] [yungsapi/]: WARNING: block Block{minecraft:coal_ore} added to BlockStateRandomizer exceeds max probabiltiy of 1!
[01Sep2026 03:16:03.627] [main/WARN] [net.minecraftforge.common.ForgeConfigSpec/CORE]: Configuration file /tmp/rallous-smoke-039/config/legendarysurvivaloverhaul/legendarysurvivaloverhaul-common.toml is not correct. Correcting
[01Sep2026 03:16:03.627] [main/WARN] [net.minecraftforge.common.ForgeConfigSpec/CORE]: Incorrect key temperature.wetness.Wetness Immunity Mounts was corrected from [alexscaves:submarine, immersive_machinery:bamboo_bee, immersive_machinery:tunnel_digger, immersive_machinery:redstone_sheep, immersive_machinery:copperfin] to its default, [alexscaves:submarine, immersive_machinery:bamboo_bee, immersive_machinery:tunnel_digger, immersive_machinery:redstone_sheep, immersive_machinery:copperfin]. 
[01Sep2026 03:16:03.633] [modloading-worker-0/INFO] [xaero.pac.OpenPartiesAndClaims/]: Loading Open Parties and Claims!
[01Sep2026 03:16:03.636] [modloading-worker-0/INFO] [xaero.lib.XaeroLib/]: Loading XaeroLib common 1/2!
[01Sep2026 03:16:03.692] [Forge Version Check/INFO] [net.minecraftforge.fml.VersionChecker/]: [guardvillagers] Starting version check at https://raw.githubusercontent.com/seymourimadeit/guardvillagers/master/update.json
[01Sep2026 03:16:03.745] [modloading-worker-0/INFO] [fzzy_config/]: Loaded config simplyswords:loot in 8ms
[01Sep2026 03:16:03.748] [modloading-worker-0/INFO] [CorgiLib/]: Initializing network...
[01Sep2026 03:16:03.750] [modloading-worker-0/INFO] [CorgiLib/]: Initialized network!
[01Sep2026 03:16:03.825] [Forge Version Check/INFO] [net.minecraftforge.fml.VersionChecker/]: [guardvillagers] Found status: BETA Current: 1.20.1-1.6.19 Target: 1.20-1.6.5
[01Sep2026 03:16:03.825] [Forge Version Check/INFO] [net.minecraftforge.fml.VersionChecker/]: [puzzlesaccessapi] Starting version check at https://raw.githubusercontent.com/Fuzss/modresources/main/update/puzzlesaccessapi.json
[01Sep2026 03:16:03.831] [Forge Version Check/INFO] [net.minecraftforge.fml.VersionChecker/]: [puzzlesaccessapi] Found status: BETA Current: 20.1.1 Target: null
[01Sep2026 03:16:03.831] [Forge Version Check/INFO] [net.minecraftforge.fml.VersionChecker/]: [forge] Starting version check at https://files.minecraftforge.net/net/minecraftforge/forge/promotions_slim.json
[01Sep2026 03:16:03.929] [Forge Version Check/INFO] [net.minecraftforge.fml.VersionChecker/]: [forge] Found status: UP_TO_DATE Current: 47.4.10 Target: null
[01Sep2026 03:16:03.929] [Forge Version Check/INFO] [net.minecraftforge.fml.VersionChecker/]: [ctov] Starting version check at https://api.modrinth.com/updates/fgmhI8kH/forge_updates.json
[01Sep2026 03:16:03.985] [main/INFO] [Supplementaries/]: Finished mod setup in: [0, 1, 0, 0, 0, 0, 5, 0] ms
[01Sep2026 03:16:03.989] [Forge Version Check/INFO] [net.minecraftforge.fml.VersionChecker/]: [ctov] Found status: UP_TO_DATE Current: 3.4.14 Target: null
[01Sep2026 03:16:03.989] [Forge Version Check/INFO] [net.minecraftforge.fml.VersionChecker/]: [supplementaries] Starting version check at https://api.modrinth.com/updates/supplementaries/forge_updates.json
[01Sep2026 03:16:04.001] [main/INFO] [Moonlight/]: Initialized color sets in 12ms
[01Sep2026 03:16:04.034] [Forge Version Check/INFO] [net.minecraftforge.fml.VersionChecker/]: [supplementaries] Found status: OUTDATED Current: 1.20-3.1.43 Target: 1.20-3.1.43-forge
[01Sep2026 03:16:04.034] [Forge Version Check/INFO] [net.minecraftforge.fml.VersionChecker/]: [searchables] Starting version check at https://updates.blamejared.com/get?n=searchables&gv=1.20.1
[01Sep2026 03:16:04.035] [main/INFO] [terrablender/]: Registered region minecraft:overworld to index 0 for type OVERWORLD
[01Sep2026 03:16:04.036] [main/INFO] [terrablender/]: Registered region minecraft:nether to index 0 for type NETHER
[01Sep2026 03:16:04.036] [main/INFO] [terrablender/]: Registered region fossil:overworld to index 1 for type OVERWORLD
[01Sep2026 03:16:04.042] [main/INFO] [team.lodestar.lodestone.LodestoneLib/]: Registering world event types...
[01Sep2026 03:16:04.046] [modloading-worker-0/INFO] [xaero.lib.XaeroLib/]: Loading XaeroLib server 1/2!
[01Sep2026 03:16:04.046] [modloading-worker-0/INFO] [xaero.map.server.WorldMapServer/]: Loading Xaero's World Map - Stage 1/2 (Server)
[01Sep2026 03:16:04.047] [Thread-0/INFO] [ModernFix/]: Please use /mfsrc to reload any changed mod config files
[01Sep2026 03:16:04.047] [modloading-worker-0/INFO] [xaero.minimap.XaeroMinimap/]: Loading Xaero's Minimap - Stage 1/2 (Server)
[01Sep2026 03:16:04.049] [main/INFO] [xaero.lib.XaeroLib/]: Loading XaeroLib common 2/2!
[01Sep2026 03:16:04.049] [main/INFO] [xaero.lib.XaeroLib/]: Loading XaeroLib server 2/2!
[01Sep2026 03:16:04.049] [main/INFO] [xaero.map.server.WorldMapServer/]: Loading Xaero's World Map - Stage 2/2 (Server)
[01Sep2026 03:16:04.049] [main/INFO] [xaero.minimap.XaeroMinimap/]: Loading Xaero's Minimap - Stage 2/2 (Server)
[01Sep2026 03:16:04.055] [modloading-worker-0/INFO] [io.redspace.ironsspellbooks.IronsSpellbooks/]: Got IMC []
[01Sep2026 03:16:04.080] [modloading-worker-0/INFO] [Jade/]: Start loading plugin at net.mehvahdjukaar.supplementaries.integration.JadeCompat
[01Sep2026 03:16:04.085] [modloading-worker-0/INFO] [Jade/]: Start loading plugin at snownee.jade.addon.vanilla.VanillaPlugin
[01Sep2026 03:16:04.092] [modloading-worker-0/INFO] [Jade/]: Start loading plugin at snownee.jade.addon.universal.UniversalPlugin
[01Sep2026 03:16:04.094] [modloading-worker-0/INFO] [Jade/]: Start loading plugin at snownee.jade.addon.core.CorePlugin
[01Sep2026 03:16:04.095] [modloading-worker-0/INFO] [Jade/]: Start loading plugin at com.github.teamfossilsarcheology.fossil.forge.compat.jade.FossilJadePluginForge
[01Sep2026 03:16:04.102] [main/INFO] [citadel/]: adding citadel surface rules via terrablender...
[01Sep2026 03:16:04.103] [main/INFO] [citadel/]: Added 0 vanilla biome surface rule types via terrablender
[01Sep2026 03:16:04.103] [main/INFO] [citadel/]: Added 0 modded biome surface rule types via terrablender
[01Sep2026 03:16:04.170] [main/INFO] [epicfight/]: Data keys [epicfight:combo_counter, epicfight:basic_attack_active] for epicfight:basic_attack
[01Sep2026 03:16:04.170] [main/INFO] [epicfight/]: Data keys [epicfight:penalty_restore_counter, epicfight:penalty] for epicfight:guard
[01Sep2026 03:16:04.170] [main/INFO] [epicfight/]: Data keys [epicfight:penalty_restore_counter, epicfight:parry_motion_counter, epicfight:last_active, epicfight:penalty] for epicfight:parrying
[01Sep2026 03:16:04.170] [main/INFO] [epicfight/]: Data keys [epicfight:penalty_restore_counter, epicfight:penalty] for epicfight:impact_guard
[01Sep2026 03:16:04.170] [main/INFO] [epicfight/]: Data keys [epicfight:resisting_damage_type, epicfight:stacks, epicfight:tick_record] for epicfight:adaptive_skin
[01Sep2026 03:16:04.170] [main/INFO] [epicfight/]: Data keys [epicfight:tick_record] for epicfight:adrenaline_fiend
[01Sep2026 03:16:04.170] [main/INFO] [epicfight/]: Data keys [epicfight:entity_id, epicfight:stacks] for epicfight:bonebreaker
[01Sep2026 03:16:04.170] [main/INFO] [epicfight/]: Data keys [epicfight:entity_id, epicfight:tick_record] for epicfight:vengeance
[01Sep2026 03:16:04.170] [main/INFO] [epicfight/]: Data keys [epicfight:fall_distance, epicfight:slam_protect_next_fall] for epicfight:meteor_slam
[01Sep2026 03:16:04.171] [main/INFO] [epicfight/]: Data keys [epicfight:stacks] for epicfight:revelation
[01Sep2026 03:16:04.171] [main/INFO] [epicfight/]: Data keys [epicfight:slam_protect_next_fall] for epicfight:demolition_leap
[01Sep2026 03:16:04.171] [main/INFO] [epicfight/]: Data keys [epicfight:jump_key_pressed_last_tick, epicfight:slam_protect_next_fall, epicfight:jump_count] for epicfight:phantom_ascent
[01Sep2026 03:16:04.171] [main/INFO] [epicfight/]: Data keys [epicfight:last_hit_count] for epicfight:grasping_spire
[01Sep2026 03:16:04.171] [main/INFO] [epicfight/]: Data keys [epicfight:sheath] for epicfight:battojutsu_passive
[01Sep2026 03:16:04.171] [main/INFO] [epicfight/]: Data keys [epicfight:sheath] for epicfight:battojutsu
[01Sep2026 03:16:04.171] [main/INFO] [epicfight/]: Data keys [epicfight:combo_counter] for epicfight:blade_rush
[01Sep2026 03:16:04.171] [main/INFO] [epicfight/]: Data keys [epicfight:thrown_trident_entity_id] for epicfight:everlasting_allegiance
[01Sep2026 03:16:04.188] [main/INFO] [com.mojang.authlib.yggdrasil.YggdrasilAuthenticationService/]: Environment: authHost='https://authserver.mojang.com', accountsHost='https://api.mojang.com', sessionHost='https://sessionserver.mojang.com', servicesHost='https://api.minecraftservices.com', name='PROD'
[01Sep2026 03:16:04.217] [main/WARN] [net.minecraft.server.packs.VanillaPackResourcesBuilder/]: Assets URL 'union:/tmp/rallous-smoke-039/libraries/net/minecraft/server/1.20.1-20230612.114412/server-1.20.1-20230612.114412-srg.jar%23261!/assets/.mcassetsroot' uses unexpected schema
[01Sep2026 03:16:04.217] [main/WARN] [net.minecraft.server.packs.VanillaPackResourcesBuilder/]: Assets URL 'union:/tmp/rallous-smoke-039/libraries/net/minecraft/server/1.20.1-20230612.114412/server-1.20.1-20230612.114412-srg.jar%23261!/data/.mcassetsroot' uses unexpected schema
[01Sep2026 03:16:04.253] [main/INFO] [net.minecraft.server.MinecraftServer/]: Found new data pack Supplementaries Generated Pack, loading it automatically
[01Sep2026 03:16:04.253] [main/INFO] [net.minecraft.server.MinecraftServer/]: Found new data pack lithostitched/breaks_seed_parity, loading it automatically
[01Sep2026 03:16:04.277] [main/INFO] [Moonlight/]: Starting runtime resource generation for pack type SERVER_DATA with generators from mods [supplementaries]: [net.mehvahdjukaar.supplementaries.dynamicpack.ServerDynamicResourcesGenerator@1e4d4837]
[01Sep2026 03:16:04.278] [main/INFO] [Moonlight/]: Generating runtime assets for pack Supplementaries Generated Pack (supplementaries)
[01Sep2026 03:16:04.348] [main/INFO] [Supplementaries/]: Generated runtime SERVER_DATA for pack Supplementaries Generated Pack (supplementaries) in: 69 ms (multithreaded)
[01Sep2026 03:16:04.348] [main/INFO] [Moonlight/]: Finished runtime resources generation for 1 packs in a total of 70 ms
[01Sep2026 03:16:04.376] [Forge Version Check/INFO] [net.minecraftforge.fml.VersionChecker/]: [searchables] Found status: BETA Current: 1.0.3 Target: 1.0.3
[01Sep2026 03:16:04.376] [Forge Version Check/INFO] [net.minecraftforge.fml.VersionChecker/]: [puzzleslib] Starting version check at https://raw.githubusercontent.com/Fuzss/modresources/main/update/puzzleslib.json
[01Sep2026 03:16:04.383] [Forge Version Check/INFO] [net.minecraftforge.fml.VersionChecker/]: [puzzleslib] Found status: UP_TO_DATE Current: 8.1.33 Target: null
[01Sep2026 03:16:04.383] [Forge Version Check/INFO] [net.minecraftforge.fml.VersionChecker/]: [recruits] Starting version check at https://raw.githubusercontent.com/talhanation/recruits/main/update.json
[01Sep2026 03:16:04.390] [Forge Version Check/INFO] [net.minecraftforge.fml.VersionChecker/]: [recruits] Found status: UP_TO_DATE Current: 1.15.2 Target: null
[01Sep2026 03:16:05.550] [Worker-Main-1/ERROR] [net.minecraft.tags.TagLoader/]: Couldn't load tag ctov:wares/cardboard_box as it is missing following references: wares:cardboard_box (from [forge]ctov-3.4.14.jar)
[01Sep2026 03:16:05.556] [Worker-Main-1/ERROR] [net.minecraft.tags.TagLoader/]: Couldn't load tag ctov:wares/sealed_delivery_agreement as it is missing following references: wares:sealed_delivery_agreement (from [forge]ctov-3.4.14.jar)
[01Sep2026 03:16:05.609] [Worker-Main-1/ERROR] [net.minecraft.server.packs.resources.SimpleJsonResourceReloadListener/]: Couldn't parse data file sonsoftheempire:king_armor_helmet_recipe from sonsoftheempire:recipes/king_armor_helmet_recipe.json
com.google.gson.JsonParseException: com.google.gson.stream.MalformedJsonException: Use JsonReader.setLenient(true) to accept malformed JSON at line 1 column 1 path $
	at net.minecraft.util.GsonHelper.m_13780_(GsonHelper.java:526) ~[server-1.20.1-20230612.114412-srg.jar%23261!/:?]
	at net.minecraft.util.GsonHelper.m_263475_(GsonHelper.java:531) ~[server-1.20.1-20230612.114412-srg.jar%23261!/:?]
	at net.minecraft.util.GsonHelper.m_13776_(GsonHelper.java:581) ~[server-1.20.1-20230612.114412-srg.jar%23261!/:?]
	at net.minecraft.server.packs.resources.SimpleJsonResourceReloadListener.m_278771_(SimpleJsonResourceReloadListener.java:41) ~[server-1.20.1-20230612.114412-srg.jar%23261!/:?]
	at net.minecraft.server.packs.resources.SimpleJsonResourceReloadListener.m_5944_(SimpleJsonResourceReloadListener.java:29) ~[server-1.20.1-20230612.114412-srg.jar%23261!/:?]
	at net.minecraft.server.packs.resources.SimpleJsonResourceReloadListener.m_5944_(SimpleJsonResourceReloadListener.java:17) ~[server-1.20.1-20230612.114412-srg.jar%23261!/:?]
	at net.minecraft.server.packs.resources.SimplePreparableReloadListener.m_10786_(SimplePreparableReloadListener.java:11) ~[server-1.20.1-20230612.114412-srg.jar%23261!/:?]
	at java.util.concurrent.CompletableFuture$AsyncSupply.run(CompletableFuture.java:1768) ~[?:?]
	at java.util.concurrent.CompletableFuture$AsyncSupply.exec(CompletableFuture.java:1760) ~[?:?]
	at java.util.concurrent.ForkJoinTask.doExec(ForkJoinTask.java:373) ~[?:?]
	at java.util.concurrent.ForkJoinPool$WorkQueue.topLevelExec(ForkJoinPool.java:1182) ~[?:?]
	at java.util.concurrent.ForkJoinPool.scan(ForkJoinPool.java:1655) ~[?:?]
	at java.util.concurrent.ForkJoinPool.runWorker(ForkJoinPool.java:1622) ~[?:?]
	at java.util.concurrent.ForkJoinWorkerThread.run(ForkJoinWorkerThread.java:165) ~[?:?]
Caused by: com.google.gson.stream.MalformedJsonException: Use JsonReader.setLenient(true) to accept malformed JSON at line 1 column 1 path $
	at com.google.gson.stream.JsonReader.syntaxError(JsonReader.java:1657) ~[gson-2.10.jar%2372!/:?]
	at com.google.gson.stream.JsonReader.checkLenient(JsonReader.java:1463) ~[gson-2.10.jar%2372!/:?]
	at com.google.gson.stream.JsonReader.doPeek(JsonReader.java:602) ~[gson-2.10.jar%2372!/:?]
	at com.google.gson.stream.JsonReader.peek(JsonReader.java:433) ~[gson-2.10.jar%2372!/:?]
	at com.google.gson.internal.bind.TypeAdapters$28.read(TypeAdapters.java:769) ~[gson-2.10.jar%2372!/:?]
	at com.google.gson.internal.bind.TypeAdapters$28.read(TypeAdapters.java:725) ~[gson-2.10.jar%2372!/:?]
	at com.google.gson.internal.bind.TypeAdapters$34$1.read(TypeAdapters.java:1007) ~[gson-2.10.jar%2372!/:?]
	at net.minecraft.util.GsonHelper.m_13780_(GsonHelper.java:524) ~[server-1.20.1-20230612.114412-srg.jar%23261!/:?]
	... 13 more
[01Sep2026 03:16:05.791] [Worker-Main-2/ERROR] [net.minecraftforge.common.ForgeHooks/]: Couldn't parse element loot_tables:irons_spellbooks:chests/catacombs/crypt_loot
com.google.gson.JsonSyntaxException: Missing name, expected to find a string
	at net.minecraft.util.GsonHelper.m_13906_(GsonHelper.java:127) ~[server-1.20.1-20230612.114412-srg.jar%23261!/:?]
	at net.minecraft.world.level.storage.loot.entries.LootTableReference$Serializer.m_7267_(LootTableReference.java:67) ~[server-1.20.1-20230612.114412-srg.jar%23261!/:?]
	at net.minecraft.world.level.storage.loot.entries.LootTableReference$Serializer.m_7267_(LootTableReference.java:58) ~[server-1.20.1-20230612.114412-srg.jar%23261!/:?]
	at net.minecraft.world.level.storage.loot.entries.LootPoolSingletonContainer$Serializer.m_5921_(LootPoolSingletonContainer.java:151) ~[server-1.20.1-20230612.114412-srg.jar%23261!/:?]
	at net.minecraft.world.level.storage.loot.entries.LootPoolSingletonContainer$Serializer.m_5921_(LootPoolSingletonContainer.java:129) ~[server-1.20.1-20230612.114412-srg.jar%23261!/:?]
	at net.minecraft.world.level.storage.loot.entries.LootPoolEntryContainer$Serializer.m_7561_(LootPoolEntryContainer.java:86) ~[server-1.20.1-20230612.114412-srg.jar%23261!/:?]
	at net.minecraft.world.level.storage.loot.entries.LootPoolEntryContainer$Serializer.m_7561_(LootPoolEntryContainer.java:74) ~[server-1.20.1-20230612.114412-srg.jar%23261!/:?]
	at net.minecraft.world.level.storage.loot.GsonAdapterFactory$JsonAdapter.deserialize(GsonAdapterFactory.java:102) ~[server-1.20.1-20230612.114412-srg.jar%23261!/:?]
	at com.google.gson.internal.bind.TreeTypeAdapter.read(TreeTypeAdapter.java:76) ~[gson-2.10.jar%2372!/:?]
	at com.google.gson.internal.bind.TypeAdapterRuntimeTypeWrapper.read(TypeAdapterRuntimeTypeWrapper.java:40) ~[gson-2.10.jar%2372!/:?]
	at com.google.gson.internal.bind.ArrayTypeAdapter.read(ArrayTypeAdapter.java:72) ~[gson-2.10.jar%2372!/:?]
	at com.google.gson.Gson.fromJson(Gson.java:1214) ~[gson-2.10.jar%2372!/:?]
	at com.google.gson.Gson.fromJson(Gson.java:1319) ~[gson-2.10.jar%2372!/:?]
	at com.google.gson.Gson.fromJson(Gson.java:1290) ~[gson-2.10.jar%2372!/:?]
	at com.google.gson.internal.bind.TreeTypeAdapter$GsonContextImpl.deserialize(TreeTypeAdapter.java:179) ~[gson-2.10.jar%2372!/:?]
	at net.minecraft.util.GsonHelper.m_13808_(GsonHelper.java:463) ~[server-1.20.1-20230612.114412-srg.jar%23261!/:?]
	at net.minecraft.util.GsonHelper.m_13836_(GsonHelper.java:471) ~[server-1.20.1-20230612.114412-srg.jar%23261!/:?]
	at net.minecraft.world.level.storage.loot.LootPool$Serializer.deserialize(LootPool.java:192) ~[server-1.20.1-20230612.114412-srg.jar%23261!/:?]
	at net.minecraft.world.level.storage.loot.LootPool$Serializer.deserialize(LootPool.java:189) ~[server-1.20.1-20230612.114412-srg.jar%23261!/:?]
	at com.google.gson.internal.bind.TreeTypeAdapter.read(TreeTypeAdapter.java:76) ~[gson-2.10.jar%2372!/:?]
	at com.google.gson.internal.bind.TypeAdapterRuntimeTypeWrapper.read(TypeAdapterRuntimeTypeWrapper.java:40) ~[gson-2.10.jar%2372!/:?]
	at com.google.gson.internal.bind.ArrayTypeAdapter.read(ArrayTypeAdapter.java:72) ~[gson-2.10.jar%2372!/:?]
	at com.google.gson.Gson.fromJson(Gson.java:1214) ~[gson-2.10.jar%2372!/:?]
	at com.google.gson.Gson.fromJson(Gson.java:1319) ~[gson-2.10.jar%2372!/:?]
	at com.google.gson.Gson.fromJson(Gson.java:1290) ~[gson-2.10.jar%2372!/:?]
	at com.google.gson.internal.bind.TreeTypeAdapter$GsonContextImpl.deserialize(TreeTypeAdapter.java:179) ~[gson-2.10.jar%2372!/:?]
	at net.minecraft.util.GsonHelper.m_13808_(GsonHelper.java:463) ~[server-1.20.1-20230612.114412-srg.jar%23261!/:?]
	at net.minecraft.util.GsonHelper.m_13845_(GsonHelper.java:481) ~[server-1.20.1-20230612.114412-srg.jar%23261!/:?]
	at net.minecraft.world.level.storage.loot.LootTable$Serializer.deserialize(LootTable.java:294) ~[server-1.20.1-20230612.114412-srg.jar%23261!/:?]
	at net.minecraft.world.level.storage.loot.LootTable$Serializer.deserialize(LootTable.java:291) ~[server-1.20.1-20230612.114412-srg.jar%23261!/:?]
	at com.google.gson.internal.bind.TreeTypeAdapter.read(TreeTypeAdapter.java:76) ~[gson-2.10.jar%2372!/:?]
	at com.google.gson.Gson.fromJson(Gson.java:1214) ~[gson-2.10.jar%2372!/:?]
	at com.google.gson.Gson.fromJson(Gson.java:1319) ~[gson-2.10.jar%2372!/:?]
	at com.google.gson.Gson.fromJson(Gson.java:1261) ~[gson-2.10.jar%2372!/:?]
	at net.minecraftforge.common.ForgeHooks.loadLootTable(ForgeHooks.java:872) ~[forge-1.20.1-47.4.10-universal.jar%23266!/:?]
	at net.minecraftforge.common.ForgeHooks.lambda$getLootTableDeserializer$3(ForgeHooks.java:849) ~[forge-1.20.1-47.4.10-universal.jar%23266!/:?]
	at net.minecraft.world.level.storage.loot.LootDataType.deserialize(LootDataType.java:45) ~[server-1.20.1-20230612.114412-srg.jar%23261!/:?]
	at net.minecraft.world.level.storage.loot.LootDataManager.lambda$scheduleElementParse$4(LootDataManager.java:56) ~[server-1.20.1-20230612.114412-srg.jar%23261!/:?]
	at java.util.HashMap.forEach(HashMap.java:1421) ~[?:?]
	at net.minecraft.world.level.storage.loot.LootDataManager.m_278660_(LootDataManager.java:55) ~[server-1.20.1-20230612.114412-srg.jar%23261!/:?]
	at java.util.concurrent.CompletableFuture$AsyncRun.run(CompletableFuture.java:1804) ~[?:?]
	at java.util.concurrent.CompletableFuture$AsyncRun.exec(CompletableFuture.java:1796) ~[?:?]
	at java.util.concurrent.ForkJoinTask.doExec(ForkJoinTask.java:373) ~[?:?]
	at java.util.concurrent.ForkJoinPool$WorkQueue.topLevelExec(ForkJoinPool.java:1182) ~[?:?]
	at java.util.concurrent.ForkJoinPool.scan(ForkJoinPool.java:1655) ~[?:?]
	at java.util.concurrent.ForkJoinPool.runWorker(ForkJoinPool.java:1622) ~[?:?]
	at java.util.concurrent.ForkJoinWorkerThread.run(ForkJoinWorkerThread.java:165) ~[?:?]
[01Sep2026 03:16:06.297] [Worker-Main-2/ERROR] [net.minecraftforge.common.ForgeHooks/]: Couldn't parse element loot_tables:irons_spellbooks:chests/citadel/citadel_tomes
com.google.gson.JsonSyntaxException: Unknown type 'minecraft:set_written_book_pages'
	at net.minecraft.world.level.storage.loot.GsonAdapterFactory$JsonAdapter.deserialize(GsonAdapterFactory.java:99) ~[server-1.20.1-20230612.114412-srg.jar%23261!/:?]
	at com.google.gson.internal.bind.TreeTypeAdapter.read(TreeTypeAdapter.java:76) ~[gson-2.10.jar%2372!/:?]
	at com.google.gson.internal.bind.TypeAdapterRuntimeTypeWrapper.read(TypeAdapterRuntimeTypeWrapper.java:40) ~[gson-2.10.jar%2372!/:?]
	at com.google.gson.internal.bind.ArrayTypeAdapter.read(ArrayTypeAdapter.java:72) ~[gson-2.10.jar%2372!/:?]
	at com.google.gson.Gson.fromJson(Gson.java:1214) ~[gson-2.10.jar%2372!/:?]
	at com.google.gson.Gson.fromJson(Gson.java:1319) ~[gson-2.10.jar%2372!/:?]
	at com.google.gson.Gson.fromJson(Gson.java:1290) ~[gson-2.10.jar%2372!/:?]
	at com.google.gson.internal.bind.TreeTypeAdapter$GsonContextImpl.deserialize(TreeTypeAdapter.java:179) ~[gson-2.10.jar%2372!/:?]
	at net.minecraft.util.GsonHelper.m_13808_(GsonHelper.java:463) ~[server-1.20.1-20230612.114412-srg.jar%23261!/:?]
	at net.minecraft.util.GsonHelper.m_13845_(GsonHelper.java:481) ~[server-1.20.1-20230612.114412-srg.jar%23261!/:?]
	at net.minecraft.world.level.storage.loot.entries.LootPoolSingletonContainer$Serializer.m_5921_(LootPoolSingletonContainer.java:149) ~[server-1.20.1-20230612.114412-srg.jar%23261!/:?]
	at net.minecraft.world.level.storage.loot.entries.LootPoolSingletonContainer$Serializer.m_5921_(LootPoolSingletonContainer.java:129) ~[server-1.20.1-20230612.114412-srg.jar%23261!/:?]
	at net.minecraft.world.level.storage.loot.entries.LootPoolEntryContainer$Serializer.m_7561_(LootPoolEntryContainer.java:86) ~[server-1.20.1-20230612.114412-srg.jar%23261!/:?]
	at net.minecraft.world.level.storage.loot.entries.LootPoolEntryContainer$Serializer.m_7561_(LootPoolEntryContainer.java:74) ~[server-1.20.1-20230612.114412-srg.jar%23261!/:?]
	at net.minecraft.world.level.storage.loot.GsonAdapterFactory$JsonAdapter.deserialize(GsonAdapterFactory.java:102) ~[server-1.20.1-20230612.114412-srg.jar%23261!/:?]
	at com.google.gson.internal.bind.TreeTypeAdapter.read(TreeTypeAdapter.java:76) ~[gson-2.10.jar%2372!/:?]
	at com.google.gson.internal.bind.TypeAdapterRuntimeTypeWrapper.read(TypeAdapterRuntimeTypeWrapper.java:40) ~[gson-2.10.jar%2372!/:?]
	at com.google.gson.internal.bind.ArrayTypeAdapter.read(ArrayTypeAdapter.java:72) ~[gson-2.10.jar%2372!/:?]
	at com.google.gson.Gson.fromJson(Gson.java:1214) ~[gson-2.10.jar%2372!/:?]
	at com.google.gson.Gson.fromJson(Gson.java:1319) ~[gson-2.10.jar%2372!/:?]
	at com.google.gson.Gson.fromJson(Gson.java:1290) ~[gson-2.10.jar%2372!/:?]
	at com.google.gson.internal.bind.TreeTypeAdapter$GsonContextImpl.deserialize(TreeTypeAdapter.java:179) ~[gson-2.10.jar%2372!/:?]
	at net.minecraft.util.GsonHelper.m_13808_(GsonHelper.java:463) ~[server-1.20.1-20230612.114412-srg.jar%23261!/:?]
	at net.minecraft.util.GsonHelper.m_13836_(GsonHelper.java:471) ~[server-1.20.1-20230612.114412-srg.jar%23261!/:?]
	at net.minecraft.world.level.storage.loot.LootPool$Serializer.deserialize(LootPool.java:192) ~[server-1.20.1-20230612.114412-srg.jar%23261!/:?]
	at net.minecraft.world.level.storage.loot.LootPool$Serializer.deserialize(LootPool.java:189) ~[server-1.20.1-20230612.114412-srg.jar%23261!/:?]
	at com.google.gson.internal.bind.TreeTypeAdapter.read(TreeTypeAdapter.java:76) ~[gson-2.10.jar%2372!/:?]
	at com.google.gson.internal.bind.TypeAdapterRuntimeTypeWrapper.read(TypeAdapterRuntimeTypeWrapper.java:40) ~[gson-2.10.jar%2372!/:?]
	at com.google.gson.internal.bind.ArrayTypeAdapter.read(ArrayTypeAdapter.java:72) ~[gson-2.10.jar%2372!/:?]
	at com.google.gson.Gson.fromJson(Gson.java:1214) ~[gson-2.10.jar%2372!/:?]
	at com.google.gson.Gson.fromJson(Gson.java:1319) ~[gson-2.10.jar%2372!/:?]
	at com.google.gson.Gson.fromJson(Gson.java:1290) ~[gson-2.10.jar%2372!/:?]
	at com.google.gson.internal.bind.TreeTypeAdapter$GsonContextImpl.deserialize(TreeTypeAdapter.java:179) ~[gson-2.10.jar%2372!/:?]
	at net.minecraft.util.GsonHelper.m_13808_(GsonHelper.java:463) ~[server-1.20.1-20230612.114412-srg.jar%23261!/:?]
	at net.minecraft.util.GsonHelper.m_13845_(GsonHelper.java:481) ~[server-1.20.1-20230612.114412-srg.jar%23261!/:?]
	at net.minecraft.world.level.storage.loot.LootTable$Serializer.deserialize(LootTable.java:294) ~[server-1.20.1-20230612.114412-srg.jar%23261!/:?]
	at net.minecraft.world.level.storage.loot.LootTable$Serializer.deserialize(LootTable.java:291) ~[server-1.20.1-20230612.114412-srg.jar%23261!/:?]
	at com.google.gson.internal.bind.TreeTypeAdapter.read(TreeTypeAdapter.java:76) ~[gson-2.10.jar%2372!/:?]
	at com.google.gson.Gson.fromJson(Gson.java:1214) ~[gson-2.10.jar%2372!/:?]
	at com.google.gson.Gson.fromJson(Gson.java:1319) ~[gson-2.10.jar%2372!/:?]
	at com.google.gson.Gson.fromJson(Gson.java:1261) ~[gson-2.10.jar%2372!/:?]
	at net.minecraftforge.common.ForgeHooks.loadLootTable(ForgeHooks.java:872) ~[forge-1.20.1-47.4.10-universal.jar%23266!/:?]
	at net.minecraftforge.common.ForgeHooks.lambda$getLootTableDeserializer$3(ForgeHooks.java:849) ~[forge-1.20.1-47.4.10-universal.jar%23266!/:?]
	at net.minecraft.world.level.storage.loot.LootDataType.deserialize(LootDataType.java:45) ~[server-1.20.1-20230612.114412-srg.jar%23261!/:?]
	at net.minecraft.world.level.storage.loot.LootDataManager.lambda$scheduleElementParse$4(LootDataManager.java:56) ~[server-1.20.1-20230612.114412-srg.jar%23261!/:?]
	at java.util.HashMap.forEach(HashMap.java:1421) ~[?:?]
	at net.minecraft.world.level.storage.loot.LootDataManager.m_278660_(LootDataManager.java:55) ~[server-1.20.1-20230612.114412-srg.jar%23261!/:?]
	at java.util.concurrent.CompletableFuture$AsyncRun.run(CompletableFuture.java:1804) ~[?:?]
	at java.util.concurrent.CompletableFuture$AsyncRun.exec(CompletableFuture.java:1796) ~[?:?]
	at java.util.concurrent.ForkJoinTask.doExec(ForkJoinTask.java:373) ~[?:?]
	at java.util.concurrent.ForkJoinPool$WorkQueue.topLevelExec(ForkJoinPool.java:1182) ~[?:?]
	at java.util.concurrent.ForkJoinPool.scan(ForkJoinPool.java:1655) ~[?:?]
	at java.util.concurrent.ForkJoinPool.runWorker(ForkJoinPool.java:1622) ~[?:?]
	at java.util.concurrent.ForkJoinWorkerThread.run(ForkJoinWorkerThread.java:165) ~[?:?]
[01Sep2026 03:16:06.420] [main/WARN] [net.minecraft.world.level.storage.loot.LootDataManager/]: Found loot table element validation problem in {loot_tables:irons_spellbooks:chests/citadel/citadel_bookshelf}.pools[8].entries[0]: Unknown loot table called irons_spellbooks:chests/citadel/citadel_tomes
[01Sep2026 03:16:06.448] [main/ERROR] [net.minecraft.world.item.crafting.RecipeManager/]: Parsing error loading recipe sonsoftheempire:alt_altdorfimperialgreatsword_armor_boots_recipe: com.google.gson.JsonSyntaxException: Unknown item 'sonsoftheempire:greatswordsmanalt_1_armor_boots'
[01Sep2026 03:16:06.450] [main/ERROR] [net.minecraft.world.item.crafting.RecipeManager/]: Parsing error loading recipe sonsoftheempire:altdorfgreatswordsman_armor_boots_recipe: com.google.gson.JsonSyntaxException: Unknown item 'sonsoftheempire:altdorfgreatswordsman_armor_boots'
[01Sep2026 03:16:06.459] [main/INFO] [net.minecraft.world.item.crafting.RecipeManager/]: Skipping loading recipe malum:nickel_from_node_smelting as it's serializer returned null
[01Sep2026 03:16:06.461] [main/ERROR] [net.minecraft.world.item.crafting.RecipeManager/]: Parsing error loading recipe sonsoftheempire:gryphonlegionalt_armor_leggings_recipe: com.google.gson.JsonSyntaxException: Unknown item 'sonsoftheempire:gryphonlegionalt_armor_leggings'
[01Sep2026 03:16:06.466] [main/ERROR] [net.minecraft.world.item.crafting.RecipeManager/]: Parsing error loading recipe sonsoftheempire:nordlandseahawk_armor_boots_recipe: com.google.gson.JsonSyntaxException: Unknown item 'sonsoftheempire:nordlandseahawk_armor_boots'
[01Sep2026 03:16:06.468] [main/ERROR] [net.minecraft.world.item.crafting.RecipeManager/]: Parsing error loading recipe malum:farmersdelight/unholy_caramel: com.google.gson.JsonSyntaxException: Unknown item 'malum:unholy_syrup'
[01Sep2026 03:16:06.472] [main/INFO] [net.minecraft.world.item.crafting.RecipeManager/]: Skipping loading recipe supplementaries:inspirations/blackboard_clear as it's serializer returned null
[01Sep2026 03:16:06.475] [main/ERROR] [net.minecraft.world.item.crafting.RecipeManager/]: Parsing error loading recipe sonsoftheempire:demigryphknightalt_1_armor_boots_recipe: com.google.gson.JsonSyntaxException: Unknown item 'sonsoftheempire:demigryphknightalt_1_armor_boots'
[01Sep2026 03:16:06.478] [main/INFO] [net.minecraft.world.item.crafting.RecipeManager/]: Skipping loading recipe malum:impetus_creation_lead as it's serializer returned null
[01Sep2026 03:16:06.481] [main/INFO] [net.minecraft.world.item.crafting.RecipeManager/]: Skipping loading recipe malum:zinc_from_node_blasting as it's serializer returned null
[01Sep2026 03:16:06.485] [main/ERROR] [net.minecraft.world.item.crafting.RecipeManager/]: Parsing error loading recipe sonsoftheempire:altconquistador_armor_leggings_recipe: com.google.gson.JsonSyntaxException: Unknown item 'sonsoftheempire:conquistador_armor_leggings'
[01Sep2026 03:16:06.487] [main/INFO] [net.minecraft.world.item.crafting.RecipeManager/]: Skipping loading recipe malum:cobalt_from_node_blasting as it's serializer returned null
[01Sep2026 03:16:06.488] [main/ERROR] [net.minecraft.world.item.crafting.RecipeManager/]: Parsing error loading recipe sonsoftheempire:greatswordsmanalt_1_armor_leggings_recipe: com.google.gson.JsonSyntaxException: Unknown item 'sonsoftheempire:greatswordsmanalt_1_armor_leggings'
[01Sep2026 03:16:06.498] [main/INFO] [net.minecraft.world.item.crafting.RecipeManager/]: Skipping loading recipe malum:uranium_from_node_blasting as it's serializer returned null
[01Sep2026 03:16:06.498] [main/ERROR] [net.minecraft.world.item.crafting.RecipeManager/]: Parsing error loading recipe sonsoftheempire:reiksguardknight_armor_boots_recipe: com.google.gson.JsonSyntaxException: Unknown item 'sonsoftheempire:reiksguardknight_armor_boots'
[01Sep2026 03:16:06.503] [main/INFO] [net.minecraft.world.item.crafting.RecipeManager/]: Skipping loading recipe malum:tin_from_node_smelting as it's serializer returned null
[01Sep2026 03:16:06.503] [main/ERROR] [net.minecraft.world.item.crafting.RecipeManager/]: Parsing error loading recipe sonsoftheempire:pheonixguard_armor_boots_recipe: com.google.gson.JsonSyntaxException: Unknown item 'sonsoftheempire:pheonixguard_armor_boots'
[01Sep2026 03:16:06.503] [main/INFO] [net.minecraft.world.item.crafting.RecipeManager/]: Skipping loading recipe malum:lead_from_node_blasting as it's serializer returned null
[01Sep2026 03:16:06.508] [main/ERROR] [net.minecraft.world.item.crafting.RecipeManager/]: Parsing error loading recipe sonsoftheempire:altdorfswordsman_armor_boots_recipe: com.google.gson.JsonSyntaxException: Unknown item 'sonsoftheempire:altdorfswordsman_armor_boots'
[01Sep2026 03:16:06.521] [main/ERROR] [net.minecraft.world.item.crafting.RecipeManager/]: Parsing error loading recipe sonsoftheempire:royalaltdorfdemigryphknight_armor_boots_recipe: com.google.gson.JsonSyntaxException: Unknown item 'sonsoftheempire:royalaltdorfdemigryphknight_armor_boots'
[01Sep2026 03:16:06.528] [main/ERROR] [net.minecraft.world.item.crafting.RecipeManager/]: Parsing error loading recipe sonsoftheempire:silverhelm_armor_boots_recipe: com.google.gson.JsonSyntaxException: Unknown item 'sonsoftheempire:silverhelm_armor_boots'
[01Sep2026 03:16:06.529] [main/ERROR] [net.minecraft.world.item.crafting.RecipeManager/]: Parsing error loading recipe malum:jeed/earthen_might: com.google.gson.JsonSyntaxException: Invalid or unsupported recipe type 'jeed:effect_provider'
[01Sep2026 03:16:06.533] [main/INFO] [net.minecraft.world.item.crafting.RecipeManager/]: Skipping loading recipe supplementaries:inspirations/flag_dye as it's serializer returned null
[01Sep2026 03:16:06.539] [main/INFO] [net.minecraft.world.item.crafting.RecipeManager/]: Skipping loading recipe malum:silver_from_node_smelting as it's serializer returned null
[01Sep2026 03:16:06.541] [main/ERROR] [net.minecraft.world.item.crafting.RecipeManager/]: Parsing error loading recipe malum:jeed/anglers_lure: com.google.gson.JsonSyntaxException: Invalid or unsupported recipe type 'jeed:effect_provider'
[01Sep2026 03:16:06.552] [main/INFO] [net.minecraft.world.item.crafting.RecipeManager/]: Skipping loading recipe malum:node_focusing_zinc as it's serializer returned null
[01Sep2026 03:16:06.557] [main/ERROR] [net.minecraft.world.item.crafting.RecipeManager/]: Parsing error loading recipe sonsoftheempire:demigryphknightalt_1_armor_leggings_recipe: com.google.gson.JsonSyntaxException: Unknown item 'sonsoftheempire:demigryphknightalt_1_armor_leggings'
[01Sep2026 03:16:06.557] [main/ERROR] [net.minecraft.world.item.crafting.RecipeManager/]: Parsing error loading recipe malum:farmersdelight/holy_caramel: com.google.gson.JsonSyntaxException: Unknown item 'malum:holy_syrup'
[01Sep2026 03:16:06.561] [main/ERROR] [net.minecraft.world.item.crafting.RecipeManager/]: Parsing error loading recipe malum:jeed/zephyrs_courage: com.google.gson.JsonSyntaxException: Invalid or unsupported recipe type 'jeed:effect_provider'
[01Sep2026 03:16:06.566] [main/INFO] [net.minecraft.world.item.crafting.RecipeManager/]: Skipping loading recipe malum:node_focusing_cobalt as it's serializer returned null
[01Sep2026 03:16:06.568] [main/INFO] [net.minecraft.world.item.crafting.RecipeManager/]: Skipping loading recipe malum:impetus_creation_osmium as it's serializer returned null
[01Sep2026 03:16:06.568] [main/INFO] [net.minecraft.world.item.crafting.RecipeManager/]: Skipping loading recipe malum:zinc_from_node_smelting as it's serializer returned null
[01Sep2026 03:16:06.571] [main/ERROR] [net.minecraft.world.item.crafting.RecipeManager/]: Parsing error loading recipe sonsoftheempire:alt_altdorfimperialgreatsword_armor_leggings_recipe: com.google.gson.JsonSyntaxException: Unknown item 'sonsoftheempire:greatswordsmanalt_1_armor_leggings'
[01Sep2026 03:16:06.574] [main/ERROR] [net.minecraft.world.item.crafting.RecipeManager/]: Parsing error loading recipe malum:jeed/miners_rage: com.google.gson.JsonSyntaxException: Invalid or unsupported recipe type 'jeed:effect_provider'
[01Sep2026 03:16:06.581] [main/ERROR] [net.minecraft.world.item.crafting.RecipeManager/]: Parsing error loading recipe sonsoftheempire:altconquistador_armor_helmet_recipe: com.google.gson.JsonSyntaxException: Unknown item 'sonsoftheempire:altconquistador_armor_helmet'
[01Sep2026 03:16:06.582] [main/INFO] [net.minecraft.world.item.crafting.RecipeManager/]: Skipping loading recipe malum:lead_from_node_smelting as it's serializer returned null
[01Sep2026 03:16:06.582] [main/INFO] [net.minecraft.world.item.crafting.RecipeManager/]: Skipping loading recipe malum:impetus_creation_cobalt as it's serializer returned null
[01Sep2026 03:16:06.585] [main/ERROR] [net.minecraft.world.item.crafting.RecipeManager/]: Parsing error loading recipe sonsoftheempire:guardiadelsol_armor_boots_recipe: com.google.gson.JsonSyntaxException: Unknown item 'sonsoftheempire:guardiadelsol_armor_boots'
[01Sep2026 03:16:06.586] [main/INFO] [net.minecraft.world.item.crafting.RecipeManager/]: Skipping loading recipe malum:node_focusing_uranium as it's serializer returned null
[01Sep2026 03:16:06.586] [main/ERROR] [net.minecraft.world.item.crafting.RecipeManager/]: Parsing error loading recipe sonsoftheempire:lotheranspearguard_armor_boots_recipe: com.google.gson.JsonSyntaxException: Unknown item 'sonsoftheempire:lotheranspearguard_armor_boots'
[01Sep2026 03:16:06.588] [main/INFO] [net.minecraft.world.item.crafting.RecipeManager/]: Skipping loading recipe malum:impetus_creation_zinc as it's serializer returned null
[01Sep2026 03:16:06.588] [main/INFO] [net.minecraft.world.item.crafting.RecipeManager/]: Skipping loading recipe malum:osmium_from_node_smelting as it's serializer returned null
[01Sep2026 03:16:06.588] [main/INFO] [net.minecraft.world.item.crafting.RecipeManager/]: Skipping loading recipe malum:cobalt_from_node_smelting as it's serializer returned null
[01Sep2026 03:16:06.596] [main/INFO] [net.minecraft.world.item.crafting.RecipeManager/]: Skipping loading recipe supplementaries:inspirations/flag_clear as it's serializer returned null
[01Sep2026 03:16:06.596] [main/ERROR] [net.minecraft.world.item.crafting.RecipeManager/]: Parsing error loading recipe sonsoftheempire:swordsmanalt_armor_boots_recipe: com.google.gson.JsonSyntaxException: Unknown item 'sonsoftheempire:swordsmanalt_armor_boots'
[01Sep2026 03:16:06.604] [main/ERROR] [net.minecraft.world.item.crafting.RecipeManager/]: Parsing error loading recipe sonsoftheempire:gryphonlegionalt_armor_boots_recipe: com.google.gson.JsonSyntaxException: Unknown item 'sonsoftheempire:gryphonlegionalt_armor_boots'
[01Sep2026 03:16:06.606] [main/ERROR] [net.minecraft.world.item.crafting.RecipeManager/]: Parsing error loading recipe sonsoftheempire:imperialarcher_armor_boots_recipe: com.google.gson.JsonSyntaxException: Unknown item 'sonsoftheempire:imperialarcher_armor_boots'
[01Sep2026 03:16:06.608] [main/ERROR] [net.minecraft.world.item.crafting.RecipeManager/]: Parsing error loading recipe sonsoftheempire:noblesonspistoleer_armor_boots_recipe: com.google.gson.JsonSyntaxException: Unknown item 'sonsoftheempire:noblesonspistoleer_armor_boots'
[01Sep2026 03:16:06.608] [main/ERROR] [net.minecraft.world.item.crafting.RecipeManager/]: Parsing error loading recipe malum:jeed/gaias_bulwark: com.google.gson.JsonSyntaxException: Invalid or unsupported recipe type 'jeed:effect_provider'
[01Sep2026 03:16:06.611] [main/INFO] [net.minecraft.world.item.crafting.RecipeManager/]: Skipping loading recipe malum:impetus_creation_uranium as it's serializer returned null
[01Sep2026 03:16:06.612] [main/ERROR] [net.minecraft.world.item.crafting.RecipeManager/]: Parsing error loading recipe sonsoftheempire:ostermarkbanner_1: com.google.gson.JsonSyntaxException: Unknown item 'minecraft:white_wall_banner'
[01Sep2026 03:16:06.616] [main/ERROR] [net.minecraft.world.item.crafting.RecipeManager/]: Parsing error loading recipe malum:jeed/poseidons_grasp: com.google.gson.JsonSyntaxException: Invalid or unsupported recipe type 'jeed:effect_provider'
[01Sep2026 03:16:06.616] [main/INFO] [net.minecraft.world.item.crafting.RecipeManager/]: Skipping loading recipe malum:aluminum_from_node_blasting as it's serializer returned null
[01Sep2026 03:16:06.617] [main/INFO] [net.minecraft.world.item.crafting.RecipeManager/]: Skipping loading recipe malum:node_focusing_osmium as it's serializer returned null
[01Sep2026 03:16:06.619] [main/INFO] [net.minecraft.world.item.crafting.RecipeManager/]: Skipping loading recipe malum:node_focusing_tin as it's serializer returned null
[01Sep2026 03:16:06.619] [main/INFO] [net.minecraft.world.item.crafting.RecipeManager/]: Skipping loading recipe malum:silver_from_node_blasting as it's serializer returned null
[01Sep2026 03:16:06.620] [main/ERROR] [net.minecraft.world.item.crafting.RecipeManager/]: Parsing error loading recipe sonsoftheempire:zintlersrieksguard_armor_boots_recipe: com.google.gson.JsonSyntaxException: Unknown item 'sonsoftheempire:reiksguardknight_armor_boots'
[01Sep2026 03:16:06.621] [main/INFO] [net.minecraft.world.item.crafting.RecipeManager/]: Skipping loading recipe malum:impetus_creation_silver as it's serializer returned null
[01Sep2026 03:16:06.625] [main/INFO] [net.minecraft.world.item.crafting.RecipeManager/]: Skipping loading recipe malum:impetus_creation_nickel as it's serializer returned null
[01Sep2026 03:16:06.625] [main/INFO] [net.minecraft.world.item.crafting.RecipeManager/]: Skipping loading recipe malum:impetus_creation_tin as it's serializer returned null
[01Sep2026 03:16:06.626] [main/ERROR] [net.minecraft.world.item.crafting.RecipeManager/]: Parsing error loading recipe sonsoftheempire:dahzshearthblades_armor_boots_recipe: com.google.gson.JsonSyntaxException: Unknown item 'sonsoftheempire:dahzshearthblades_armor_boots'
[01Sep2026 03:16:06.627] [main/ERROR] [net.minecraft.world.item.crafting.RecipeManager/]: Parsing error loading recipe malum:jeed/ifrits_embrace: com.google.gson.JsonSyntaxException: Invalid or unsupported recipe type 'jeed:effect_provider'
[01Sep2026 03:16:06.629] [main/INFO] [net.minecraft.world.item.crafting.RecipeManager/]: Skipping loading recipe malum:node_focusing_silver as it's serializer returned null
[01Sep2026 03:16:06.637] [main/ERROR] [net.minecraft.world.item.crafting.RecipeManager/]: Parsing error loading recipe sonsoftheempire:knightoftherealmalt_armor_boots_recipe: com.google.gson.JsonSyntaxException: Unknown item 'sonsoftheempire:knightoftherealmalt_armor_boots'
[01Sep2026 03:16:06.637] [main/ERROR] [net.minecraft.world.item.crafting.RecipeManager/]: Parsing error loading recipe sonsoftheempire:greatswordsmanalt_1_armor_boots_recipe: com.google.gson.JsonSyntaxException: Unknown item 'sonsoftheempire:greatswordsmanalt_1_armor_boots'
[01Sep2026 03:16:06.645] [main/ERROR] [net.minecraft.world.item.crafting.RecipeManager/]: Parsing error loading recipe sonsoftheempire:zintlersrieksguard_armor_leggings_recipe: com.google.gson.JsonSyntaxException: Unknown item 'sonsoftheempire:zintlersrieksguard_armor_leggings'
[01Sep2026 03:16:06.648] [main/INFO] [net.minecraft.world.item.crafting.RecipeManager/]: Skipping loading recipe malum:node_focusing_nickel as it's serializer returned null
[01Sep2026 03:16:06.649] [main/INFO] [net.minecraft.world.item.crafting.RecipeManager/]: Skipping loading recipe malum:aluminum_from_node_smelting as it's serializer returned null
[01Sep2026 03:16:06.651] [main/ERROR] [net.minecraft.world.item.crafting.RecipeManager/]: Parsing error loading recipe sonsoftheempire:conquistador_armor_leggings_recipe: com.google.gson.JsonSyntaxException: Unknown item 'sonsoftheempire:conquistador_armor_leggings'
[01Sep2026 03:16:06.651] [main/ERROR] [net.minecraft.world.item.crafting.RecipeManager/]: Parsing error loading recipe malum:jeed/gluttony: com.google.gson.JsonSyntaxException: Invalid or unsupported recipe type 'jeed:effect_provider'
[01Sep2026 03:16:06.656] [main/INFO] [net.minecraft.world.item.crafting.RecipeManager/]: Skipping loading recipe malum:impetus_creation_aluminum as it's serializer returned null
[01Sep2026 03:16:06.657] [main/ERROR] [net.minecraft.world.item.crafting.RecipeManager/]: Parsing error loading recipe sonsoftheempire:altconquistador_armor_boots_recipe: com.google.gson.JsonSyntaxException: Unknown item 'sonsoftheempire:altconquistador_armor_boots'
[01Sep2026 03:16:06.657] [main/INFO] [net.minecraft.world.item.crafting.RecipeManager/]: Skipping loading recipe malum:uranium_from_node_smelting as it's serializer returned null
[01Sep2026 03:16:06.657] [main/ERROR] [net.minecraft.world.item.crafting.RecipeManager/]: Parsing error loading recipe sonsoftheempire:dahzshearthblades_armor_leggings_recipe: com.google.gson.JsonSyntaxException: Unknown item 'sonsoftheempire:dahzshearthblades_armor_leggings'
[01Sep2026 03:16:06.658] [main/INFO] [net.minecraft.world.item.crafting.RecipeManager/]: Skipping loading recipe malum:nickel_from_node_blasting as it's serializer returned null
[01Sep2026 03:16:06.660] [main/INFO] [net.minecraft.world.item.crafting.RecipeManager/]: Skipping loading recipe malum:tin_from_node_blasting as it's serializer returned null
[01Sep2026 03:16:06.668] [main/ERROR] [net.minecraft.world.item.crafting.RecipeManager/]: Parsing error loading recipe sonsoftheempire:altdorfcaptain_armor_boots_recipe: com.google.gson.JsonSyntaxException: Unknown item 'sonsoftheempire:altdorfcaptain_armor_boots'
[01Sep2026 03:16:06.672] [main/ERROR] [net.minecraft.world.item.crafting.RecipeManager/]: Parsing error loading recipe sonsoftheempire:hombresvillanos_armor_boots_recipe: com.google.gson.JsonSyntaxException: Unknown item 'sonsoftheempire:hombresvillanos_armor_boots'
[01Sep2026 03:16:06.672] [main/ERROR] [net.minecraft.world.item.crafting.RecipeManager/]: Parsing error loading recipe malum:jeed/aethers_charm: com.google.gson.JsonSyntaxException: Invalid or unsupported recipe type 'jeed:effect_provider'
[01Sep2026 03:16:06.679] [main/INFO] [net.minecraft.world.item.crafting.RecipeManager/]: Skipping loading recipe malum:node_focusing_aluminum as it's serializer returned null
[01Sep2026 03:16:06.681] [main/INFO] [net.minecraft.world.item.crafting.RecipeManager/]: Skipping loading recipe malum:osmium_from_node_blasting as it's serializer returned null
[01Sep2026 03:16:06.681] [main/INFO] [net.minecraft.world.item.crafting.RecipeManager/]: Skipping loading recipe malum:node_focusing_lead as it's serializer returned null
[01Sep2026 03:16:06.683] [main/INFO] [net.minecraft.world.item.crafting.RecipeManager/]: Loaded 24 recipes
[01Sep2026 03:16:06.695] [main/ERROR] [net.minecraft.server.ServerAdvancementManager/]: Parsing error loading custom advancement siegemachines:root: Unsupported icon type, currently only items are supported (add 'item' key)
[01Sep2026 03:16:06.696] [main/ERROR] [net.minecraft.server.ServerAdvancementManager/]: Parsing error loading custom advancement siegemachines:master_engineer: Unsupported icon type, currently only items are supported (add 'item' key)
[01Sep2026 03:16:06.712] [main/ERROR] [net.minecraft.server.ServerAdvancementManager/]: Parsing error loading custom advancement siegemachines:mortar: Unsupported icon type, currently only items are supported (add 'item' key)
[01Sep2026 03:16:06.723] [main/ERROR] [net.minecraft.server.ServerAdvancementManager/]: Parsing error loading custom advancement siegemachines:trebuchet: Unsupported icon type, currently only items are supported (add 'item' key)
[01Sep2026 03:16:06.732] [main/ERROR] [net.minecraft.server.ServerAdvancementManager/]: Parsing error loading custom advancement siegemachines:battering_ram: Unsupported icon type, currently only items are supported (add 'item' key)
[01Sep2026 03:16:06.740] [main/ERROR] [net.minecraft.server.ServerAdvancementManager/]: Parsing error loading custom advancement siegemachines:siege_ladder: Unsupported icon type, currently only items are supported (add 'item' key)
[01Sep2026 03:16:06.746] [main/ERROR] [net.minecraft.server.ServerAdvancementManager/]: Parsing error loading custom advancement siegemachines:culverin: Unsupported icon type, currently only items are supported (add 'item' key)
[01Sep2026 03:16:06.760] [main/ERROR] [net.minecraft.server.ServerAdvancementManager/]: Parsing error loading custom advancement siegemachines:catapult: Unsupported icon type, currently only items are supported (add 'item' key)
[01Sep2026 03:16:06.762] [main/ERROR] [net.minecraft.server.ServerAdvancementManager/]: Parsing error loading custom advancement siegemachines:ballista: Unsupported icon type, currently only items are supported (add 'item' key)
[01Sep2026 03:16:06.782] [main/INFO] [net.minecraft.advancements.AdvancementList/]: Loaded 3075 advancements
[01Sep2026 03:16:06.986] [main/WARN] [epicfight/]: Item Capability Exception: No item named magistuarmory:rusted_heavywarhammer
[01Sep2026 03:16:06.988] [main/WARN] [epicfight/]: epicfight:cut is not a hit particle type in magistuarmory:pike
[01Sep2026 03:16:06.989] [main/WARN] [epicfight/]: epicfight:cut is not a hit particle type in magistuarmory:pike
[01Sep2026 03:16:06.989] [main/WARN] [epicfight/]: epicfight:cut is not a hit particle type in magistuarmory:pike
[01Sep2026 03:16:06.990] [main/WARN] [epicfight/]: epicfight:cut is not a hit particle type in magistuarmory:pike
[01Sep2026 03:16:06.991] [main/WARN] [epicfight/]: epicfight:cut is not a hit particle type in magistuarmory:pike
[01Sep2026 03:16:06.991] [main/WARN] [epicfight/]: Item Capability Exception: No item named magistuarmory:rusted_lochaberaxe
[01Sep2026 03:16:06.991] [main/WARN] [epicfight/]: epicfight:cut is not a hit particle type in magistuarmory:pike
[01Sep2026 03:16:06.992] [main/WARN] [epicfight/]: Item Capability Exception: No item named magistuarmory:rusted_ranseur
[01Sep2026 03:16:06.992] [main/WARN] [epicfight/]: Item Capability Exception: No item named magistuarmory:rusted_katzbalger
[01Sep2026 03:16:06.992] [main/WARN] [epicfight/]: epicfight:cut is not a hit particle type in magistuarmory:pike
[01Sep2026 03:16:06.992] [main/WARN] [epicfight/]: epicfight:cut is not a hit particle type in magistuarmory:pike
[01Sep2026 03:16:06.992] [main/WARN] [epicfight/]: epicfight:cut is not a hit particle type in magistuarmory:pike
[01Sep2026 03:16:06.992] [main/WARN] [epicfight/]: Item Capability Exception: No item named magistuarmory:rusted_morgenstern
[01Sep2026 03:16:06.993] [main/WARN] [epicfight/]: epicfight:cut is not a hit particle type in magistuarmory:pike
[01Sep2026 03:16:06.993] [main/WARN] [epicfight/]: epicfight:cut is not a hit particle type in magistuarmory:pike
[01Sep2026 03:16:06.993] [main/WARN] [epicfight/]: epicfight:cut is not a hit particle type in magistuarmory:pike
[01Sep2026 03:16:06.993] [main/WARN] [epicfight/]: epicfight:cut is not a hit particle type in magistuarmory:pike
[01Sep2026 03:16:06.993] [main/WARN] [epicfight/]: epicfight:cut is not a hit particle type in magistuarmory:pike
[01Sep2026 03:16:06.993] [main/WARN] [epicfight/]: epicfight:cut is not a hit particle type in magistuarmory:pike
[01Sep2026 03:16:06.993] [main/WARN] [epicfight/]: epicfight:cut is not a hit particle type in magistuarmory:pike
[01Sep2026 03:16:06.994] [main/WARN] [epicfight/]: epicfight:cut is not a hit particle type in magistuarmory:pike
[01Sep2026 03:16:06.994] [main/WARN] [epicfight/]: epicfight:cut is not a hit particle type in magistuarmory:pike
[01Sep2026 03:16:06.994] [main/WARN] [epicfight/]: Item Capability Exception: No item named magistuarmory:rusted_guisarme
[01Sep2026 03:16:06.994] [main/WARN] [epicfight/]: Item Capability Exception: No item named magistuarmory:rusted_pike
[01Sep2026 03:16:06.994] [main/WARN] [epicfight/]: epicfight:cut is not a hit particle type in magistuarmory:pike
[01Sep2026 03:16:06.995] [main/WARN] [epicfight/]: epicfight:cut is not a hit particle type in magistuarmory:pike
[01Sep2026 03:16:06.995] [main/WARN] [epicfight/]: epicfight:cut is not a hit particle type in magistuarmory:pike
[01Sep2026 03:16:06.996] [main/WARN] [epicfight/]: epicfight:cut is not a hit particle type in magistuarmory:pike
[01Sep2026 03:16:06.996] [main/WARN] [epicfight/]: epicfight:cut is not a hit particle type in magistuarmory:pike
[01Sep2026 03:16:06.996] [main/WARN] [epicfight/]: epicfight:cut is not a hit particle type in magistuarmory:pike
[01Sep2026 03:16:06.996] [main/WARN] [epicfight/]: epicfight:cut is not a hit particle type in magistuarmory:pike
[01Sep2026 03:16:06.996] [main/WARN] [epicfight/]: Item Capability Exception: No item named magistuarmory:rusted_claymore
[01Sep2026 03:16:06.996] [main/WARN] [epicfight/]: Item Capability Exception: No item named magistuarmory:rusted_estoc
[01Sep2026 03:16:06.996] [main/WARN] [epicfight/]: epicfight:cut is not a hit particle type in magistuarmory:pike
[01Sep2026 03:16:06.996] [main/WARN] [epicfight/]: Item Capability Exception: No item named magistuarmory:rusted_chainmorgenstern
[01Sep2026 03:16:06.996] [main/WARN] [epicfight/]: epicfight:cut is not a hit particle type in magistuarmory:pike
[01Sep2026 03:16:06.997] [main/WARN] [epicfight/]: epicfight:cut is not a hit particle type in magistuarmory:pike
[01Sep2026 03:16:06.997] [main/WARN] [epicfight/]: epicfight:cut is not a hit particle type in magistuarmory:pike
[01Sep2026 03:16:06.997] [main/WARN] [epicfight/]: epicfight:cut is not a hit particle type in magistuarmory:pike
[01Sep2026 03:16:06.997] [main/WARN] [epicfight/]: Item Capability Exception: No item named magistuarmory:rusted_chivalrylance
[01Sep2026 03:16:06.997] [main/WARN] [epicfight/]: Item Capability Exception: No item named magistuarmory:rusted_zweihander
[01Sep2026 03:16:06.997] [main/WARN] [epicfight/]: Item Capability Exception: No item named magistuarmory:rusted_stylet
[01Sep2026 03:16:06.997] [main/WARN] [epicfight/]: epicfight:cut is not a hit particle type in magistuarmory:pike
[01Sep2026 03:16:06.997] [main/WARN] [epicfight/]: Item Capability Exception: No item named magistuarmory:rusted_concavehalberd
[01Sep2026 03:16:06.998] [main/WARN] [epicfight/]: epicfight:cut is not a hit particle type in magistuarmory:pike
[01Sep2026 03:16:06.998] [main/WARN] [epicfight/]: epicfight:cut is not a hit particle type in magistuarmory:pike
[01Sep2026 03:16:06.998] [main/WARN] [epicfight/]: Item Capability Exception: No item named magistuarmory:rusted_flamebladedsword
[01Sep2026 03:16:06.998] [main/WARN] [epicfight/]: Error while deserializing datapack for magistuarmory:silver_morgenstern: Can't find weapon type: minecraft:axe
[01Sep2026 03:16:06.998] [main/WARN] [epicfight/]: Item Capability Exception: No item named magistuarmory:rusted_ahlspiess
[01Sep2026 03:16:06.999] [main/WARN] [epicfight/]: epicfight:cut is not a hit particle type in magistuarmory:pike
[01Sep2026 03:16:06.999] [main/WARN] [epicfight/]: Item Capability Exception: No item named magistuarmory:rusted_lucernhammer
[01Sep2026 03:16:07.050] [main/INFO] [Supplementaries/]: Loaded 27 flute songs
[01Sep2026 03:16:07.058] [main/INFO] [sfiomn.legendarysurvivaloverhaul.LegendarySurvivalOverhaul/]: Loaded 17 temperature consumables
[01Sep2026 03:16:07.059] [main/INFO] [sfiomn.legendarysurvivaloverhaul.LegendarySurvivalOverhaul/]: Loaded 0 temperature consumable blocks
[01Sep2026 03:16:07.061] [main/INFO] [sfiomn.legendarysurvivaloverhaul.LegendarySurvivalOverhaul/]: Loaded 43 temperature blocks
[01Sep2026 03:16:07.062] [main/INFO] [sfiomn.legendarysurvivaloverhaul.LegendarySurvivalOverhaul/]: Loaded 63 temperature items
[01Sep2026 03:16:07.064] [main/INFO] [sfiomn.legendarysurvivaloverhaul.LegendarySurvivalOverhaul/]: Loaded 7 temperature biomes
[01Sep2026 03:16:07.064] [main/INFO] [sfiomn.legendarysurvivaloverhaul.LegendarySurvivalOverhaul/]: Loaded 8 temperature fuel items
[01Sep2026 03:16:07.065] [main/INFO] [sfiomn.legendarysurvivaloverhaul.LegendarySurvivalOverhaul/]: Loaded 3 temperature dimensions
[01Sep2026 03:16:07.065] [main/INFO] [sfiomn.legendarysurvivaloverhaul.LegendarySurvivalOverhaul/]: Loaded 1 temperature mounts
[01Sep2026 03:16:07.066] [main/INFO] [sfiomn.legendarysurvivaloverhaul.LegendarySurvivalOverhaul/]: Loaded 0 temperature origins
[01Sep2026 03:16:07.069] [main/INFO] [sfiomn.legendarysurvivaloverhaul.LegendarySurvivalOverhaul/]: Loaded 36 thirst consumables
[01Sep2026 03:16:07.070] [main/INFO] [sfiomn.legendarysurvivaloverhaul.LegendarySurvivalOverhaul/]: Loaded 5 thirst blocks
[01Sep2026 03:16:07.071] [main/INFO] [sfiomn.legendarysurvivaloverhaul.LegendarySurvivalOverhaul/]: Loaded 23 body parts damage sources
[01Sep2026 03:16:07.073] [main/INFO] [sfiomn.legendarysurvivaloverhaul.LegendarySurvivalOverhaul/]: Loaded 6 body healing consumables
[01Sep2026 03:16:07.074] [main/INFO] [sfiomn.legendarysurvivaloverhaul.LegendarySurvivalOverhaul/]: Loaded 4 body part resistance items
[01Sep2026 03:16:07.077] [main/INFO] [com.sammy.malum.MalumMod/]: Ritual with registry name: malum:cthonic_conversion does not exist
[01Sep2026 03:16:07.080] [main/INFO] [top.theillusivec4.curios.Curios/]: Loaded 13 curio slots
[01Sep2026 03:16:07.082] [main/INFO] [top.theillusivec4.curios.Curios/]: Loaded 1 curio entities
[01Sep2026 03:16:07.085] [main/INFO] [Fossils Archeology/]: Loaded 733 server animations for 66 entities
[01Sep2026 03:16:07.092] [main/INFO] [Fossils Archeology/]: Loaded 1056 animation category entries for 66 entities
[01Sep2026 03:16:07.095] [main/INFO] [Fossils Archeology/]: Loaded data for 59 entities
[01Sep2026 03:16:07.096] [main/INFO] [Fossils Archeology/]: Loaded food values: (blocks: 41) (items: 41) (entities: 34, 34) (Tags: 3, 8, 0)
[01Sep2026 03:16:07.105] [main/INFO] [Fossils Archeology/]: Loaded 13 variants
[01Sep2026 03:16:07.143] [main/INFO] [Moonlight/]: Applied 18 data villager trades
[01Sep2026 03:16:07.183] [main/INFO] [Supplementaries/]: Finished additional setup in 0 ms
[01Sep2026 03:16:07.194] [main/WARN] [ModernFix/]: Initial datapack load took 2.966 s
[01Sep2026 03:16:07.299] [Server thread/INFO] [net.minecraft.server.dedicated.DedicatedServer/]: Starting minecraft server version 1.20.1
[01Sep2026 03:16:07.299] [Server thread/INFO] [net.minecraft.server.dedicated.DedicatedServer/]: Loading properties
[01Sep2026 03:16:07.299] [Server thread/INFO] [net.minecraft.server.dedicated.DedicatedServer/]: Default game type: SURVIVAL
[01Sep2026 03:16:07.299] [Server thread/INFO] [net.minecraft.server.MinecraftServer/]: Generating keypair
[01Sep2026 03:16:07.351] [Server thread/INFO] [net.minecraft.server.dedicated.DedicatedServer/]: Starting Minecraft server on 127.0.0.1:25565
[01Sep2026 03:16:07.367] [Server thread/INFO] [net.minecraft.server.network.ServerConnectionListener/]: Using epoll channel type
[01Sep2026 03:16:07.418] [Server thread/WARN] [net.minecraft.server.dedicated.DedicatedServer/]: **** SERVER IS RUNNING IN OFFLINE/INSECURE MODE!
[01Sep2026 03:16:07.418] [Server thread/WARN] [net.minecraft.server.dedicated.DedicatedServer/]: The server will make no attempt to authenticate usernames. Beware.
[01Sep2026 03:16:07.418] [Server thread/WARN] [net.minecraft.server.dedicated.DedicatedServer/]: While this makes the game possible to play without internet access, it also opens up the ability for hackers to connect with any username they choose.
[01Sep2026 03:16:07.418] [Server thread/WARN] [net.minecraft.server.dedicated.DedicatedServer/]: To change this, set "online-mode" to "true" in the server.properties file.
[01Sep2026 03:16:07.428] [Server thread/WARN] [net.minecraftforge.common.ForgeConfigSpec/CORE]: Configuration file ./world/serverconfig/jei-server.toml is not correct. Correcting
[01Sep2026 03:16:07.429] [Server thread/WARN] [net.minecraftforge.common.ForgeConfigSpec/CORE]: Incorrect key cheat mode was corrected from null to its default, SimpleCommentedConfig:{}. 
[01Sep2026 03:16:07.429] [Server thread/WARN] [net.minecraftforge.common.ForgeConfigSpec/CORE]: Incorrect key cheat mode.enableCheatModeForOp was corrected from null to its default, true. 
[01Sep2026 03:16:07.429] [Server thread/WARN] [net.minecraftforge.common.ForgeConfigSpec/CORE]: Incorrect key cheat mode.enableCheatModeForCreative was corrected from null to its default, true. 
[01Sep2026 03:16:07.429] [Server thread/WARN] [net.minecraftforge.common.ForgeConfigSpec/CORE]: Incorrect key cheat mode.enableCheatModeForGive was corrected from null to its default, false. 
[01Sep2026 03:16:07.430] [Server thread/WARN] [net.minecraftforge.common.ForgeConfigSpec/CORE]: Configuration file ./world/serverconfig/epicfight-server.toml is not correct. Correcting
[01Sep2026 03:16:07.430] [Server thread/WARN] [net.minecraftforge.common.ForgeConfigSpec/CORE]: Incorrect key allow_custom_animations was corrected from null to its default, false. 
[01Sep2026 03:16:07.431] [Server thread/WARN] [net.minecraftforge.common.ForgeConfigSpec/CORE]: Configuration file ./world/serverconfig/sophisticatedbackpacks-server.toml is not correct. Correcting
[01Sep2026 03:16:07.431] [Server thread/WARN] [net.minecraftforge.common.ForgeConfigSpec/CORE]: Incorrect key server was corrected from null to its default, SimpleCommentedConfig:{}. 
[01Sep2026 03:16:07.432] [Server thread/WARN] [net.minecraftforge.common.ForgeConfigSpec/CORE]: Incorrect key server.disallowedItems was corrected from null to its default, []. 
[01Sep2026 03:16:07.432] [Server thread/WARN] [net.minecraftforge.common.ForgeConfigSpec/CORE]: Incorrect key server.containerItemsDisallowed was corrected from null to its default, false. 
[01Sep2026 03:16:07.432] [Server thread/WARN] [net.minecraftforge.common.ForgeConfigSpec/CORE]: Incorrect key server.noInteractionBlocks was corrected from null to its default, []. 
[01Sep2026 03:16:07.432] [Server thread/WARN] [net.minecraftforge.common.ForgeConfigSpec/CORE]: Incorrect key server.noConnectionBlocks was corrected from null to its default, []. 
[01Sep2026 03:16:07.432] [Server thread/WARN] [net.minecraftforge.common.ForgeConfigSpec/CORE]: Incorrect key server.allBlockConnectionsDisallowed was corrected from null to its default, false. 
[01Sep2026 03:16:07.432] [Server thread/WARN] [net.minecraftforge.common.ForgeConfigSpec/CORE]: Incorrect key server.leatherBackpack was corrected from null to its default, SimpleCommentedConfig:{}. 
[01Sep2026 03:16:07.432] [Server thread/WARN] [net.minecraftforge.common.ForgeConfigSpec/CORE]: Incorrect key server.leatherBackpack.inventorySlotCount was corrected from null to its default, 27. 
[01Sep2026 03:16:07.432] [Server thread/WARN] [net.minecraftforge.common.ForgeConfigSpec/CORE]: Incorrect key server.leatherBackpack.upgradeSlotCount was corrected from null to its default, 1. 
[01Sep2026 03:16:07.432] [Server thread/WARN] [net.minecraftforge.common.ForgeConfigSpec/CORE]: Incorrect key server.copperBackpack was corrected from null to its default, SimpleCommentedConfig:{}. 
[01Sep2026 03:16:07.432] [Server thread/WARN] [net.minecraftforge.common.ForgeConfigSpec/CORE]: Incorrect key server.copperBackpack.inventorySlotCount was corrected from null to its default, 45. 
[01Sep2026 03:16:07.432] [Server thread/WARN] [net.minecraftforge.common.ForgeConfigSpec/CORE]: Incorrect key server.copperBackpack.upgradeSlotCount was corrected from null to its default, 1. 
[01Sep2026 03:16:07.433] [Server thread/WARN] [net.minecraftforge.common.ForgeConfigSpec/CORE]: Incorrect key server.ironBackpack was corrected from null to its default, SimpleCommentedConfig:{}. 
[01Sep2026 03:16:07.433] [Server thread/WARN] [net.minecraftforge.common.ForgeConfigSpec/CORE]: Incorrect key server.ironBackpack.inventorySlotCount was corrected from null to its default, 54. 
[01Sep2026 03:16:07.433] [Server thread/WARN] [net.minecraftforge.common.ForgeConfigSpec/CORE]: Incorrect key server.ironBackpack.upgradeSlotCount was corrected from null to its default, 2. 
[01Sep2026 03:16:07.433] [Server thread/WARN] [net.minecraftforge.common.ForgeConfigSpec/CORE]: Incorrect key server.goldBackpack was corrected from null to its default, SimpleCommentedConfig:{}. 
[01Sep2026 03:16:07.433] [Server thread/WARN] [net.minecraftforge.common.ForgeConfigSpec/CORE]: Incorrect key server.goldBackpack.inventorySlotCount was corrected from null to its default, 81. 
[01Sep2026 03:16:07.433] [Server thread/WARN] [net.minecraftforge.common.ForgeConfigSpec/CORE]: Incorrect key server.goldBackpack.upgradeSlotCount was corrected from null to its default, 3. 
[01Sep2026 03:16:07.433] [Server thread/WARN] [net.minecraftforge.common.ForgeConfigSpec/CORE]: Incorrect key server.diamondBackpack was corrected from null to its default, SimpleCommentedConfig:{}. 
[01Sep2026 03:16:07.433] [Server thread/WARN] [net.minecraftforge.common.ForgeConfigSpec/CORE]: Incorrect key server.diamondBackpack.inventorySlotCount was corrected from null to its default, 108. 
[01Sep2026 03:16:07.433] [Server thread/WARN] [net.minecraftforge.common.ForgeConfigSpec/CORE]: Incorrect key server.diamondBackpack.upgradeSlotCount was corrected from null to its default, 5. 
[01Sep2026 03:16:07.433] [Server thread/WARN] [net.minecraftforge.common.ForgeConfigSpec/CORE]: Incorrect key server.netheriteBackpack was corrected from null to its default, SimpleCommentedConfig:{}. 
[01Sep2026 03:16:07.433] [Server thread/WARN] [net.minecraftforge.common.ForgeConfigSpec/CORE]: Incorrect key server.netheriteBackpack.inventorySlotCount was corrected from null to its default, 120. 
[01Sep2026 03:16:07.433] [Server thread/WARN] [net.minecraftforge.common.ForgeConfigSpec/CORE]: Incorrect key server.netheriteBackpack.upgradeSlotCount was corrected from null to its default, 7. 
[01Sep2026 03:16:07.433] [Server thread/WARN] [net.minecraftforge.common.ForgeConfigSpec/CORE]: Incorrect key server.compactingUpgrade was corrected from null to its default, SimpleCommentedConfig:{}. 
[01Sep2026 03:16:07.434] [Server thread/WARN] [net.minecraftforge.common.ForgeConfigSpec/CORE]: Incorrect key server.compactingUpgrade.filterSlots was corrected from null to its default, 9. 
[01Sep2026 03:16:07.434] [Server thread/WARN] [net.minecraftforge.common.ForgeConfigSpec/CORE]: Incorrect key server.compactingUpgrade.slotsInRow was corrected from null to its default, 3. 
[01Sep2026 03:16:07.434] [Server thread/WARN] [net.minecraftforge.common.ForgeConfigSpec/CORE]: Incorrect key server.compactingUpgrade.additionalCompactingShapes was corrected from null to its default, [111/101/111]. 
[01Sep2026 03:16:07.434] [Server thread/WARN] [net.minecraftforge.common.ForgeConfigSpec/CORE]: Incorrect key server.compactingUpgrade.additionalCompactingShapeOverrides was corrected from null to its default, []. 
[01Sep2026 03:16:07.434] [Server thread/WARN] [net.minecraftforge.common.ForgeConfigSpec/CORE]: Incorrect key server.advancedCompactingUpgrade was corrected from null to its default, SimpleCommentedConfig:{}. 
[01Sep2026 03:16:07.434] [Server thread/WARN] [net.minecraftforge.common.ForgeConfigSpec/CORE]: Incorrect key server.advancedCompactingUpgrade.filterSlots was corrected from null to its default, 16. 
[01Sep2026 03:16:07.434] [Server thread/WARN] [net.minecraftforge.common.ForgeConfigSpec/CORE]: Incorrect key server.advancedCompactingUpgrade.slotsInRow was corrected from null to its default, 4. 
[01Sep2026 03:16:07.434] [Server thread/WARN] [net.minecraftforge.common.ForgeConfigSpec/CORE]: Incorrect key server.depositUpgrade was corrected from null to its default, SimpleCommentedConfig:{}. 
[01Sep2026 03:16:07.434] [Server thread/WARN] [net.minecraftforge.common.ForgeConfigSpec/CORE]: Incorrect key server.depositUpgrade.filterSlots was corrected from null to its default, 9. 
[01Sep2026 03:16:07.434] [Server thread/WARN] [net.minecraftforge.common.ForgeConfigSpec/CORE]: Incorrect key server.depositUpgrade.slotsInRow was corrected from null to its default, 3. 
[01Sep2026 03:16:07.434] [Server thread/WARN] [net.minecraftforge.common.ForgeConfigSpec/CORE]: Incorrect key server.advancedDepositUpgrade was corrected from null to its default, SimpleCommentedConfig:{}. 
[01Sep2026 03:16:07.434] [Server thread/WARN] [net.minecraftforge.common.ForgeConfigSpec/CORE]: Incorrect key server.advancedDepositUpgrade.filterSlots was corrected from null to its default, 16. 
[01Sep2026 03:16:07.434] [Server thread/WARN] [net.minecraftforge.common.ForgeConfigSpec/CORE]: Incorrect key server.advancedDepositUpgrade.slotsInRow was corrected from null to its default, 4. 
[01Sep2026 03:16:07.434] [Server thread/WARN] [net.minecraftforge.common.ForgeConfigSpec/CORE]: Incorrect key server.feedingUpgrade was corrected from null to its default, SimpleCommentedConfig:{}. 
[01Sep2026 03:16:07.435] [Server thread/WARN] [net.minecraftforge.common.ForgeConfigSpec/CORE]: Incorrect key server.feedingUpgrade.filterSlots was corrected from null to its default, 9. 
[01Sep2026 03:16:07.435] [Server thread/WARN] [net.minecraftforge.common.ForgeConfigSpec/CORE]: Incorrect key server.feedingUpgrade.slotsInRow was corrected from null to its default, 3. 
[01Sep2026 03:16:07.435] [Server thread/WARN] [net.minecraftforge.common.ForgeConfigSpec/CORE]: Incorrect key server.advancedFeedingUpgrade was corrected from null to its default, SimpleCommentedConfig:{}. 
[01Sep2026 03:16:07.435] [Server thread/WARN] [net.minecraftforge.common.ForgeConfigSpec/CORE]: Incorrect key server.advancedFeedingUpgrade.filterSlots was corrected from null to its default, 16. 
[01Sep2026 03:16:07.435] [Server thread/WARN] [net.minecraftforge.common.ForgeConfigSpec/CORE]: Incorrect key server.advancedFeedingUpgrade.slotsInRow was corrected from null to its default, 4. 
[01Sep2026 03:16:07.435] [Server thread/WARN] [net.minecraftforge.common.ForgeConfigSpec/CORE]: Incorrect key server.filterUpgrade was corrected from null to its default, SimpleCommentedConfig:{}. 
[01Sep2026 03:16:07.435] [Server thread/WARN] [net.minecraftforge.common.ForgeConfigSpec/CORE]: Incorrect key server.filterUpgrade.filterSlots was corrected from null to its default, 9. 
[01Sep2026 03:16:07.435] [Server thread/WARN] [net.minecraftforge.common.ForgeConfigSpec/CORE]: Incorrect key server.filterUpgrade.slotsInRow was corrected from null to its default, 3. 
[01Sep2026 03:16:07.435] [Server thread/WARN] [net.minecraftforge.common.ForgeConfigSpec/CORE]: Incorrect key server.advancedFilterUpgrade was corrected from null to its default, SimpleCommentedConfig:{}. 
[01Sep2026 03:16:07.435] [Server thread/WARN] [net.minecraftforge.common.ForgeConfigSpec/CORE]: Incorrect key server.advancedFilterUpgrade.filterSlots was corrected from null to its default, 16. 
[01Sep2026 03:16:07.435] [Server thread/WARN] [net.minecraftforge.common.ForgeConfigSpec/CORE]: Incorrect key server.advancedFilterUpgrade.slotsInRow was corrected from null to its default, 4. 
[01Sep2026 03:16:07.435] [Server thread/WARN] [net.minecraftforge.common.ForgeConfigSpec/CORE]: Incorrect key server.magnetUpgrade was corrected from null to its default, SimpleCommentedConfig:{}. 
[01Sep2026 03:16:07.435] [Server thread/WARN] [net.minecraftforge.common.ForgeConfigSpec/CORE]: Incorrect key server.magnetUpgrade.filterSlots was corrected from null to its default, 9. 
[01Sep2026 03:16:07.435] [Server thread/WARN] [net.minecraftforge.common.ForgeConfigSpec/CORE]: Incorrect key server.magnetUpgrade.slotsInRow was corrected from null to its default, 3. 
[01Sep2026 03:16:07.436] [Server thread/WARN] [net.minecraftforge.common.ForgeConfigSpec/CORE]: Incorrect key server.magnetUpgrade.magnetRange was corrected from null to its default, 3. 
[01Sep2026 03:16:07.436] [Server thread/WARN] [net.minecraftforge.common.ForgeConfigSpec/CORE]: Incorrect key server.advancedMagnetUpgrade was corrected from null to its default, SimpleCommentedConfig:{}. 
[01Sep2026 03:16:07.436] [Server thread/WARN] [net.minecraftforge.common.ForgeConfigSpec/CORE]: Incorrect key server.advancedMagnetUpgrade.filterSlots was corrected from null to its default, 16. 
[01Sep2026 03:16:07.436] [Server thread/WARN] [net.minecraftforge.common.ForgeConfigSpec/CORE]: Incorrect key server.advancedMagnetUpgrade.slotsInRow was corrected from null to its default, 4. 
[01Sep2026 03:16:07.436] [Server thread/WARN] [net.minecraftforge.common.ForgeConfigSpec/CORE]: Incorrect key server.advancedMagnetUpgrade.magnetRange was corrected from null to its default, 5. 
[01Sep2026 03:16:07.436] [Server thread/WARN] [net.minecraftforge.common.ForgeConfigSpec/CORE]: Incorrect key server.pickupUpgrade was corrected from null to its default, SimpleCommentedConfig:{}. 
[01Sep2026 03:16:07.436] [Server thread/WARN] [net.minecraftforge.common.ForgeConfigSpec/CORE]: Incorrect key server.pickupUpgrade.filterSlots was corrected from null to its default, 9. 
[01Sep2026 03:16:07.436] [Server thread/WARN] [net.minecraftforge.common.ForgeConfigSpec/CORE]: Incorrect key server.pickupUpgrade.slotsInRow was corrected from null to its default, 3. 
[01Sep2026 03:16:07.436] [Server thread/WARN] [net.minecraftforge.common.ForgeConfigSpec/CORE]: Incorrect key server.advancedPickupUpgrade was corrected from null to its default, SimpleCommentedConfig:{}. 
[01Sep2026 03:16:07.436] [Server thread/WARN] [net.minecraftforge.common.ForgeConfigSpec/CORE]: Incorrect key server.advancedPickupUpgrade.filterSlots was corrected from null to its default, 16. 
[01Sep2026 03:16:07.436] [Server thread/WARN] [net.minecraftforge.common.ForgeConfigSpec/CORE]: Incorrect key server.advancedPickupUpgrade.slotsInRow was corrected from null to its default, 4. 
[01Sep2026 03:16:07.436] [Server thread/WARN] [net.minecraftforge.common.ForgeConfigSpec/CORE]: Incorrect key server.refillUpgrade was corrected from null to its default, SimpleCommentedConfig:{}. 
[01Sep2026 03:16:07.436] [Server thread/WARN] [net.minecraftforge.common.ForgeConfigSpec/CORE]: Incorrect key server.refillUpgrade.filterSlots was corrected from null to its default, 6. 
[01Sep2026 03:16:07.436] [Server thread/WARN] [net.minecraftforge.common.ForgeConfigSpec/CORE]: Incorrect key server.refillUpgrade.slotsInRow was corrected from null to its default, 3. 
[01Sep2026 03:16:07.436] [Server thread/WARN] [net.minecraftforge.common.ForgeConfigSpec/CORE]: Incorrect key server.advancedRefillUpgrade was corrected from null to its default, SimpleCommentedConfig:{}. 
[01Sep2026 03:16:07.436] [Server thread/WARN] [net.minecraftforge.common.ForgeConfigSpec/CORE]: Incorrect key server.advancedRefillUpgrade.filterSlots was corrected from null to its default, 12. 
[01Sep2026 03:16:07.437] [Server thread/WARN] [net.minecraftforge.common.ForgeConfigSpec/CORE]: Incorrect key server.advancedRefillUpgrade.slotsInRow was corrected from null to its default, 4. 
[01Sep2026 03:16:07.437] [Server thread/WARN] [net.minecraftforge.common.ForgeConfigSpec/CORE]: Incorrect key server.restockUpgrade was corrected from null to its default, SimpleCommentedConfig:{}. 
[01Sep2026 03:16:07.437] [Server thread/WARN] [net.minecraftforge.common.ForgeConfigSpec/CORE]: Incorrect key server.restockUpgrade.filterSlots was corrected from null to its default, 9. 
[01Sep2026 03:16:07.437] [Server thread/WARN] [net.minecraftforge.common.ForgeConfigSpec/CORE]: Incorrect key server.restockUpgrade.slotsInRow was corrected from null to its default, 3. 
[01Sep2026 03:16:07.437] [Server thread/WARN] [net.minecraftforge.common.ForgeConfigSpec/CORE]: Incorrect key server.advancedRestockUpgrade was corrected from null to its default, SimpleCommentedConfig:{}. 
[01Sep2026 03:16:07.437] [Server thread/WARN] [net.minecraftforge.common.ForgeConfigSpec/CORE]: Incorrect key server.advancedRestockUpgrade.filterSlots was corrected from null to its default, 16. 
[01Sep2026 03:16:07.437] [Server thread/WARN] [net.minecraftforge.common.ForgeConfigSpec/CORE]: Incorrect key server.advancedRestockUpgrade.slotsInRow was corrected from null to its default, 4. 
[01Sep2026 03:16:07.437] [Server thread/WARN] [net.minecraftforge.common.ForgeConfigSpec/CORE]: Incorrect key server.voidUpgrade was corrected from null to its default, SimpleCommentedConfig:{}. 
[01Sep2026 03:16:07.437] [Server thread/WARN] [net.minecraftforge.common.ForgeConfigSpec/CORE]: Incorrect key server.voidUpgrade.filterSlots was corrected from null to its default, 9. 
[01Sep2026 03:16:07.437] [Server thread/WARN] [net.minecraftforge.common.ForgeConfigSpec/CORE]: Incorrect key server.voidUpgrade.slotsInRow was corrected from null to its default, 3. 
[01Sep2026 03:16:07.437] [Server thread/WARN] [net.minecraftforge.common.ForgeConfigSpec/CORE]: Incorrect key server.voidUpgrade.voidAlwaysEnabled was corrected from null to its default, true. 
[01Sep2026 03:16:07.437] [Server thread/WARN] [net.minecraftforge.common.ForgeConfigSpec/CORE]: Incorrect key server.advancedVoidUpgrade was corrected from null to its default, SimpleCommentedConfig:{}. 
[01Sep2026 03:16:07.437] [Server thread/WARN] [net.minecraftforge.common.ForgeConfigSpec/CORE]: Incorrect key server.advancedVoidUpgrade.filterSlots was corrected from null to its default, 16. 
[01Sep2026 03:16:07.437] [Server thread/WARN] [net.minecraftforge.common.ForgeConfigSpec/CORE]: Incorrect key server.advancedVoidUpgrade.slotsInRow was corrected from null to its default, 4. 
[01Sep2026 03:16:07.437] [Server thread/WARN] [net.minecraftforge.common.ForgeConfigSpec/CORE]: Incorrect key server.advancedVoidUpgrade.voidAlwaysEnabled was corrected from null to its default, true. 
[01Sep2026 03:16:07.437] [Server thread/WARN] [net.minecraftforge.common.ForgeConfigSpec/CORE]: Incorrect key server.stackUpgrade was corrected from null to its default, SimpleCommentedConfig:{}. 
[01Sep2026 03:16:07.438] [Server thread/WARN] [net.minecraftforge.common.ForgeConfigSpec/CORE]: Incorrect key server.stackUpgrade.nonStackableItems was corrected from null to its default, [minecraft:bundle, minecraft:shulker_box, minecraft:white_shulker_box, minecraft:orange_shulker_box, minecraft:magenta_shulker_box, minecraft:light_blue_shulker_box, minecraft:yellow_shulker_box, minecraft:lime_shulker_box, minecraft:pink_shulker_box, minecraft:gray_shulker_box, minecraft:light_gray_shulker_box, minecraft:cyan_shulker_box, minecraft:purple_shulker_box, minecraft:blue_shulker_box, minecraft:brown_shulker_box, minecraft:green_shulker_box, minecraft:red_shulker_box, minecraft:black_shulker_box]. 
[01Sep2026 03:16:07.438] [Server thread/WARN] [net.minecraftforge.common.ForgeConfigSpec/CORE]: Incorrect key server.smeltingUpgrade was corrected from null to its default, SimpleCommentedConfig:{}. 
[01Sep2026 03:16:07.438] [Server thread/WARN] [net.minecraftforge.common.ForgeConfigSpec/CORE]: Incorrect key server.smeltingUpgrade.smeltingSpeedMultiplier was corrected from null to its default, 1.0. 
[01Sep2026 03:16:07.438] [Server thread/WARN] [net.minecraftforge.common.ForgeConfigSpec/CORE]: Incorrect key server.smeltingUpgrade.fuelEfficiencyMultiplier was corrected from null to its default, 1.0. 
[01Sep2026 03:16:07.438] [Server thread/WARN] [net.minecraftforge.common.ForgeConfigSpec/CORE]: Incorrect key server.smokingUpgrade was corrected from null to its default, SimpleCommentedConfig:{}. 
[01Sep2026 03:16:07.438] [Server thread/WARN] [net.minecraftforge.common.ForgeConfigSpec/CORE]: Incorrect key server.smokingUpgrade.smeltingSpeedMultiplier was corrected from null to its default, 1.0. 
[01Sep2026 03:16:07.438] [Server thread/WARN] [net.minecraftforge.common.ForgeConfigSpec/CORE]: Incorrect key server.smokingUpgrade.fuelEfficiencyMultiplier was corrected from null to its default, 1.0. 
[01Sep2026 03:16:07.438] [Server thread/WARN] [net.minecraftforge.common.ForgeConfigSpec/CORE]: Incorrect key server.blastingUpgrade was corrected from null to its default, SimpleCommentedConfig:{}. 
[01Sep2026 03:16:07.438] [Server thread/WARN] [net.minecraftforge.common.ForgeConfigSpec/CORE]: Incorrect key server.blastingUpgrade.smeltingSpeedMultiplier was corrected from null to its default, 1.0. 
[01Sep2026 03:16:07.438] [Server thread/WARN] [net.minecraftforge.common.ForgeConfigSpec/CORE]: Incorrect key server.blastingUpgrade.fuelEfficiencyMultiplier was corrected from null to its default, 1.0. 
[01Sep2026 03:16:07.438] [Server thread/WARN] [net.minecraftforge.common.ForgeConfigSpec/CORE]: Incorrect key server.autoSmeltingUpgrade was corrected from null to its default, SimpleCommentedConfig:{}. 
[01Sep2026 03:16:07.438] [Server thread/WARN] [net.minecraftforge.common.ForgeConfigSpec/CORE]: Incorrect key server.autoSmeltingUpgrade.smeltingSpeedMultiplier was corrected from null to its default, 1.0. 
[01Sep2026 03:16:07.438] [Server thread/WARN] [net.minecraftforge.common.ForgeConfigSpec/CORE]: Incorrect key server.autoSmeltingUpgrade.fuelEfficiencyMultiplier was corrected from null to its default, 1.0. 
[01Sep2026 03:16:07.439] [Server thread/WARN] [net.minecraftforge.common.ForgeConfigSpec/CORE]: Incorrect key server.autoSmeltingUpgrade.inputFilterSlots was corrected from null to its default, 8. 
[01Sep2026 03:16:07.439] [Server thread/WARN] [net.minecraftforge.common.ForgeConfigSpec/CORE]: Incorrect key server.autoSmeltingUpgrade.inputFilterSlotsInRow was corrected from null to its default, 4. 
[01Sep2026 03:16:07.439] [Server thread/WARN] [net.minecraftforge.common.ForgeConfigSpec/CORE]: Incorrect key server.autoSmeltingUpgrade.fuelFilterSlots was corrected from null to its default, 4. 
[01Sep2026 03:16:07.439] [Server thread/WARN] [net.minecraftforge.common.ForgeConfigSpec/CORE]: Incorrect key server.autoSmeltingUpgrade.fuelFilterSlotsInRow was corrected from null to its default, 4. 
[01Sep2026 03:16:07.439] [Server thread/WARN] [net.minecraftforge.common.ForgeConfigSpec/CORE]: Incorrect key server.autoSmokingUpgrade was corrected from null to its default, SimpleCommentedConfig:{}. 
[01Sep2026 03:16:07.439] [Server thread/WARN] [net.minecraftforge.common.ForgeConfigSpec/CORE]: Incorrect key server.autoSmokingUpgrade.smeltingSpeedMultiplier was corrected from null to its default, 1.0. 
[01Sep2026 03:16:07.439] [Server thread/WARN] [net.minecraftforge.common.ForgeConfigSpec/CORE]: Incorrect key server.autoSmokingUpgrade.fuelEfficiencyMultiplier was corrected from null to its default, 1.0. 
[01Sep2026 03:16:07.439] [Server thread/WARN] [net.minecraftforge.common.ForgeConfigSpec/CORE]: Incorrect key server.autoSmokingUpgrade.inputFilterSlots was corrected from null to its default, 8. 
[01Sep2026 03:16:07.439] [Server thread/WARN] [net.minecraftforge.common.ForgeConfigSpec/CORE]: Incorrect key server.autoSmokingUpgrade.inputFilterSlotsInRow was corrected from null to its default, 4. 
[01Sep2026 03:16:07.439] [Server thread/WARN] [net.minecraftforge.common.ForgeConfigSpec/CORE]: Incorrect key server.autoSmokingUpgrade.fuelFilterSlots was corrected from null to its default, 4. 
[01Sep2026 03:16:07.439] [Server thread/WARN] [net.minecraftforge.common.ForgeConfigSpec/CORE]: Incorrect key server.autoSmokingUpgrade.fuelFilterSlotsInRow was corrected from null to its default, 4. 
[01Sep2026 03:16:07.439] [Server thread/WARN] [net.minecraftforge.common.ForgeConfigSpec/CORE]: Incorrect key server.autoBlastingUpgrade was corrected from null to its default, SimpleCommentedConfig:{}. 
[01Sep2026 03:16:07.439] [Server thread/WARN] [net.minecraftforge.common.ForgeConfigSpec/CORE]: Incorrect key server.autoBlastingUpgrade.smeltingSpeedMultiplier was corrected from null to its default, 1.0. 
[01Sep2026 03:16:07.439] [Server thread/WARN] [net.minecraftforge.common.ForgeConfigSpec/CORE]: Incorrect key server.autoBlastingUpgrade.fuelEfficiencyMultiplier was corrected from null to its default, 1.0. 
[01Sep2026 03:16:07.439] [Server thread/WARN] [net.minecraftforge.common.ForgeConfigSpec/CORE]: Incorrect key server.autoBlastingUpgrade.inputFilterSlots was corrected from null to its default, 8. 
[01Sep2026 03:16:07.440] [Server thread/WARN] [net.minecraftforge.common.ForgeConfigSpec/CORE]: Incorrect key server.autoBlastingUpgrade.inputFilterSlotsInRow was corrected from null to its default, 4. 
[01Sep2026 03:16:07.440] [Server thread/WARN] [net.minecraftforge.common.ForgeConfigSpec/CORE]: Incorrect key server.autoBlastingUpgrade.fuelFilterSlots was corrected from null to its default, 4. 
[01Sep2026 03:16:07.440] [Server thread/WARN] [net.minecraftforge.common.ForgeConfigSpec/CORE]: Incorrect key server.autoBlastingUpgrade.fuelFilterSlotsInRow was corrected from null to its default, 4. 
[01Sep2026 03:16:07.440] [Server thread/WARN] [net.minecraftforge.common.ForgeConfigSpec/CORE]: Incorrect key server.inceptionUpgrade was corrected from null to its default, SimpleCommentedConfig:{}. 
[01Sep2026 03:16:07.440] [Server thread/WARN] [net.minecraftforge.common.ForgeConfigSpec/CORE]: Incorrect key server.inceptionUpgrade.upgradesUseInventoriesOfBackpacksInBackpack was corrected from null to its default, true. 
[01Sep2026 03:16:07.440] [Server thread/WARN] [net.minecraftforge.common.ForgeConfigSpec/CORE]: Incorrect key server.inceptionUpgrade.upgradesInContainedBackpacksAreFunctional was corrected from null to its default, true. 
[01Sep2026 03:16:07.440] [Server thread/WARN] [net.minecraftforge.common.ForgeConfigSpec/CORE]: Incorrect key server.toolSwapperUpgrade was corrected from null to its default, SimpleCommentedConfig:{}. 
[01Sep2026 03:16:07.440] [Server thread/WARN] [net.minecraftforge.common.ForgeConfigSpec/CORE]: Incorrect key server.toolSwapperUpgrade.filterSlots was corrected from null to its default, 8. 
[01Sep2026 03:16:07.440] [Server thread/WARN] [net.minecraftforge.common.ForgeConfigSpec/CORE]: Incorrect key server.toolSwapperUpgrade.slotsInRow was corrected from null to its default, 4. 
[01Sep2026 03:16:07.440] [Server thread/WARN] [net.minecraftforge.common.ForgeConfigSpec/CORE]: Incorrect key server.tankUpgrade was corrected from null to its default, SimpleCommentedConfig:{}. 
[01Sep2026 03:16:07.440] [Server thread/WARN] [net.minecraftforge.common.ForgeConfigSpec/CORE]: Incorrect key server.tankUpgrade.capacityPerSlotRow was corrected from null to its default, 4000. 
[01Sep2026 03:16:07.440] [Server thread/WARN] [net.minecraftforge.common.ForgeConfigSpec/CORE]: Incorrect key server.tankUpgrade.stackMultiplierRatio was corrected from null to its default, 1.0. 
[01Sep2026 03:16:07.440] [Server thread/WARN] [net.minecraftforge.common.ForgeConfigSpec/CORE]: Incorrect key server.tankUpgrade.autoFillDrainContainerCooldown was corrected from null to its default, 20. 
[01Sep2026 03:16:07.440] [Server thread/WARN] [net.minecraftforge.common.ForgeConfigSpec/CORE]: Incorrect key server.tankUpgrade.maxInputOutput was corrected from null to its default, 20. 
[01Sep2026 03:16:07.441] [Server thread/WARN] [net.minecraftforge.common.ForgeConfigSpec/CORE]: Incorrect key server.batteryUpgrade was corrected from null to its default, SimpleCommentedConfig:{}. 
[01Sep2026 03:16:07.441] [Server thread/WARN] [net.minecraftforge.common.ForgeConfigSpec/CORE]: Incorrect key server.batteryUpgrade.energyPerSlotRow was corrected from null to its default, 10000. 
[01Sep2026 03:16:07.441] [Server thread/WARN] [net.minecraftforge.common.ForgeConfigSpec/CORE]: Incorrect key server.batteryUpgrade.stackMultiplierRatio was corrected from null to its default, 1.0. 
[01Sep2026 03:16:07.441] [Server thread/WARN] [net.minecraftforge.common.ForgeConfigSpec/CORE]: Incorrect key server.batteryUpgrade.maxInputOutput was corrected from null to its default, 20. 
[01Sep2026 03:16:07.441] [Server thread/WARN] [net.minecraftforge.common.ForgeConfigSpec/CORE]: Incorrect key server.pumpUpgrade was corrected from null to its default, SimpleCommentedConfig:{}. 
[01Sep2026 03:16:07.441] [Server thread/WARN] [net.minecraftforge.common.ForgeConfigSpec/CORE]: Incorrect key server.pumpUpgrade.filterSlots was corrected from null to its default, 4. 
[01Sep2026 03:16:07.441] [Server thread/WARN] [net.minecraftforge.common.ForgeConfigSpec/CORE]: Incorrect key server.pumpUpgrade.maxInputOutput was corrected from null to its default, 20. 
[01Sep2026 03:16:07.441] [Server thread/WARN] [net.minecraftforge.common.ForgeConfigSpec/CORE]: Incorrect key server.pumpUpgrade.stackMultiplierRatio was corrected from null to its default, 1.0. 
[01Sep2026 03:16:07.441] [Server thread/WARN] [net.minecraftforge.common.ForgeConfigSpec/CORE]: Incorrect key server.xpPumpUpgrade was corrected from null to its default, SimpleCommentedConfig:{}. 
[01Sep2026 03:16:07.441] [Server thread/WARN] [net.minecraftforge.common.ForgeConfigSpec/CORE]: Incorrect key server.xpPumpUpgrade.mendingOn was corrected from null to its default, true. 
[01Sep2026 03:16:07.441] [Server thread/WARN] [net.minecraftforge.common.ForgeConfigSpec/CORE]: Incorrect key server.xpPumpUpgrade.maxXpPointsPerMending was corrected from null to its default, 5. 
[01Sep2026 03:16:07.441] [Server thread/WARN] [net.minecraftforge.common.ForgeConfigSpec/CORE]: Incorrect key server.advancedJukeboxUpgrade was corrected from null to its default, SimpleCommentedConfig:{}. 
[01Sep2026 03:16:07.441] [Server thread/WARN] [net.minecraftforge.common.ForgeConfigSpec/CORE]: Incorrect key server.advancedJukeboxUpgrade.numberOfSlots was corrected from null to its default, 12. 
[01Sep2026 03:16:07.441] [Server thread/WARN] [net.minecraftforge.common.ForgeConfigSpec/CORE]: Incorrect key server.advancedJukeboxUpgrade.slotsInRow was corrected from null to its default, 4. 
[01Sep2026 03:16:07.441] [Server thread/WARN] [net.minecraftforge.common.ForgeConfigSpec/CORE]: Incorrect key server.alchemyUpgrade was corrected from null to its default, SimpleCommentedConfig:{}. 
[01Sep2026 03:16:07.441] [Server thread/WARN] [net.minecraftforge.common.ForgeConfigSpec/CORE]: Incorrect key server.alchemyUpgrade.filterSlots was corrected from null to its default, 4. 
[01Sep2026 03:16:07.441] [Server thread/WARN] [net.minecraftforge.common.ForgeConfigSpec/CORE]: Incorrect key server.advancedAlchemyUpgrade was corrected from null to its default, SimpleCommentedConfig:{}. 
[01Sep2026 03:16:07.441] [Server thread/WARN] [net.minecraftforge.common.ForgeConfigSpec/CORE]: Incorrect key server.advancedAlchemyUpgrade.filterSlots was corrected from null to its default, 8. 
[01Sep2026 03:16:07.442] [Server thread/WARN] [net.minecraftforge.common.ForgeConfigSpec/CORE]: Incorrect key server.mobCatcherUpgrade was corrected from null to its default, SimpleCommentedConfig:{}. 
[01Sep2026 03:16:07.442] [Server thread/WARN] [net.minecraftforge.common.ForgeConfigSpec/CORE]: Incorrect key server.mobCatcherUpgrade.basicMaxSlotCost was corrected from null to its default, 18. 
[01Sep2026 03:16:07.442] [Server thread/WARN] [net.minecraftforge.common.ForgeConfigSpec/CORE]: Incorrect key server.mobCatcherUpgrade.advancedMaxSlotCost was corrected from null to its default, 72. 
[01Sep2026 03:16:07.442] [Server thread/WARN] [net.minecraftforge.common.ForgeConfigSpec/CORE]: Incorrect key server.mobCatcherUpgrade.animalMultiplier was corrected from null to its default, 1.0. 
[01Sep2026 03:16:07.442] [Server thread/WARN] [net.minecraftforge.common.ForgeConfigSpec/CORE]: Incorrect key server.mobCatcherUpgrade.hostileMultiplier was corrected from null to its default, 2.0. 
[01Sep2026 03:16:07.442] [Server thread/WARN] [net.minecraftforge.common.ForgeConfigSpec/CORE]: Incorrect key server.mobCatcherUpgrade.disallowInventoryEntities was corrected from null to its default, false. 
[01Sep2026 03:16:07.442] [Server thread/WARN] [net.minecraftforge.common.ForgeConfigSpec/CORE]: Incorrect key server.mobCatcherUpgrade.entityBlockList was corrected from null to its default, [minecraft:wither]. 
[01Sep2026 03:16:07.442] [Server thread/WARN] [net.minecraftforge.common.ForgeConfigSpec/CORE]: Incorrect key server.mobCatcherUpgrade.hostileOverrides was corrected from null to its default, [minecraft:enderman]. 
[01Sep2026 03:16:07.442] [Server thread/WARN] [net.minecraftforge.common.ForgeConfigSpec/CORE]: Incorrect key server.mobCatcherUpgrade.passiveOverrides was corrected from null to its default, [minecraft:villager]. 
[01Sep2026 03:16:07.442] [Server thread/WARN] [net.minecraftforge.common.ForgeConfigSpec/CORE]: Incorrect key server.entityBackpackAdditions was corrected from null to its default, SimpleCommentedConfig:{}. 
[01Sep2026 03:16:07.442] [Server thread/WARN] [net.minecraftforge.common.ForgeConfigSpec/CORE]: Incorrect key server.entityBackpackAdditions.chance was corrected from null to its default, 0.01. 
[01Sep2026 03:16:07.442] [Server thread/WARN] [net.minecraftforge.common.ForgeConfigSpec/CORE]: Incorrect key server.entityBackpackAdditions.addLoot was corrected from null to its default, true. 
[01Sep2026 03:16:07.442] [Server thread/WARN] [net.minecraftforge.common.ForgeConfigSpec/CORE]: Incorrect key server.entityBackpackAdditions.buffWithPotionEffects was corrected from null to its default, true. 
[01Sep2026 03:16:07.442] [Server thread/WARN] [net.minecraftforge.common.ForgeConfigSpec/CORE]: Incorrect key server.entityBackpackAdditions.buffHealth was corrected from null to its default, true. 
[01Sep2026 03:16:07.442] [Server thread/WARN] [net.minecraftforge.common.ForgeConfigSpec/CORE]: Incorrect key server.entityBackpackAdditions.equipWithArmor was corrected from null to its default, true. 
[01Sep2026 03:16:07.443] [Server thread/WARN] [net.minecraftforge.common.ForgeConfigSpec/CORE]: Incorrect key server.entityBackpackAdditions.entityLootTableList was corrected from null to its default, [minecraft:creeper|minecraft:chests/desert_pyramid, minecraft:drowned|minecraft:chests/shipwreck_treasure, minecraft:enderman|minecraft:chests/end_city_treasure, minecraft:evoker|minecraft:chests/woodland_mansion, minecraft:husk|minecraft:chests/desert_pyramid, minecraft:piglin|minecraft:chests/bastion_bridge, minecraft:piglin_brute|minecraft:chests/bastion_treasure, minecraft:pillager|minecraft:chests/pillager_outpost, minecraft:skeleton|minecraft:chests/simple_dungeon, minecraft:stray|minecraft:chests/igloo_chest, minecraft:vex|minecraft:chests/woodland_mansion, minecraft:vindicator|minecraft:chests/woodland_mansion, minecraft:witch|minecraft:chests/buried_treasure, minecraft:wither_skeleton|minecraft:chests/nether_bridge, minecraft:zombie|minecraft:chests/simple_dungeon, minecraft:zombie_villager|minecraft:chests/village/village_armorer, minecraft:zombified_piglin|minecraft:chests/bastion_other]. 
[01Sep2026 03:16:07.443] [Server thread/WARN] [net.minecraftforge.common.ForgeConfigSpec/CORE]: Incorrect key server.entityBackpackAdditions.discBlockList was corrected from null to its default, [botania:record_gaia_1, botania:record_gaia_2]. 
[01Sep2026 03:16:07.443] [Server thread/WARN] [net.minecraftforge.common.ForgeConfigSpec/CORE]: Incorrect key server.entityBackpackAdditions.playJukebox was corrected from null to its default, true. 
[01Sep2026 03:16:07.443] [Server thread/WARN] [net.minecraftforge.common.ForgeConfigSpec/CORE]: Incorrect key server.entityBackpackAdditions.dropToFakePlayers was corrected from null to its default, false. 
[01Sep2026 03:16:07.443] [Server thread/WARN] [net.minecraftforge.common.ForgeConfigSpec/CORE]: Incorrect key server.entityBackpackAdditions.backpackDropChance was corrected from null to its default, 0.5. 
[01Sep2026 03:16:07.443] [Server thread/WARN] [net.minecraftforge.common.ForgeConfigSpec/CORE]: Incorrect key server.entityBackpackAdditions.lootingChanceIncreasePerLevel was corrected from null to its default, 0.15. 
[01Sep2026 03:16:07.443] [Server thread/WARN] [net.minecraftforge.common.ForgeConfigSpec/CORE]: Incorrect key server.entityBackpackAdditions.leatherWeight was corrected from null to its default, 625. 
[01Sep2026 03:16:07.443] [Server thread/WARN] [net.minecraftforge.common.ForgeConfigSpec/CORE]: Incorrect key server.entityBackpackAdditions.copperWeight was corrected from null to its default, 250. 
[01Sep2026 03:16:07.443] [Server thread/WARN] [net.minecraftforge.common.ForgeConfigSpec/CORE]: Incorrect key server.entityBackpackAdditions.ironWeight was corrected from null to its default, 125. 
[01Sep2026 03:16:07.443] [Server thread/WARN] [net.minecraftforge.common.ForgeConfigSpec/CORE]: Incorrect key server.entityBackpackAdditions.goldWeight was corrected from null to its default, 25. 
[01Sep2026 03:16:07.443] [Server thread/WARN] [net.minecraftforge.common.ForgeConfigSpec/CORE]: Incorrect key server.entityBackpackAdditions.diamondWeight was corrected from null to its default, 5. 
[01Sep2026 03:16:07.443] [Server thread/WARN] [net.minecraftforge.common.ForgeConfigSpec/CORE]: Incorrect key server.entityBackpackAdditions.netheriteWeight was corrected from null to its default, 1. 
[01Sep2026 03:16:07.443] [Server thread/WARN] [net.minecraftforge.common.ForgeConfigSpec/CORE]: Incorrect key server.entityBackpackAdditions.minBackpackTierMidDifficulty was corrected from null to its default, 1. 
[01Sep2026 03:16:07.443] [Server thread/WARN] [net.minecraftforge.common.ForgeConfigSpec/CORE]: Incorrect key server.entityBackpackAdditions.minBackpackTierHighDifficulty was corrected from null to its default, 2. 
[01Sep2026 03:16:07.443] [Server thread/WARN] [net.minecraftforge.common.ForgeConfigSpec/CORE]: Incorrect key server.entityBackpackAdditions.localDifficultyEffectsBackpackSpawns was corrected from null to its default, true. 
[01Sep2026 03:16:07.444] [Server thread/WARN] [net.minecraftforge.common.ForgeConfigSpec/CORE]: Incorrect key server.nerfs was corrected from null to its default, SimpleCommentedConfig:{}. 
[01Sep2026 03:16:07.444] [Server thread/WARN] [net.minecraftforge.common.ForgeConfigSpec/CORE]: Incorrect key server.nerfs.tooManyBackpacksSlowness was corrected from null to its default, false. 
[01Sep2026 03:16:07.444] [Server thread/WARN] [net.minecraftforge.common.ForgeConfigSpec/CORE]: Incorrect key server.nerfs.maxNumberOfBackpacks was corrected from null to its default, 3. 
[01Sep2026 03:16:07.444] [Server thread/WARN] [net.minecraftforge.common.ForgeConfigSpec/CORE]: Incorrect key server.nerfs.slownessLevelsPerAdditionalBackpack was corrected from null to its default, 1.0. 
[01Sep2026 03:16:07.444] [Server thread/WARN] [net.minecraftforge.common.ForgeConfigSpec/CORE]: Incorrect key server.nerfs.onlyWornBackpackTriggersUpgrades was corrected from null to its default, false. 
[01Sep2026 03:16:07.444] [Server thread/WARN] [net.minecraftforge.common.ForgeConfigSpec/CORE]: Incorrect key server.nerfs.nerfEffect was corrected from null to its default, minecraft:slowness. 
[01Sep2026 03:16:07.444] [Server thread/WARN] [net.minecraftforge.common.ForgeConfigSpec/CORE]: Incorrect key server.maxUpgradesPerStorage was corrected from null to its default, [stack_upgrades|3, furnace_upgrades|1, jukebox_upgrades|1]. 
[01Sep2026 03:16:07.444] [Server thread/WARN] [net.minecraftforge.common.ForgeConfigSpec/CORE]: Incorrect key server.itemFluidHandlerEnabled was corrected from null to its default, true. 
[01Sep2026 03:16:07.444] [Server thread/WARN] [net.minecraftforge.common.ForgeConfigSpec/CORE]: Incorrect key server.allowOpeningOtherPlayerBackpacks was corrected from null to its default, true. 
[01Sep2026 03:16:07.444] [Server thread/WARN] [net.minecraftforge.common.ForgeConfigSpec/CORE]: Incorrect key server.itemDisplayDisabled was corrected from null to its default, false. 
[01Sep2026 03:16:07.444] [Server thread/WARN] [net.minecraftforge.common.ForgeConfigSpec/CORE]: Incorrect key server.tickDedupeLogicDisabled was corrected from null to its default, false. 
[01Sep2026 03:16:07.444] [Server thread/WARN] [net.minecraftforge.common.ForgeConfigSpec/CORE]: Incorrect key server.canBePlacedInContainerItems was corrected from null to its default, false. 
[01Sep2026 03:16:07.446] [Server thread/WARN] [net.minecraftforge.common.ForgeConfigSpec/CORE]: Configuration file ./world/serverconfig/forge-server.toml is not correct. Correcting
[01Sep2026 03:16:07.446] [Server thread/WARN] [net.minecraftforge.common.ForgeConfigSpec/CORE]: Incorrect key server was corrected from null to its default, SimpleCommentedConfig:{}. 
[01Sep2026 03:16:07.446] [Server thread/WARN] [net.minecraftforge.common.ForgeConfigSpec/CORE]: Incorrect key server.removeErroringBlockEntities was corrected from null to its default, false. 
[01Sep2026 03:16:07.446] [Server thread/WARN] [net.minecraftforge.common.ForgeConfigSpec/CORE]: Incorrect key server.removeErroringEntities was corrected from null to its default, false. 
[01Sep2026 03:16:07.446] [Server thread/WARN] [net.minecraftforge.common.ForgeConfigSpec/CORE]: Incorrect key server.fullBoundingBoxLadders was corrected from null to its default, false. 
[01Sep2026 03:16:07.447] [Server thread/WARN] [net.minecraftforge.common.ForgeConfigSpec/CORE]: Incorrect key server.zombieBaseSummonChance was corrected from null to its default, 0.1. 
[01Sep2026 03:16:07.447] [Server thread/WARN] [net.minecraftforge.common.ForgeConfigSpec/CORE]: Incorrect key server.zombieBabyChance was corrected from null to its default, 0.05. 
[01Sep2026 03:16:07.447] [Server thread/WARN] [net.minecraftforge.common.ForgeConfigSpec/CORE]: Incorrect key server.permissionHandler was corrected from null to its default, forge:default_handler. 
[01Sep2026 03:16:07.447] [Server thread/WARN] [net.minecraftforge.common.ForgeConfigSpec/CORE]: Incorrect key server.advertiseDedicatedServerToLan was corrected from null to its default, true. 
[01Sep2026 03:16:07.447] [Server thread/WARN] [net.minecraftforge.common.ForgeConfigSpec/CORE]: Incorrect key server.useItemWithDurationZero was corrected from null to its default, false. 
[01Sep2026 03:16:07.448] [Server thread/WARN] [net.minecraftforge.common.ForgeConfigSpec/CORE]: Configuration file ./world/serverconfig/curios-server.toml is not correct. Correcting
[01Sep2026 03:16:07.448] [Server thread/WARN] [net.minecraftforge.common.ForgeConfigSpec/CORE]: Incorrect key keepCurios was corrected from null to its default, DEFAULT. 
[01Sep2026 03:16:07.449] [Server thread/WARN] [net.minecraftforge.common.ForgeConfigSpec/CORE]: Incorrect key menu was corrected from null to its default, SimpleCommentedConfig:{}. 
[01Sep2026 03:16:07.449] [Server thread/WARN] [net.minecraftforge.common.ForgeConfigSpec/CORE]: Incorrect key menu.enableLegacyMenu was corrected from null to its default, false. 
[01Sep2026 03:16:07.449] [Server thread/WARN] [net.minecraftforge.common.ForgeConfigSpec/CORE]: Incorrect key menu.experimental was corrected from null to its default, SimpleCommentedConfig:{}. 
[01Sep2026 03:16:07.449] [Server thread/WARN] [net.minecraftforge.common.ForgeConfigSpec/CORE]: Incorrect key menu.experimental.minimumColumns was corrected from null to its default, 1. 
[01Sep2026 03:16:07.449] [Server thread/WARN] [net.minecraftforge.common.ForgeConfigSpec/CORE]: Incorrect key menu.experimental.maxSlotsPerPage was corrected from null to its default, 48. 
[01Sep2026 03:16:07.449] [Server thread/WARN] [net.minecraftforge.common.ForgeConfigSpec/CORE]: Configuration file ./world/serverconfig/irons_spellbooks-server.toml is not correct. Correcting
[01Sep2026 03:16:07.449] [Server thread/WARN] [net.minecraftforge.common.ForgeConfigSpec/CORE]: Incorrect key Blocks was corrected from null to its default, SimpleCommentedConfig:{}. 
[01Sep2026 03:16:07.449] [Server thread/WARN] [net.minecraftforge.common.ForgeConfigSpec/CORE]: Incorrect key Blocks.portalFrameRestrictDye was corrected from null to its default, true. 
[01Sep2026 03:16:07.450] [Server thread/WARN] [net.minecraftforge.common.ForgeConfigSpec/CORE]: Incorrect key Blocks.portalFrameRestrictBreaking was corrected from null to its default, false. 
[01Sep2026 03:16:07.450] [Server thread/WARN] [net.minecraftforge.common.ForgeConfigSpec/CORE]: Incorrect key Misc was corrected from null to its default, SimpleCommentedConfig:{}. 
[01Sep2026 03:16:07.450] [Server thread/WARN] [net.minecraftforge.common.ForgeConfigSpec/CORE]: Incorrect key Misc.rarityConfig was corrected from null to its default, [0.3, 0.25, 0.2, 0.15, 0.1]. 
[01Sep2026 03:16:07.450] [Server thread/WARN] [net.minecraftforge.common.ForgeConfigSpec/CORE]: Incorrect key Misc.swordsConsumeMana was corrected from null to its default, true. 
[01Sep2026 03:16:07.450] [Server thread/WARN] [net.minecraftforge.common.ForgeConfigSpec/CORE]: Incorrect key Misc.swordsCooldownMultiplier was corrected from null to its default, 0.5. 
[01Sep2026 03:16:07.450] [Server thread/WARN] [net.minecraftforge.common.ForgeConfigSpec/CORE]: Incorrect key Misc.canAttackOwnSummons was corrected from null to its default, false. 
[01Sep2026 03:16:07.450] [Server thread/WARN] [net.minecraftforge.common.ForgeConfigSpec/CORE]: Incorrect key Misc.maxUpgrades was corrected from null to its default, 3. 
[01Sep2026 03:16:07.450] [Server thread/WARN] [net.minecraftforge.common.ForgeConfigSpec/CORE]: Incorrect key Misc.manaSpawnPercent was corrected from null to its default, 0.0. 
[01Sep2026 03:16:07.450] [Server thread/WARN] [net.minecraftforge.common.ForgeConfigSpec/CORE]: Incorrect key Misc.scrollRecycleChance was corrected from null to its default, 0.5. 
[01Sep2026 03:16:07.450] [Server thread/WARN] [net.minecraftforge.common.ForgeConfigSpec/CORE]: Incorrect key Misc.allowCauldronBrewing was corrected from null to its default, true. 
[01Sep2026 03:16:07.450] [Server thread/WARN] [net.minecraftforge.common.ForgeConfigSpec/CORE]: Incorrect key Misc.furledMapSkipsExistingChunks was corrected from null to its default, true. 
[01Sep2026 03:16:07.450] [Server thread/WARN] [net.minecraftforge.common.ForgeConfigSpec/CORE]: Incorrect key Misc.applyAllMultihandAttributes was corrected from null to its default, true. 
[01Sep2026 03:16:07.450] [Server thread/WARN] [net.minecraftforge.common.ForgeConfigSpec/CORE]: Incorrect key Misc.betterCreeperThunderHit was corrected from null to its default, true. 
[01Sep2026 03:16:07.450] [Server thread/WARN] [net.minecraftforge.common.ForgeConfigSpec/CORE]: Incorrect key Misc.spellGriefing was corrected from null to its default, false. 
[01Sep2026 03:16:07.451] [Server thread/WARN] [net.minecraftforge.common.ForgeConfigSpec/CORE]: Incorrect key Misc.additionalWanderingTraderTrades was corrected from null to its default, true. 
[01Sep2026 03:16:07.451] [Server thread/WARN] [net.minecraftforge.common.ForgeConfigSpec/CORE]: Incorrect key Misc.disableAdventureModeCasting was corrected from null to its default, false. 
[01Sep2026 03:16:07.451] [Server thread/WARN] [net.minecraftforge.common.ForgeConfigSpec/CORE]: Incorrect key Misc.hoglinOffspringProtection was corrected from null to its default, true. 
[01Sep2026 03:16:07.451] [Server thread/WARN] [net.minecraftforge.common.ForgeConfigSpec/CORE]: Incorrect key Misc.manaRegenMultiplier was corrected from null to its default, 1.0. 
[01Sep2026 03:16:07.451] [Server thread/WARN] [net.minecraftforge.common.ForgeConfigSpec/CORE]: Incorrect key Misc.scrollMerging was corrected from null to its default, true. 
[01Sep2026 03:16:07.451] [Server thread/WARN] [net.minecraftforge.common.ForgeConfigSpec/CORE]: Incorrect key Misc.creativeMana was corrected from null to its default, false. 
[01Sep2026 03:16:07.451] [Server thread/WARN] [net.minecraftforge.common.ForgeConfigSpec/CORE]: Incorrect key Misc.creativeCooldowns was corrected from null to its default, false. 
[01Sep2026 03:16:07.451] [Server thread/WARN] [net.minecraftforge.common.ForgeConfigSpec/CORE]: Incorrect key Upgrade Overrides was corrected from null to its default, SimpleCommentedConfig:{}. 
[01Sep2026 03:16:07.451] [Server thread/WARN] [net.minecraftforge.common.ForgeConfigSpec/CORE]: Incorrect key Upgrade Overrides.upgradeWhitelist was corrected from null to its default, []. 
[01Sep2026 03:16:07.451] [Server thread/WARN] [net.minecraftforge.common.ForgeConfigSpec/CORE]: Incorrect key Upgrade Overrides.upgradeBlacklist was corrected from null to its default, []. 
[01Sep2026 03:16:07.451] [Server thread/WARN] [net.minecraftforge.common.ForgeConfigSpec/CORE]: Incorrect key Imbue Overrides was corrected from null to its default, SimpleCommentedConfig:{}. 
[01Sep2026 03:16:07.451] [Server thread/WARN] [net.minecraftforge.common.ForgeConfigSpec/CORE]: Incorrect key Imbue Overrides.imbueWhitelist was corrected from null to its default, []. 
[01Sep2026 03:16:07.451] [Server thread/WARN] [net.minecraftforge.common.ForgeConfigSpec/CORE]: Incorrect key Imbue Overrides.imbueBlacklist was corrected from null to its default, []. 
[01Sep2026 03:16:07.452] [Server thread/WARN] [net.minecraftforge.common.ForgeConfigSpec/CORE]: Incorrect key Worldgen was corrected from null to its default, SimpleCommentedConfig:{}. 
[01Sep2026 03:16:07.452] [Server thread/WARN] [net.minecraftforge.common.ForgeConfigSpec/CORE]: Incorrect key Worldgen.priestHouseWeight was corrected from null to its default, 4. 
[01Sep2026 03:16:07.452] [Server thread/WARN] [net.minecraftforge.common.ForgeConfigSpec/CORE]: Incorrect key Worldgen.aquiferDetection was corrected from null to its default, true. 
[01Sep2026 03:16:07.452] [Server thread/WARN] [net.minecraftforge.common.ForgeConfigSpec/CORE]: Incorrect key Worldgen.iceSpiderPatrols was corrected from null to its default, true. 
[01Sep2026 03:16:07.452] [Server thread/WARN] [net.minecraftforge.common.ForgeConfigSpec/CORE]: Incorrect key Boss Config was corrected from null to its default, SimpleCommentedConfig:{}. 
[01Sep2026 03:16:07.452] [Server thread/WARN] [net.minecraftforge.common.ForgeConfigSpec/CORE]: Incorrect key Boss Config.Tyros was corrected from null to its default, SimpleCommentedConfig:{}. 
[01Sep2026 03:16:07.452] [Server thread/WARN] [net.minecraftforge.common.ForgeConfigSpec/CORE]: Incorrect key Boss Config.Tyros.additionalHealth was corrected from null to its default, 0.0. 
[01Sep2026 03:16:07.452] [Server thread/WARN] [net.minecraftforge.common.ForgeConfigSpec/CORE]: Incorrect key Boss Config.Tyros.additionalAttackDamage was corrected from null to its default, 0.0. 
[01Sep2026 03:16:07.452] [Server thread/WARN] [net.minecraftforge.common.ForgeConfigSpec/CORE]: Incorrect key Boss Config.Tyros.additionalSpellPower was corrected from null to its default, 0.0. 
[01Sep2026 03:16:07.452] [Server thread/WARN] [net.minecraftforge.common.ForgeConfigSpec/CORE]: Incorrect key Boss Config.Tyros.tyrosOminousEnabled was corrected from null to its default, false. 
[01Sep2026 03:16:07.452] [Server thread/WARN] [net.minecraftforge.common.ForgeConfigSpec/CORE]: Incorrect key Boss Config.Dead King was corrected from null to its default, SimpleCommentedConfig:{}. 
[01Sep2026 03:16:07.452] [Server thread/WARN] [net.minecraftforge.common.ForgeConfigSpec/CORE]: Incorrect key Boss Config.Dead King.additionalHealth was corrected from null to its default, 0.0. 
[01Sep2026 03:16:07.452] [Server thread/WARN] [net.minecraftforge.common.ForgeConfigSpec/CORE]: Incorrect key Boss Config.Dead King.additionalAttackDamage was corrected from null to its default, 0.0. 
[01Sep2026 03:16:07.452] [Server thread/WARN] [net.minecraftforge.common.ForgeConfigSpec/CORE]: Incorrect key Boss Config.Dead King.additionalSpellPower was corrected from null to its default, 0.0. 
[01Sep2026 03:16:07.453] [Server thread/INFO] [net.minecraftforge.fml.config.ConfigFileTypeHandler/CONFIG]: Loading default config file from path /tmp/rallous-smoke-039/defaultconfigs/vassalsuzerain-server.toml
[01Sep2026 03:16:07.453] [Server thread/WARN] [net.minecraftforge.common.ForgeConfigSpec/CORE]: Configuration file ./world/serverconfig/vassalsuzerain-server.toml is not correct. Correcting
[01Sep2026 03:16:07.454] [Server thread/INFO] [net.minecraftforge.fml.config.ConfigFileTypeHandler/CONFIG]: Loading default config file from path /tmp/rallous-smoke-039/defaultconfigs/recruits-server.toml
[01Sep2026 03:16:07.455] [Server thread/WARN] [net.minecraftforge.common.ForgeConfigSpec/CORE]: Configuration file ./world/serverconfig/recruits-server.toml is not correct. Correcting
[01Sep2026 03:16:07.455] [Server thread/WARN] [net.minecraftforge.common.ForgeConfigSpec/CORE]: Incorrect key Recruits.TargetBlackList was corrected from null to its default, [minecraft:creeper, minecraft:ghast, minecraft:enderman, minecraft:zombified_piglin, corpse:corpse, minecraft:armorstand]. 
[01Sep2026 03:16:07.455] [Server thread/WARN] [net.minecraftforge.common.ForgeConfigSpec/CORE]: Incorrect key Recruits.FoodBlackList was corrected from null to its default, [minecraft:poisonous_potato, minecraft:spider_eye, minecraft:pufferfish]. 
[01Sep2026 03:16:07.455] [Server thread/WARN] [net.minecraftforge.common.ForgeConfigSpec/CORE]: Incorrect key Recruits.MountWhitelist was corrected from null to its default, [minecraft:camel, minecraft:mule, minecraft:donkey, minecraft:horse, minecraft:llama, minecraft:pig, minecraft:boat, minecraft:minecart, smallships:cog, smallships:brigg, smallships:galley, smallships:drakkar, siegeweapons:catapult, siegeweapons:ballista]. 
[01Sep2026 03:16:07.457] [Server thread/WARN] [net.minecraftforge.common.ForgeConfigSpec/CORE]: Incorrect key Damage.AcceptedDamagesourceImmunity was corrected from null to its default, [inFire, lava, sweetBerryBush, cactus, lightningBolt, inWall, hotFloor, outOfWorld, drown]. 
[01Sep2026 03:16:07.457] [Server thread/WARN] [net.minecraftforge.common.ForgeConfigSpec/CORE]: Incorrect key Factions.Global Faction/Team Settings was corrected from null to its default, SimpleCommentedConfig:{}. 
[01Sep2026 03:16:07.457] [Server thread/WARN] [net.minecraftforge.common.ForgeConfigSpec/CORE]: Incorrect key Factions.Global Faction/Team Settings.GlobalTeamSetting was corrected from null to its default, true. 
[01Sep2026 03:16:07.457] [Server thread/WARN] [net.minecraftforge.common.ForgeConfigSpec/CORE]: Incorrect key Factions.Global Faction/Team Settings.GlobalTeamFriendlyFireSetting was corrected from null to its default, false. 
[01Sep2026 03:16:07.457] [Server thread/WARN] [net.minecraftforge.common.ForgeConfigSpec/CORE]: Incorrect key Factions.Global Faction/Team Settings.GlobalTeamSeeFriendlyInvisibleSetting was corrected from null to its default, true. 
[01Sep2026 03:16:07.459] [Server thread/WARN] [net.minecraftforge.common.ForgeConfigSpec/CORE]: Incorrect key Global Faction/Team Settings was corrected from SimpleCommentedConfig:{GlobalTeamSetting=true, GlobalTeamFriendlyFireSetting=false, GlobalTeamSeeFriendlyInvisibleSetting=true} to its default, null. 
[01Sep2026 03:16:07.460] [Server thread/INFO] [net.minecraftforge.fml.config.ConfigFileTypeHandler/CONFIG]: Loading default config file from path /tmp/rallous-smoke-039/defaultconfigs/openpartiesandclaims-server.toml
[01Sep2026 03:16:07.460] [Server thread/WARN] [net.minecraftforge.common.ForgeConfigSpec/CORE]: Configuration file ./world/serverconfig/openpartiesandclaims-server.toml is not correct. Correcting
[01Sep2026 03:16:07.461] [Server thread/WARN] [net.minecraftforge.common.ForgeConfigSpec/CORE]: Incorrect key serverConfig was corrected from null to its default, SimpleCommentedConfig:{}. 
[01Sep2026 03:16:07.461] [Server thread/WARN] [net.minecraftforge.common.ForgeConfigSpec/CORE]: Incorrect key serverConfig.defaultLanguage was corrected from null to its default, en_us. 
[01Sep2026 03:16:07.461] [Server thread/WARN] [net.minecraftforge.common.ForgeConfigSpec/CORE]: Incorrect key serverConfig.autosaveInterval was corrected from null to its default, 10. 
[01Sep2026 03:16:07.461] [Server thread/WARN] [net.minecraftforge.common.ForgeConfigSpec/CORE]: Incorrect key serverConfig.playerSubConfigLimit was corrected from null to its default, 64. 
[01Sep2026 03:16:07.461] [Server thread/WARN] [net.minecraftforge.common.ForgeConfigSpec/CORE]: Incorrect key serverConfig.permissionSystem was corrected from null to its default, prometheus. 
[01Sep2026 03:16:07.461] [Server thread/WARN] [net.minecraftforge.common.ForgeConfigSpec/CORE]: Incorrect key serverConfig.primaryPartySystem was corrected from null to its default, argonauts_guilds. 
[01Sep2026 03:16:07.461] [Server thread/WARN] [net.minecraftforge.common.ForgeConfigSpec/CORE]: Incorrect key serverConfig.maxPlayerGroups was corrected from null to its default, 16. 
[01Sep2026 03:16:07.461] [Server thread/WARN] [net.minecraftforge.common.ForgeConfigSpec/CORE]: Incorrect key serverConfig.playerGroupSpace was corrected from null to its default, 256. 
[01Sep2026 03:16:07.461] [Server thread/WARN] [net.minecraftforge.common.ForgeConfigSpec/CORE]: Incorrect key serverConfig.maxPlayerGroupsPermission was corrected from null to its default, xaero.pac_max_player_groups. 
[01Sep2026 03:16:07.461] [Server thread/WARN] [net.minecraftforge.common.ForgeConfigSpec/CORE]: Incorrect key serverConfig.playerGroupSpacePermission was corrected from null to its default, xaero.pac_player_group_space. 
[01Sep2026 03:16:07.461] [Server thread/WARN] [net.minecraftforge.common.ForgeConfigSpec/CORE]: Incorrect key serverConfig.parties was corrected from null to its default, SimpleCommentedConfig:{}. 
[01Sep2026 03:16:07.461] [Server thread/WARN] [net.minecraftforge.common.ForgeConfigSpec/CORE]: Incorrect key serverConfig.parties.enabled was corrected from null to its default, true. 
[01Sep2026 03:16:07.461] [Server thread/WARN] [net.minecraftforge.common.ForgeConfigSpec/CORE]: Incorrect key serverConfig.parties.maxPartyMembers was corrected from null to its default, 64. 
[01Sep2026 03:16:07.461] [Server thread/WARN] [net.minecraftforge.common.ForgeConfigSpec/CORE]: Incorrect key serverConfig.parties.maxPartyAllies was corrected from null to its default, 64. 
[01Sep2026 03:16:07.461] [Server thread/WARN] [net.minecraftforge.common.ForgeConfigSpec/CORE]: Incorrect key serverConfig.parties.maxPartyInvites was corrected from null to its default, 16. 
[01Sep2026 03:16:07.461] [Server thread/WARN] [net.minecraftforge.common.ForgeConfigSpec/CORE]: Incorrect key serverConfig.parties.partyExpirationTime was corrected from null to its default, 720. 
[01Sep2026 03:16:07.461] [Server thread/WARN] [net.minecraftforge.common.ForgeConfigSpec/CORE]: Incorrect key serverConfig.parties.partyExpirationCheckInterval was corrected from null to its default, 360. 
[01Sep2026 03:16:07.461] [Server thread/WARN] [net.minecraftforge.common.ForgeConfigSpec/CORE]: Incorrect key serverConfig.parties.partyChatLogging was corrected from null to its default, true. 
[01Sep2026 03:16:07.461] [Server thread/WARN] [net.minecraftforge.common.ForgeConfigSpec/CORE]: Incorrect key serverConfig.parties.adminModePermission was corrected from null to its default, xaero.pac_parties_admin_mode. 
[01Sep2026 03:16:07.461] [Server thread/WARN] [net.minecraftforge.common.ForgeConfigSpec/CORE]: Incorrect key serverConfig.parties.impersonationPermission was corrected from null to its default, xaero.pac_parties_impersonation. 
[01Sep2026 03:16:07.461] [Server thread/WARN] [net.minecraftforge.common.ForgeConfigSpec/CORE]: Incorrect key serverConfig.claims was corrected from null to its default, SimpleCommentedConfig:{}. 
[01Sep2026 03:16:07.461] [Server thread/WARN] [net.minecraftforge.common.ForgeConfigSpec/CORE]: Incorrect key serverConfig.claims.enabled was corrected from null to its default, true. 
[01Sep2026 03:16:07.461] [Server thread/WARN] [net.minecraftforge.common.ForgeConfigSpec/CORE]: Incorrect key serverConfig.claims.partyOwnedClaims was corrected from null to its default, false. 
[01Sep2026 03:16:07.461] [Server thread/WARN] [net.minecraftforge.common.ForgeConfigSpec/CORE]: Incorrect key serverConfig.claims.claimBonusPerPartyMember was corrected from null to its default, 100. 
[01Sep2026 03:16:07.461] [Server thread/WARN] [net.minecraftforge.common.ForgeConfigSpec/CORE]: Incorrect key serverConfig.claims.forceloadBonusPerPartyMember was corrected from null to its default, 2. 
[01Sep2026 03:16:07.461] [Server thread/WARN] [net.minecraftforge.common.ForgeConfigSpec/CORE]: Incorrect key serverConfig.claims.claimBonusForPartyOwner was corrected from null to its default, 0. 
[01Sep2026 03:16:07.461] [Server thread/WARN] [net.minecraftforge.common.ForgeConfigSpec/CORE]: Incorrect key serverConfig.claims.forceloadBonusForPartyOwner was corrected from null to its default, 0. 
[01Sep2026 03:16:07.461] [Server thread/WARN] [net.minecraftforge.common.ForgeConfigSpec/CORE]: Incorrect key serverConfig.claims.allowTouchingClaims was corrected from null to its default, true. 
[01Sep2026 03:16:07.461] [Server thread/WARN] [net.minecraftforge.common.ForgeConfigSpec/CORE]: Incorrect key serverConfig.claims.overLimitClaimAccessCooldown was corrected from null to its default, 5. 
[01Sep2026 03:16:07.462] [Server thread/WARN] [net.minecraftforge.common.ForgeConfigSpec/CORE]: Incorrect key serverConfig.claims.playerClaimsExpirationTime was corrected from null to its default, 8760. 
[01Sep2026 03:16:07.462] [Server thread/WARN] [net.minecraftforge.common.ForgeConfigSpec/CORE]: Incorrect key serverConfig.claims.playerClaimsExpirationCheckInterval was corrected from null to its default, 360. 
[01Sep2026 03:16:07.462] [Server thread/WARN] [net.minecraftforge.common.ForgeConfigSpec/CORE]: Incorrect key serverConfig.claims.playerClaimsConvertExpiredClaims was corrected from null to its default, true. 
[01Sep2026 03:16:07.462] [Server thread/WARN] [net.minecraftforge.common.ForgeConfigSpec/CORE]: Incorrect key serverConfig.claims.maxPlayerClaims was corrected from null to its default, 500. 
[01Sep2026 03:16:07.462] [Server thread/WARN] [net.minecraftforge.common.ForgeConfigSpec/CORE]: Incorrect key serverConfig.claims.maxPlayerClaimForceloads was corrected from null to its default, 10. 
[01Sep2026 03:16:07.462] [Server thread/WARN] [net.minecraftforge.common.ForgeConfigSpec/CORE]: Incorrect key serverConfig.claims.maxPlayerClaimsPermission was corrected from null to its default, xaero.pac_max_claims. 
[01Sep2026 03:16:07.462] [Server thread/WARN] [net.minecraftforge.common.ForgeConfigSpec/CORE]: Incorrect key serverConfig.claims.maxPlayerClaimForceloadsPermission was corrected from null to its default, xaero.pac_max_forceloads. 
[01Sep2026 03:16:07.462] [Server thread/WARN] [net.minecraftforge.common.ForgeConfigSpec/CORE]: Incorrect key serverConfig.claims.maxSingleClaimActionSize was corrected from null to its default, 121. 
[01Sep2026 03:16:07.462] [Server thread/WARN] [net.minecraftforge.common.ForgeConfigSpec/CORE]: Incorrect key serverConfig.claims.serverClaimPermission was corrected from null to its default, xaero.pac_server_claims. 
[01Sep2026 03:16:07.462] [Server thread/WARN] [net.minecraftforge.common.ForgeConfigSpec/CORE]: Incorrect key serverConfig.claims.moderatorModePermission was corrected from null to its default, xaero.pac_claims_moderator_mode. 
[01Sep2026 03:16:07.462] [Server thread/WARN] [net.minecraftforge.common.ForgeConfigSpec/CORE]: Incorrect key serverConfig.claims.adminModePermission was corrected from null to its default, xaero.pac_claims_admin_mode. 
[01Sep2026 03:16:07.462] [Server thread/WARN] [net.minecraftforge.common.ForgeConfigSpec/CORE]: Incorrect key serverConfig.claims.impersonationPermission was corrected from null to its default, xaero.pac_claims_impersonation. 
[01Sep2026 03:16:07.462] [Server thread/WARN] [net.minecraftforge.common.ForgeConfigSpec/CORE]: Incorrect key serverConfig.claims.teleportationPermission was corrected from null to its default, xaero.pac_claims_teleport. 
[01Sep2026 03:16:07.462] [Server thread/WARN] [net.minecraftforge.common.ForgeConfigSpec/CORE]: Incorrect key serverConfig.claims.maxClaimDistance was corrected from null to its default, 5. 
[01Sep2026 03:16:07.462] [Server thread/WARN] [net.minecraftforge.common.ForgeConfigSpec/CORE]: Incorrect key serverConfig.claims.claimableDimensionsListType was corrected from null to its default, ALL_BUT. 
[01Sep2026 03:16:07.462] [Server thread/WARN] [net.minecraftforge.common.ForgeConfigSpec/CORE]: Incorrect key serverConfig.claims.claimableDimensionsList was corrected from null to its default, []. 
[01Sep2026 03:16:07.462] [Server thread/WARN] [net.minecraftforge.common.ForgeConfigSpec/CORE]: Incorrect key serverConfig.claims.allowExistingClaimsInUnclaimableDimensions was corrected from null to its default, true. 
[01Sep2026 03:16:07.462] [Server thread/WARN] [net.minecraftforge.common.ForgeConfigSpec/CORE]: Incorrect key serverConfig.claims.allowExistingForceloadsInUnclaimableDimensions was corrected from null to its default, false. 
[01Sep2026 03:16:07.462] [Server thread/WARN] [net.minecraftforge.common.ForgeConfigSpec/CORE]: Incorrect key serverConfig.claims.claimsSynchronization was corrected from null to its default, ALL. 
[01Sep2026 03:16:07.462] [Server thread/WARN] [net.minecraftforge.common.ForgeConfigSpec/CORE]: Incorrect key serverConfig.claims.claimWelcomeMessages was corrected from null to its default, true. 
[01Sep2026 03:16:07.462] [Server thread/WARN] [net.minecraftforge.common.ForgeConfigSpec/CORE]: Incorrect key serverConfig.claims.protection was corrected from null to its default, SimpleCommentedConfig:{}. 
[01Sep2026 03:16:07.462] [Server thread/WARN] [net.minecraftforge.common.ForgeConfigSpec/CORE]: Incorrect key serverConfig.claims.protection.friendlyChunkProtectedEntityListType was corrected from null to its default, ALL_BUT. 
[01Sep2026 03:16:07.462] [Server thread/WARN] [net.minecraftforge.common.ForgeConfigSpec/CORE]: Incorrect key serverConfig.claims.protection.friendlyChunkProtectedEntityList was corrected from null to its default, [minecraft:boat]. 
[01Sep2026 03:16:07.462] [Server thread/WARN] [net.minecraftforge.common.ForgeConfigSpec/CORE]: Incorrect key serverConfig.claims.protection.hostileChunkProtectedEntityListType was corrected from null to its default, ONLY. 
[01Sep2026 03:16:07.462] [Server thread/WARN] [net.minecraftforge.common.ForgeConfigSpec/CORE]: Incorrect key serverConfig.claims.protection.hostileChunkProtectedEntityList was corrected from null to its default, []. 
[01Sep2026 03:16:07.462] [Server thread/WARN] [net.minecraftforge.common.ForgeConfigSpec/CORE]: Incorrect key serverConfig.claims.protection.blockProtectionExceptionList was corrected from null to its default, []. 
[01Sep2026 03:16:07.462] [Server thread/WARN] [net.minecraftforge.common.ForgeConfigSpec/CORE]: Incorrect key serverConfig.claims.protection.entityProtectionExceptionList was corrected from null to its default, []. 
[01Sep2026 03:16:07.462] [Server thread/WARN] [net.minecraftforge.common.ForgeConfigSpec/CORE]: Incorrect key serverConfig.claims.protection.entityClaimBarrierList was corrected from null to its default, []. 
[01Sep2026 03:16:07.462] [Server thread/WARN] [net.minecraftforge.common.ForgeConfigSpec/CORE]: Incorrect key serverConfig.claims.protection.forcedBlockProtectionExceptionList was corrected from null to its default, [minecraft:crafting_table]. 
[01Sep2026 03:16:07.462] [Server thread/WARN] [net.minecraftforge.common.ForgeConfigSpec/CORE]: Incorrect key serverConfig.claims.protection.blockProtectionOptionalExceptionGroups was corrected from null to its default, [Controls{minecraft:lever, #minecraft:buttons}, Doors{#minecraft:doors, #minecraft:fence_gates, #forge:fence_gates, #minecraft:trapdoors}, Chests{minecraft:chest, minecraft:trapped_chest, #forge:chests/wooden}, Barrels{minecraft:barrel, #forge:barrels}, Ender_Chests{minecraft:ender_chest, #forge:chests/ender}, Shulker_Boxes{#minecraft:shulker_boxes}, Furnaces{minecraft:furnace, minecraft:blast_furnace, minecraft:smoker}, Hoppers{minecraft:hopper}, Dispenser-like{minecraft:dispenser, minecraft:dropper}, Anvils{#minecraft:anvil}, Stonecutters{minecraft:stonecutter}, Grindstones{minecraft:grindstone}, Cartography_Tables{minecraft:cartography_table}, Lecterns{minecraft:lectern}, Smithing_Tables{minecraft:smithing_table}, Looms{minecraft:loom}, Jukeboxes{minecraft:jukebox}, Beds{#minecraft:beds}, Beacons{minecraft:beacon}, Enchanting_Tables{minecraft:enchanting_table}, break$Crops{#minecraft:crops}]. 
[01Sep2026 03:16:07.463] [Server thread/WARN] [net.minecraftforge.common.ForgeConfigSpec/CORE]: Incorrect key serverConfig.claims.protection.forcedEntityProtectionExceptionList was corrected from null to its default, [minecraft:minecart]. 
[01Sep2026 03:16:07.463] [Server thread/WARN] [net.minecraftforge.common.ForgeConfigSpec/CORE]: Incorrect key serverConfig.claims.protection.entityProtectionOptionalExceptionGroups was corrected from null to its default, [Traders{minecraft:villager, minecraft:wandering_trader}, hand$Item_Frames{minecraft:item_frame}, break$Livestock{minecraft:cow, minecraft:mooshroom, minecraft:sheep, minecraft:chicken, minecraft:pig, minecraft:rabbit, minecraft:goat}, Armor_Stands{minecraft:armor_stand}, Players{minecraft:player}]. 
[01Sep2026 03:16:07.463] [Server thread/WARN] [net.minecraftforge.common.ForgeConfigSpec/CORE]: Incorrect key serverConfig.claims.protection.forcedEntityClaimBarrierList was corrected from null to its default, [minecraft:falling_block, supplementaries:slingshot_projectile]. 
[01Sep2026 03:16:07.463] [Server thread/WARN] [net.minecraftforge.common.ForgeConfigSpec/CORE]: Incorrect key serverConfig.claims.protection.entityClaimBarrierOptionalGroups was corrected from null to its default, [Players{minecraft:player}, Ender_Pearls{minecraft:ender_pearl}]. 
[01Sep2026 03:16:07.463] [Server thread/WARN] [net.minecraftforge.common.ForgeConfigSpec/CORE]: Incorrect key serverConfig.claims.protection.entitiesAllowedToGrief was corrected from null to its default, [minecraft:sheep, interact$minecraft:potion, interact$minecraft:trident, interact$minecraft:(*_|)arrow, interact$minecraft:ender_pearl, interact$minecraft:egg, interact$minecraft:shulker_bullet]. 
[01Sep2026 03:16:07.463] [Server thread/WARN] [net.minecraftforge.common.ForgeConfigSpec/CORE]: Incorrect key serverConfig.claims.protection.entitiesAllowedToGriefEntities was corrected from null to its default, [interact$minecraft:potion, interact$minecraft:trident, interact$minecraft:(*_|)arrow, interact$minecraft:ender_pearl, interact$minecraft:egg, interact$minecraft:shulker_bullet]. 
[01Sep2026 03:16:07.463] [Server thread/WARN] [net.minecraftforge.common.ForgeConfigSpec/CORE]: Incorrect key serverConfig.claims.protection.entitiesAllowedToAccessPlayers was corrected from null to its default, [interact$minecraft:potion, interact$minecraft:trident, interact$minecraft:(*_|)arrow, interact$minecraft:ender_pearl, interact$minecraft:egg, interact$minecraft:shulker_bullet]. 
[01Sep2026 03:16:07.463] [Server thread/WARN] [net.minecraftforge.common.ForgeConfigSpec/CORE]: Incorrect key serverConfig.claims.protection.entitiesAllowedToGriefDroppedItems was corrected from null to its default, []. 
[01Sep2026 03:16:07.463] [Server thread/WARN] [net.minecraftforge.common.ForgeConfigSpec/CORE]: Incorrect key serverConfig.claims.protection.nonBlockGriefingMobs was corrected from null to its default, []. 
[01Sep2026 03:16:07.463] [Server thread/WARN] [net.minecraftforge.common.ForgeConfigSpec/CORE]: Incorrect key serverConfig.claims.protection.entityGriefingMobs was corrected from null to its default, []. 
[01Sep2026 03:16:07.463] [Server thread/WARN] [net.minecraftforge.common.ForgeConfigSpec/CORE]: Incorrect key serverConfig.claims.protection.playerGriefingMobs was corrected from null to its default, []. 
[01Sep2026 03:16:07.463] [Server thread/WARN] [net.minecraftforge.common.ForgeConfigSpec/CORE]: Incorrect key serverConfig.claims.protection.droppedItemGriefingMobs was corrected from null to its default, []. 
[01Sep2026 03:16:07.463] [Server thread/WARN] [net.minecraftforge.common.ForgeConfigSpec/CORE]: Incorrect key serverConfig.claims.protection.blockAccessEntityGroups was corrected from null to its default, [Villagers{minecraft:villager}]. 
[01Sep2026 03:16:07.463] [Server thread/WARN] [net.minecraftforge.common.ForgeConfigSpec/CORE]: Incorrect key serverConfig.claims.protection.entityAccessEntityGroups was corrected from null to its default, [Zombies{minecraft:zombie, minecraft:zombie_villager, minecraft:husk, minecraft:drowned}]. 
[01Sep2026 03:16:07.463] [Server thread/WARN] [net.minecraftforge.common.ForgeConfigSpec/CORE]: Incorrect key serverConfig.claims.protection.playerAccessEntityGroups was corrected from null to its default, [Zombies{minecraft:zombie, minecraft:zombie_villager, minecraft:husk, minecraft:drowned}]. 
[01Sep2026 03:16:07.463] [Server thread/WARN] [net.minecraftforge.common.ForgeConfigSpec/CORE]: Incorrect key serverConfig.claims.protection.droppedItemAccessEntityGroups was corrected from null to its default, [Villagers{minecraft:villager}, Piglins{minecraft:piglin}, Foxes{minecraft:fox}]. 
[01Sep2026 03:16:07.463] [Server thread/WARN] [net.minecraftforge.common.ForgeConfigSpec/CORE]: Incorrect key serverConfig.claims.protection.staticFakePlayers was corrected from null to its default, [[IntegratedTunnels]]. 
[01Sep2026 03:16:07.463] [Server thread/WARN] [net.minecraftforge.common.ForgeConfigSpec/CORE]: Incorrect key serverConfig.claims.protection.staticFakePlayerClassExceptions was corrected from null to its default, [dan200.computercraft.shared.turtle.core.TurtlePlayer]. 
[01Sep2026 03:16:07.463] [Server thread/WARN] [net.minecraftforge.common.ForgeConfigSpec/CORE]: Incorrect key serverConfig.claims.protection.additionalBannedItemsList was corrected from null to its default, [supplementaries:slingshot]. 
[01Sep2026 03:16:07.463] [Server thread/WARN] [net.minecraftforge.common.ForgeConfigSpec/CORE]: Incorrect key serverConfig.claims.protection.itemUseProtectionExceptionList was corrected from null to its default, [minecraft:firework_rocket]. 
[01Sep2026 03:16:07.463] [Server thread/WARN] [net.minecraftforge.common.ForgeConfigSpec/CORE]: Incorrect key serverConfig.claims.protection.itemUseProtectionOptionalExceptionGroups was corrected from null to its default, [Books{minecraft:written_book, minecraft:writable_book}]. 
[01Sep2026 03:16:07.463] [Server thread/WARN] [net.minecraftforge.common.ForgeConfigSpec/CORE]: Incorrect key serverConfig.claims.protection.completelyDisabledItemInteractions was corrected from null to its default, []. 
[01Sep2026 03:16:07.463] [Server thread/WARN] [net.minecraftforge.common.ForgeConfigSpec/CORE]: Incorrect key serverConfig.claims.protection.completelyDisabledBlockInteractions was corrected from null to its default, []. 
[01Sep2026 03:16:07.463] [Server thread/WARN] [net.minecraftforge.common.ForgeConfigSpec/CORE]: Incorrect key serverConfig.claims.protection.completelyDisabledEntityInteractions was corrected from null to its default, []. 
[01Sep2026 03:16:07.463] [Server thread/WARN] [net.minecraftforge.common.ForgeConfigSpec/CORE]: Incorrect key serverConfig.claims.protection.completelyDisableFrostWalking was corrected from null to its default, false. 
[01Sep2026 03:16:07.463] [Server thread/WARN] [net.minecraftforge.common.ForgeConfigSpec/CORE]: Incorrect key serverConfig.claims.protection.reducedBoatEntityCollisions was corrected from null to its default, true. 
[01Sep2026 03:16:07.464] [Server thread/WARN] [net.minecraftforge.common.ForgeConfigSpec/CORE]: Incorrect key serverConfig.playerConfigurablePlayerConfigOptions was corrected from null to its default, [claims.protectClaimedChunks, claims.forceload.enabled, claims.name, claims.color, claims.protection.exceptions.fullAccess, claims.protection.exceptions.buttonsByProjectiles, claims.protection.exceptions.targetsByProjectiles, claims.protection.exceptions.platesByPlayers, claims.protection.exceptions.platesByMobs, claims.protection.exceptions.platesByOther, claims.protection.exceptions.tripwireByPlayers, claims.protection.exceptions.tripwireByMobs, claims.protection.exceptions.tripwireByOther, claims.protection.exceptions.cropTrample, claims.protection.exceptions.playerLightning, claims.protection.exceptions.frostWalking, claims.protection.exceptions.entitiesByPlayers, claims.protection.exceptions.entitiesByMobs, claims.protection.exceptions.entitiesByOther, claims.protection.exceptions.entitiesRedirect, claims.protection.exceptions.entitiesByExplosions, claims.protection.exceptions.entitiesByFire, claims.protection.exceptions.netherPortalsPlayers, claims.protection.exceptions.netherPortalsMobs, claims.protection.exceptions.netherPortalsOther, claims.protection.fluidBarrier, claims.protection.dispenserBarrier, claims.protection.pistonBarrier, claims.protection.exceptions.itemTossPlayers, claims.protection.exceptions.itemTossMobs, claims.protection.exceptions.itemTossOther, claims.protection.exceptions.itemTossRedirect, claims.protection.exceptions.mobLoot, claims.protection.playerDeathLoot, claims.protection.exceptions.itemPickupPlayers, claims.protection.exceptions.itemPickupMobs, claims.protection.exceptions.itemPickupRedirect, claims.protection.exceptions.xpPickup, claims.protection.exceptions.raids, claims.protection.exceptions.naturalSpawnHostile, claims.protection.exceptions.naturalSpawnFriendly, claims.protection.exceptions.spawnersHostile, claims.protection.exceptions.spawnersFriendly, claims.protection.exceptions.projectileHitHostileSpawn, claims.protection.exceptions.projectileHitFriendlySpawn, claims.protection.exceptions.reclaimable, parties.name, parties.shareLocationWithParty, parties.shareLocationWithMutualAllyParties, parties.receiveLocationsFromParty, parties.receiveLocationsFromMutualAllyParties, claims.protection.exceptions.groups.block.interact.Controls, claims.protection.exceptions.groups.block.interact.Doors, claims.protection.exceptions.groups.block.interact.Chests, claims.protection.exceptions.groups.block.interact.Barrels, claims.protection.exceptions.groups.block.interact.Ender_Chests, claims.protection.exceptions.groups.block.interact.Shulker_Boxes, claims.protection.exceptions.groups.block.interact.Furnaces, claims.protection.exceptions.groups.block.interact.Hoppers, claims.protection.exceptions.groups.block.interact.Dispenser-like, claims.protection.exceptions.groups.block.interact.Anvils, claims.protection.exceptions.groups.block.interact.Stonecutters, claims.protection.exceptions.groups.block.interact.Grindstones, claims.protection.exceptions.groups.block.interact.Cartography_Tables, claims.protection.exceptions.groups.block.interact.Lecterns, claims.protection.exceptions.groups.block.interact.Smithing_Tables, claims.protection.exceptions.groups.block.interact.Looms, claims.protection.exceptions.groups.block.interact.Jukeboxes, claims.protection.exceptions.groups.block.interact.Beds, claims.protection.exceptions.groups.block.interact.Beacons, claims.protection.exceptions.groups.block.interact.Enchanting_Tables, claims.protection.exceptions.groups.block.break.Crops, claims.protection.exceptions.groups.entity.interact.Traders, claims.protection.exceptions.groups.entity.handInteract.Item_Frames, claims.protection.exceptions.groups.entity.interact.Armor_Stands, claims.protection.exceptions.groups.entity.interact.Players, claims.protection.exceptions.groups.entity.break.Livestock, claims.protection.exceptions.groups.entity.blockAccess.Villagers, claims.protection.exceptions.groups.entity.entityAccess.Zombies, claims.protection.exceptions.groups.entity.playerAccess.Zombies, claims.protection.exceptions.groups.entity.droppedItemAccess.Villagers, claims.protection.exceptions.groups.entity.droppedItemAccess.Piglins, claims.protection.exceptions.groups.entity.droppedItemAccess.Foxes, claims.protection.exceptions.groups.item.interact.Books, claims.protection.exceptions.groups.entity.barrier.Ender_Pearls, /*remove comment to enable*/claims.protection.exceptions.groups.entity.barrier.Players]. 
[01Sep2026 03:16:07.464] [Server thread/WARN] [net.minecraftforge.common.ForgeConfigSpec/CORE]: Incorrect key serverConfig.opConfigurablePlayerConfigOptions was corrected from null to its default, [claims.bonusChunkClaims, claims.bonusChunkForceloads, bonusPlayerGroups, bonusPlayerGroupSpace]. 
[01Sep2026 03:16:07.527] [Server thread/INFO] [xaero.pac.OpenPartiesAndClaims/]: Initializing Open Parties and Claims for the server...
[01Sep2026 03:16:07.536] [Server thread/INFO] [xaero.pac.OpenPartiesAndClaims/]: Loading server info!
[01Sep2026 03:16:07.569] [Server thread/INFO] [xaero.pac.OpenPartiesAndClaims/]: Loading player configs...
[01Sep2026 03:16:07.579] [Server thread/INFO] [xaero.pac.OpenPartiesAndClaims/]: Loaded player configs!
[01Sep2026 03:16:07.579] [Server thread/INFO] [xaero.pac.OpenPartiesAndClaims/]: Loading parties...
[01Sep2026 03:16:07.580] [Server thread/INFO] [xaero.pac.OpenPartiesAndClaims/]: Loaded parties!
[01Sep2026 03:16:07.580] [Server thread/INFO] [xaero.pac.OpenPartiesAndClaims/]: Fixing party inconsistencies...
[01Sep2026 03:16:07.610] [Server thread/INFO] [xaero.pac.OpenPartiesAndClaims/]: Registered party system for OPAC: default
[01Sep2026 03:16:07.610] [Server thread/INFO] [xaero.pac.OpenPartiesAndClaims/]: Registered party system for OPAC: ftb_teams
[01Sep2026 03:16:07.611] [Server thread/INFO] [xaero.pac.OpenPartiesAndClaims/]: Registered permission system for OPAC: permission_api
[01Sep2026 03:16:07.611] [Server thread/WARN] [xaero.pac.OpenPartiesAndClaims/]: The configured primary party system "argonauts_guilds" isn't registered!
[01Sep2026 03:16:07.611] [Server thread/INFO] [xaero.pac.OpenPartiesAndClaims/]: Configured OPAC to use the following party system as primary: default
[01Sep2026 03:16:07.611] [Server thread/INFO] [xaero.pac.OpenPartiesAndClaims/]: Loading claims...
[01Sep2026 03:16:07.611] [Server thread/INFO] [xaero.pac.OpenPartiesAndClaims/]: Loaded claims in 0ms
[01Sep2026 03:16:07.612] [Server thread/WARN] [xaero.pac.OpenPartiesAndClaims/]: The configured permission system "prometheus" isn't registered!
[01Sep2026 03:16:07.612] [Server thread/INFO] [xaero.pac.OpenPartiesAndClaims/]: Configured OPAC to use the following permission system: permission_api
[01Sep2026 03:16:07.686] [Server thread/INFO] [terrablender/]: Initialized TerraBlender biomes for level stem minecraft:the_nether
[01Sep2026 03:16:07.775] [Server thread/INFO] [terrablender/]: Initialized TerraBlender biomes for level stem minecraft:overworld
[01Sep2026 03:16:07.775] [Server thread/INFO] [net.minecraft.server.dedicated.DedicatedServer/]: Preparing level "world"
[01Sep2026 03:16:08.099] [Server thread/WARN] [yungsapi/]: WARNING: block Block{minecraft:coal_ore} added to BlockStateRandomizer exceeds max probabiltiy of 1!
[01Sep2026 03:16:13.528] [Server thread/WARN] [yungsapi/]: WARNING: block Block{minecraft:coal_ore} added to BlockStateRandomizer exceeds max probabiltiy of 1!
[01Sep2026 03:16:13.534] [Server thread/WARN] [yungsapi/]: WARNING: block Block{minecraft:coal_ore} added to BlockStateRandomizer exceeds max probabiltiy of 1!
[01Sep2026 03:16:13.547] [Server thread/WARN] [yungsapi/]: WARNING: block Block{minecraft:coal_ore} added to BlockStateRandomizer exceeds max probabiltiy of 1!
[01Sep2026 03:16:13.550] [Server thread/WARN] [yungsapi/]: WARNING: block Block{minecraft:coal_ore} added to BlockStateRandomizer exceeds max probabiltiy of 1!
[01Sep2026 03:16:13.552] [Server thread/WARN] [yungsapi/]: WARNING: block Block{minecraft:coal_ore} added to BlockStateRandomizer exceeds max probabiltiy of 1!
[01Sep2026 03:16:13.554] [Server thread/INFO] [net.minecraft.server.MinecraftServer/]: Preparing start region for dimension minecraft:overworld
[01Sep2026 03:16:13.641] [Worker-Main-1/INFO] [net.minecraft.server.level.progress.LoggerChunkProgressListener/]: Preparing spawn area: 0%
[01Sep2026 03:16:14.070] [Worker-Main-1/INFO] [net.minecraft.server.level.progress.LoggerChunkProgressListener/]: Preparing spawn area: 0%
[01Sep2026 03:16:14.561] [Worker-Main-1/INFO] [net.minecraft.server.level.progress.LoggerChunkProgressListener/]: Preparing spawn area: 0%
[01Sep2026 03:16:15.058] [Worker-Main-1/INFO] [net.minecraft.server.level.progress.LoggerChunkProgressListener/]: Preparing spawn area: 2%
[01Sep2026 03:16:15.556] [Worker-Main-3/INFO] [net.minecraft.server.level.progress.LoggerChunkProgressListener/]: Preparing spawn area: 3%
[01Sep2026 03:16:16.058] [Worker-Main-3/INFO] [net.minecraft.server.level.progress.LoggerChunkProgressListener/]: Preparing spawn area: 5%
[01Sep2026 03:16:16.555] [Worker-Main-3/INFO] [net.minecraft.server.level.progress.LoggerChunkProgressListener/]: Preparing spawn area: 7%
[01Sep2026 03:16:17.058] [Worker-Main-1/INFO] [net.minecraft.server.level.progress.LoggerChunkProgressListener/]: Preparing spawn area: 9%
[01Sep2026 03:16:18.840] [Worker-Main-3/INFO] [net.minecraft.server.level.progress.LoggerChunkProgressListener/]: Preparing spawn area: 10%
[01Sep2026 03:16:18.841] [Worker-Main-1/INFO] [net.minecraft.server.level.progress.LoggerChunkProgressListener/]: Preparing spawn area: 10%
[01Sep2026 03:16:18.841] [Worker-Main-3/INFO] [net.minecraft.server.level.progress.LoggerChunkProgressListener/]: Preparing spawn area: 10%
[01Sep2026 03:16:19.084] [Worker-Main-3/INFO] [net.minecraft.server.level.progress.LoggerChunkProgressListener/]: Preparing spawn area: 11%
[01Sep2026 03:16:19.531] [Worker-Main-2/WARN] [lithostitched/]: Non-existent template pool reference: minecraft:
[01Sep2026 03:16:19.569] [Worker-Main-2/INFO] [net.minecraft.server.level.progress.LoggerChunkProgressListener/]: Preparing spawn area: 13%
[01Sep2026 03:16:21.377] [Worker-Main-3/INFO] [net.minecraft.server.level.progress.LoggerChunkProgressListener/]: Preparing spawn area: 15%
[01Sep2026 03:16:21.378] [Worker-Main-3/INFO] [net.minecraft.server.level.progress.LoggerChunkProgressListener/]: Preparing spawn area: 15%
[01Sep2026 03:16:21.378] [Worker-Main-3/INFO] [net.minecraft.server.level.progress.LoggerChunkProgressListener/]: Preparing spawn area: 15%
[01Sep2026 03:16:21.557] [Worker-Main-3/INFO] [net.minecraft.server.level.progress.LoggerChunkProgressListener/]: Preparing spawn area: 15%
[01Sep2026 03:16:23.468] [Worker-Main-3/INFO] [net.minecraft.server.level.progress.LoggerChunkProgressListener/]: Preparing spawn area: 17%
[01Sep2026 03:16:23.468] [Worker-Main-3/INFO] [net.minecraft.server.level.progress.LoggerChunkProgressListener/]: Preparing spawn area: 17%
[01Sep2026 03:16:23.468] [Worker-Main-3/INFO] [net.minecraft.server.level.progress.LoggerChunkProgressListener/]: Preparing spawn area: 17%
[01Sep2026 03:16:23.559] [Worker-Main-1/INFO] [net.minecraft.server.level.progress.LoggerChunkProgressListener/]: Preparing spawn area: 18%
[01Sep2026 03:16:24.058] [Worker-Main-3/INFO] [net.minecraft.server.level.progress.LoggerChunkProgressListener/]: Preparing spawn area: 22%
[01Sep2026 03:16:24.612] [Worker-Main-2/INFO] [net.minecraft.server.level.progress.LoggerChunkProgressListener/]: Preparing spawn area: 23%
[01Sep2026 03:16:25.057] [Worker-Main-2/INFO] [net.minecraft.server.level.progress.LoggerChunkProgressListener/]: Preparing spawn area: 26%
[01Sep2026 03:16:26.745] [Worker-Main-2/INFO] [net.minecraft.server.level.progress.LoggerChunkProgressListener/]: Preparing spawn area: 28%
[01Sep2026 03:16:26.745] [Worker-Main-2/INFO] [net.minecraft.server.level.progress.LoggerChunkProgressListener/]: Preparing spawn area: 28%
[01Sep2026 03:16:26.746] [Worker-Main-2/INFO] [net.minecraft.server.level.progress.LoggerChunkProgressListener/]: Preparing spawn area: 28%
[01Sep2026 03:16:27.056] [Worker-Main-2/INFO] [net.minecraft.server.level.progress.LoggerChunkProgressListener/]: Preparing spawn area: 31%
[01Sep2026 03:16:27.566] [Worker-Main-1/INFO] [net.minecraft.server.level.progress.LoggerChunkProgressListener/]: Preparing spawn area: 33%
[01Sep2026 03:16:28.055] [Worker-Main-1/INFO] [net.minecraft.server.level.progress.LoggerChunkProgressListener/]: Preparing spawn area: 36%
[01Sep2026 03:16:28.567] [Worker-Main-2/INFO] [net.minecraft.server.level.progress.LoggerChunkProgressListener/]: Preparing spawn area: 42%
[01Sep2026 03:16:28.887] [Worker-Main-2/WARN] [lithostitched/]: Non-existent template pool reference: minecraft:
[01Sep2026 03:16:28.888] [Worker-Main-2/WARN] [lithostitched/]: Non-existent template pool reference: minecraft:
[01Sep2026 03:16:29.096] [Worker-Main-3/INFO] [net.minecraft.server.level.progress.LoggerChunkProgressListener/]: Preparing spawn area: 44%
[01Sep2026 03:16:29.555] [Worker-Main-2/INFO] [net.minecraft.server.level.progress.LoggerChunkProgressListener/]: Preparing spawn area: 46%
[01Sep2026 03:16:30.102] [Worker-Main-2/INFO] [net.minecraft.server.level.progress.LoggerChunkProgressListener/]: Preparing spawn area: 51%
[01Sep2026 03:16:30.558] [Worker-Main-2/INFO] [net.minecraft.server.level.progress.LoggerChunkProgressListener/]: Preparing spawn area: 54%
[01Sep2026 03:16:31.055] [Worker-Main-1/INFO] [net.minecraft.server.level.progress.LoggerChunkProgressListener/]: Preparing spawn area: 58%
[01Sep2026 03:16:31.566] [Worker-Main-2/INFO] [net.minecraft.server.level.progress.LoggerChunkProgressListener/]: Preparing spawn area: 61%
[01Sep2026 03:16:32.059] [Worker-Main-2/INFO] [net.minecraft.server.level.progress.LoggerChunkProgressListener/]: Preparing spawn area: 64%
[01Sep2026 03:16:32.559] [Worker-Main-2/INFO] [net.minecraft.server.level.progress.LoggerChunkProgressListener/]: Preparing spawn area: 67%
[01Sep2026 03:16:33.056] [Worker-Main-2/INFO] [net.minecraft.server.level.progress.LoggerChunkProgressListener/]: Preparing spawn area: 71%
[01Sep2026 03:16:33.555] [Worker-Main-3/INFO] [net.minecraft.server.level.progress.LoggerChunkProgressListener/]: Preparing spawn area: 74%
[01Sep2026 03:16:34.059] [Worker-Main-3/INFO] [net.minecraft.server.level.progress.LoggerChunkProgressListener/]: Preparing spawn area: 78%
[01Sep2026 03:16:34.562] [Worker-Main-2/INFO] [net.minecraft.server.level.progress.LoggerChunkProgressListener/]: Preparing spawn area: 82%
[01Sep2026 03:16:35.055] [Worker-Main-1/INFO] [net.minecraft.server.level.progress.LoggerChunkProgressListener/]: Preparing spawn area: 86%
[01Sep2026 03:16:35.555] [Worker-Main-2/INFO] [net.minecraft.server.level.progress.LoggerChunkProgressListener/]: Preparing spawn area: 89%
[01Sep2026 03:16:36.057] [Worker-Main-2/INFO] [net.minecraft.server.level.progress.LoggerChunkProgressListener/]: Preparing spawn area: 92%
[01Sep2026 03:16:36.555] [Worker-Main-2/INFO] [net.minecraft.server.level.progress.LoggerChunkProgressListener/]: Preparing spawn area: 95%
[01Sep2026 03:16:37.003] [Server thread/INFO] [net.minecraft.server.level.progress.LoggerChunkProgressListener/]: Time elapsed: 23449 ms
[01Sep2026 03:16:37.003] [Server thread/INFO] [net.minecraft.server.dedicated.DedicatedServer/]: Done (29.576s)! For help, type "help"
[01Sep2026 03:16:37.003] [Server thread/INFO] [net.minecraft.server.dedicated.DedicatedServer/]: Starting remote control listener
[01Sep2026 03:16:37.006] [Server thread/INFO] [net.minecraft.server.rcon.thread.GenericThread/]: Thread RCON Listener started
[01Sep2026 03:16:37.006] [Server thread/INFO] [net.minecraft.server.rcon.thread.RconThread/]: RCON running on 127.0.0.1:25575
[01Sep2026 03:16:37.043] [Server thread/INFO] [noppes.npcs.CustomNpcs/]: CustomNPC PermissionNode<Boolean>s available:
[01Sep2026 03:16:37.043] [Server thread/INFO] [noppes.npcs.CustomNpcs/]: customnpcs.admin
[01Sep2026 03:16:37.043] [Server thread/INFO] [noppes.npcs.CustomNpcs/]: customnpcs.edit.blocks
[01Sep2026 03:16:37.043] [Server thread/INFO] [noppes.npcs.CustomNpcs/]: customnpcs.edit.villager
[01Sep2026 03:16:37.043] [Server thread/INFO] [noppes.npcs.CustomNpcs/]: customnpcs.global.bank
[01Sep2026 03:16:37.043] [Server thread/INFO] [noppes.npcs.CustomNpcs/]: customnpcs.global.dialog
[01Sep2026 03:16:37.043] [Server thread/INFO] [noppes.npcs.CustomNpcs/]: customnpcs.global.faction
[01Sep2026 03:16:37.043] [Server thread/INFO] [noppes.npcs.CustomNpcs/]: customnpcs.global.linked
[01Sep2026 03:16:37.043] [Server thread/INFO] [noppes.npcs.CustomNpcs/]: customnpcs.global.naturalspawn
[01Sep2026 03:16:37.043] [Server thread/INFO] [noppes.npcs.CustomNpcs/]: customnpcs.global.playerdata
[01Sep2026 03:16:37.043] [Server thread/INFO] [noppes.npcs.CustomNpcs/]: customnpcs.global.quest
[01Sep2026 03:16:37.043] [Server thread/INFO] [noppes.npcs.CustomNpcs/]: customnpcs.global.recipe
[01Sep2026 03:16:37.043] [Server thread/INFO] [noppes.npcs.CustomNpcs/]: customnpcs.global.transport
[01Sep2026 03:16:37.043] [Server thread/INFO] [noppes.npcs.CustomNpcs/]: customnpcs.npc.advanced
[01Sep2026 03:16:37.043] [Server thread/INFO] [noppes.npcs.CustomNpcs/]: customnpcs.npc.ai
[01Sep2026 03:16:37.043] [Server thread/INFO] [noppes.npcs.CustomNpcs/]: customnpcs.npc.clone
[01Sep2026 03:16:37.043] [Server thread/INFO] [noppes.npcs.CustomNpcs/]: customnpcs.npc.create
[01Sep2026 03:16:37.043] [Server thread/INFO] [noppes.npcs.CustomNpcs/]: customnpcs.npc.delete
[01Sep2026 03:16:37.043] [Server thread/INFO] [noppes.npcs.CustomNpcs/]: customnpcs.npc.display
[01Sep2026 03:16:37.043] [Server thread/INFO] [noppes.npcs.CustomNpcs/]: customnpcs.npc.freeze
[01Sep2026 03:16:37.043] [Server thread/INFO] [noppes.npcs.CustomNpcs/]: customnpcs.npc.gui
[01Sep2026 03:16:37.043] [Server thread/INFO] [noppes.npcs.CustomNpcs/]: customnpcs.npc.inventory
[01Sep2026 03:16:37.043] [Server thread/INFO] [noppes.npcs.CustomNpcs/]: customnpcs.npc.reset
[01Sep2026 03:16:37.043] [Server thread/INFO] [noppes.npcs.CustomNpcs/]: customnpcs.npc.stats
[01Sep2026 03:16:37.043] [Server thread/INFO] [noppes.npcs.CustomNpcs/]: customnpcs.scenes
[01Sep2026 03:16:37.043] [Server thread/INFO] [noppes.npcs.CustomNpcs/]: customnpcs.soulstone.all
[01Sep2026 03:16:37.043] [Server thread/INFO] [noppes.npcs.CustomNpcs/]: customnpcs.spawner.create
[01Sep2026 03:16:37.043] [Server thread/INFO] [noppes.npcs.CustomNpcs/]: customnpcs.spawner.mob
[01Sep2026 03:16:37.043] [Server thread/INFO] [noppes.npcs.CustomNpcs/]: customnpcs.tool.mounter
[01Sep2026 03:16:37.043] [Server thread/INFO] [noppes.npcs.CustomNpcs/]: customnpcs.tool.nbtbook
[01Sep2026 03:16:37.043] [Server thread/INFO] [noppes.npcs.CustomNpcs/]: customnpcs.tool.pather
[01Sep2026 03:16:37.043] [Server thread/INFO] [noppes.npcs.CustomNpcs/]: customnpcs.tool.scripter
[01Sep2026 03:16:37.043] [Server thread/INFO] [net.minecraftforge.server.permission.PermissionAPI/]: Successfully initialized permission handler forge:default_handler
[01Sep2026 03:16:37.048] [Server thread/INFO] [xaero.map.WorldMap/]: Registered synced player tracker system: ftb_teams
[01Sep2026 03:16:37.049] [Server thread/INFO] [xaero.hud.minimap.MinimapLogs/]: Registered synced player tracker system: ftb_teams
[01Sep2026 03:16:37.060] [Server thread/WARN] [net.minecraft.network.syncher.SynchedEntityData/]: defineId called for: class net.minecraft.world.entity.player.Player from class tschipp.carryon.common.carry.CarryOnDataManager
[01Sep2026 03:16:37.251] [Server thread/WARN] [ModernFix/]: Dedicated server took 45.998 seconds to load
[01Sep2026 03:16:37.374] [Server thread/INFO] [dev.corgitaco.enhancedcelestials.EnhancedCelestials/]: Possible lunar events for dimension "minecraft:overworld" are [enhancedcelestials:super_blood_moon, enhancedcelestials:super_blue_moon, enhancedcelestials:harvest_moon, enhancedcelestials:blue_moon, enhancedcelestials:super_harvest_moon, enhancedcelestials:super_moon, enhancedcelestials:blood_moon].
[01Sep2026 03:18:27.790] [RCON Listener #1/INFO] [net.minecraft.server.rcon.thread.GenericThread/]: Thread RCON Client /127.0.0.1 started
[01Sep2026 03:18:27.795] [Server thread/INFO] [net.minecraft.server.MinecraftServer/]: [Rcon: Gamerule sendCommandFeedback is now set to: true]
[01Sep2026 03:18:42.962] [Server thread/INFO] [net.minecraft.server.MinecraftServer/]: [Not Secure] [Rcon] [smoke] 0.3.17 real-terrain mix — no stone pad
[01Sep2026 03:18:58.129] [Server thread/INFO] [net.minecraft.server.MinecraftServer/]: [Rcon: Executed 2 command(s) from function 'rallous_factions:gen/boot']
[01Sep2026 03:19:13.284] [Server thread/INFO] [net.minecraft.server.MinecraftServer/]: [Rcon: Set [rallous.gen] for #next_race to 0]
[01Sep2026 03:19:28.567] [Server thread/INFO] [net.minecraft.server.MinecraftServer/]: [Rcon: Executed 139 command(s) from function 'rallous_factions:gen/place_near']
[01Sep2026 03:19:34.390] [Server thread/WARN] [net.minecraft.server.MinecraftServer/]: Can't keep up! Is the server overloaded? Running 3139ms or 62 ticks behind
[01Sep2026 03:19:43.732] [RCON Client /127.0.0.1 #2/INFO] [net.minecraft.server.rcon.thread.RconClient/]: Thread RCON Client /127.0.0.1 shutting down
[01Sep2026 03:20:12.202] [Server thread/INFO] [net.minecraft.server.MinecraftServer/]: [Not Secure] [Server] [smoke] tmux console pass
[01Sep2026 03:20:20.104] [Server thread/INFO] [net.minecraft.server.MinecraftServer/]: Executed 1857 command(s) from function 'rallous_factions:gen/place_rings'
[01Sep2026 03:20:20.105] [Server thread/WARN] [net.minecraft.server.MinecraftServer/]: Can't keep up! Is the server overloaded? Running 6854ms or 137 ticks behind
[01Sep2026 03:20:25.052] [Server thread/INFO] [net.minecraft.server.MinecraftServer/]: [Not Secure] [Server] [rallous.mix] OK eight races on this fresh field
[01Sep2026 03:20:25.228] [Server thread/INFO] [net.minecraft.server.MinecraftServer/]: [Not Secure] [Server] [rallous.mix] OK eight races on this fresh field
[01Sep2026 03:20:25.228] [Server thread/INFO] [net.minecraft.server.MinecraftServer/]: Executed 26 command(s) from function 'rallous_factions:debug/count_races'
[01Sep2026 03:20:29.610] [Server thread/INFO] [net.minecraft.world.entity.LivingEntity/]: Named entity BowmanEntity['Handgunner'/467, l='ServerLevel[world]', x=-96.50, y=73.00, z=49.50] died: Handgunner suffocated in a wall
[01Sep2026 03:20:35.258] [Server thread/INFO] [net.minecraft.server.MinecraftServer/]: Test passed, count: 14
[01Sep2026 03:20:36.272] [Server thread/INFO] [net.minecraft.server.MinecraftServer/]: Test passed, count: 14
[01Sep2026 03:20:37.257] [Server thread/INFO] [net.minecraft.server.MinecraftServer/]: Test failed
[01Sep2026 03:20:38.265] [Server thread/INFO] [net.minecraft.server.MinecraftServer/]: [Not Secure] [Supreme Patriarch Balthasar Gelt] [smoke.race] empire camp
[01Sep2026 03:20:38.265] [Server thread/INFO] [net.minecraft.server.MinecraftServer/]: [Not Secure] [Elector Countess of Wissenland Elspeth von Draken] [smoke.race] empire camp
[01Sep2026 03:20:39.260] [Server thread/INFO] [net.minecraft.server.MinecraftServer/]: [Not Secure] [Ghoul King Gashnag] [smoke.race] vampire camp
[01Sep2026 03:20:39.260] [Server thread/INFO] [net.minecraft.server.MinecraftServer/]: [Not Secure] [The Red Duke The Red Duke] [smoke.race] vampire camp
[01Sep2026 03:20:40.257] [Server thread/INFO] [net.minecraft.server.MinecraftServer/]: [Not Secure] [Mage-Priest of Tlaxtlan Adohi-Tehga] [smoke.race] lizardmen camp
[01Sep2026 03:20:41.257] [Server thread/INFO] [net.minecraft.server.MinecraftServer/]: [Not Secure] [Doombull Taurox the Brass Bull] [smoke.race] beastmen camp
[01Sep2026 03:20:42.308] [Server thread/INFO] [net.minecraft.server.MinecraftServer/]: [Not Secure] [Black Orc Warboss Grimgor Ironhide] [smoke.race] greenskins camp
[01Sep2026 03:20:42.308] [Server thread/INFO] [net.minecraft.server.MinecraftServer/]: [Not Secure] [Great Shaman Wurrzag da Great Green Prophet] [smoke.race] greenskins camp
[01Sep2026 03:20:43.309] [Server thread/INFO] [net.minecraft.server.MinecraftServer/]: [Not Secure] [Runelord Thorek Ironbrow] [smoke.race] dwarfs camp
[01Sep2026 03:20:43.309] [Server thread/INFO] [net.minecraft.server.MinecraftServer/]: [Not Secure] [King of Karak Eight Peaks Belegar Ironhammer] [smoke.race] dwarfs camp
[01Sep2026 03:20:44.327] [Server thread/INFO] [net.minecraft.server.MinecraftServer/]: [Not Secure] [Plague Priest Septik] [smoke.race] skaven camp
[01Sep2026 03:20:44.327] [Server thread/INFO] [net.minecraft.server.MinecraftServer/]: [Not Secure] [Assassin Kreepus] [smoke.race] skaven camp
[01Sep2026 03:20:45.308] [Server thread/INFO] [net.minecraft.server.MinecraftServer/]: [Not Secure] [The Exiled Skarbrand the Exiled] [smoke.race] khorne camp
[01Sep2026 03:20:45.308] [Server thread/INFO] [net.minecraft.server.MinecraftServer/]: [Not Secure] [Khorne’s Champion Skulltaker] [smoke.race] khorne camp
[01Sep2026 03:20:46.309] [Server thread/INFO] [net.minecraft.server.MinecraftServer/]: [Not Secure] [Supreme Patriarch Balthasar Gelt] [smoke.lord]
[01Sep2026 03:20:46.309] [Server thread/INFO] [net.minecraft.server.MinecraftServer/]: [Not Secure] [Ghoul King Gashnag] [smoke.lord]
[01Sep2026 03:20:46.309] [Server thread/INFO] [net.minecraft.server.MinecraftServer/]: [Not Secure] [Mage-Priest of Tlaxtlan Adohi-Tehga] [smoke.lord]
[01Sep2026 03:20:46.310] [Server thread/INFO] [net.minecraft.server.MinecraftServer/]: [Not Secure] [Doombull Taurox the Brass Bull] [smoke.lord]
[01Sep2026 03:20:46.310] [Server thread/INFO] [net.minecraft.server.MinecraftServer/]: [Not Secure] [Black Orc Warboss Grimgor Ironhide] [smoke.lord]
[01Sep2026 03:20:46.310] [Server thread/INFO] [net.minecraft.server.MinecraftServer/]: [Not Secure] [Runelord Thorek Ironbrow] [smoke.lord]
[01Sep2026 03:20:46.310] [Server thread/INFO] [net.minecraft.server.MinecraftServer/]: [Not Secure] [Plague Priest Septik] [smoke.lord]
[01Sep2026 03:20:46.310] [Server thread/INFO] [net.minecraft.server.MinecraftServer/]: [Not Secure] [The Exiled Skarbrand the Exiled] [smoke.lord]
[01Sep2026 03:20:46.310] [Server thread/INFO] [net.minecraft.server.MinecraftServer/]: [Not Secure] [Elector Countess of Wissenland Elspeth von Draken] [smoke.lord]
[01Sep2026 03:20:46.310] [Server thread/INFO] [net.minecraft.server.MinecraftServer/]: [Not Secure] [The Red Duke The Red Duke] [smoke.lord]
[01Sep2026 03:20:46.310] [Server thread/INFO] [net.minecraft.server.MinecraftServer/]: [Not Secure] [Great Shaman Wurrzag da Great Green Prophet] [smoke.lord]
[01Sep2026 03:20:46.310] [Server thread/INFO] [net.minecraft.server.MinecraftServer/]: [Not Secure] [King of Karak Eight Peaks Belegar Ironhammer] [smoke.lord]
[01Sep2026 03:20:46.310] [Server thread/INFO] [net.minecraft.server.MinecraftServer/]: [Not Secure] [Assassin Kreepus] [smoke.lord]
[01Sep2026 03:20:46.310] [Server thread/INFO] [net.minecraft.server.MinecraftServer/]: [Not Secure] [Khorne’s Champion Skulltaker] [smoke.lord]
[01Sep2026 03:20:48.308] [Server thread/INFO] [net.minecraft.server.MinecraftServer/]: [Not Secure] [Server] [smoke] bite
[01Sep2026 03:20:49.309] [Server thread/INFO] [net.minecraft.server.MinecraftServer/]: [Not Secure] [Server] [rallous.bite] start
[01Sep2026 03:20:49.319] [Server thread/INFO] [net.minecraft.server.MinecraftServer/]: [Not Secure] [Server] [rallous.bite] OK hostile raid spawned
[01Sep2026 03:20:49.320] [Server thread/INFO] [net.minecraft.server.MinecraftServer/]: [Not Secure] [Supreme Patriarch Balthasar Gelt] [rallous.bite] OK help camp did not bite
[01Sep2026 03:20:49.321] [Server thread/INFO] [net.minecraft.server.MinecraftServer/]: [Not Secure] [Help Dummy] [rallous.bite] OK help dummy not facing camp pillagers
[01Sep2026 03:20:49.321] [Server thread/INFO] [net.minecraft.server.MinecraftServer/]: Executed 46 command(s) from function 'rallous_factions:debug/prove_bite'
[01Sep2026 03:20:57.310] [Server thread/INFO] [net.minecraft.server.MinecraftServer/]: [Not Secure] [Server] [smoke.bite] raid entity present
[01Sep2026 03:20:58.358] [Server thread/INFO] [net.minecraft.server.MinecraftServer/]: [Not Secure] [Server] [smoke.bite] bitten camp present
[01Sep2026 03:20:59.110] [Server thread/INFO] [net.minecraft.world.entity.LivingEntity/]: Named entity RecruitEntity['Bloodreaver'/457, l='ServerLevel[world]', x=-17.96, y=83.00, z=-46.36] died: Bloodreaver was slain by Zombified Piglin
[01Sep2026 03:20:59.359] [Server thread/INFO] [net.minecraft.server.MinecraftServer/]: [Not Secure] [Supreme Patriarch Balthasar Gelt] [smoke.bite] OK help camp not bitten
[01Sep2026 03:21:00.359] [Server thread/INFO] [net.minecraft.server.MinecraftServer/]: [Not Secure] [Server] [smoke] slots
[01Sep2026 03:21:01.359] [Server thread/INFO] [net.minecraft.server.MinecraftServer/]: [Not Secure] [Server] [rallous.slots] start 12-slot proof
[01Sep2026 03:21:38.124] [Worker-Main-3/ERROR] [net.minecraft.world.entity.animal.allay.Allay/]: No key selector in MapLike[{event_delay:0,event_distance:0.0f,range:16,source:{source_entity:[I;44558657,-805812143,-2135634931,493044029],type:"minecraft:entity",y_offset:0.36f}}]
[01Sep2026 03:22:47.692] [Server thread/INFO] [net.minecraft.server.MinecraftServer/]: [Not Secure] [Server] [rallous.slots] FAIL crater count != 12
[01Sep2026 03:22:47.692] [Server thread/INFO] [net.minecraft.server.MinecraftServer/]: [Not Secure] [Server] [rallous.slots] done
[01Sep2026 03:22:47.692] [Server thread/INFO] [net.minecraft.server.MinecraftServer/]: Executed 589 command(s) from function 'rallous_warp_crash:debug/prove_slots'
[01Sep2026 03:22:47.692] [Server thread/INFO] [net.minecraft.server.MinecraftServer/]: Executed 7 command(s) from function 'rallous_roaming:events/waaagh'
[01Sep2026 03:22:47.693] [Server thread/INFO] [net.minecraft.server.MinecraftServer/]: [Not Secure] [Server] [smoke] console pass done
[01Sep2026 03:22:47.705] [Server thread/WARN] [net.minecraft.server.MinecraftServer/]: Can't keep up! Is the server overloaded? Running 106304ms or 2126 ticks behind
[01Sep2026 03:22:55.564] [Server thread/INFO] [net.minecraft.world.entity.npc.Villager/]: Villager Villager['Bite Dummy'/608, l='ServerLevel[world]', x=-26.47, y=85.00, z=-33.23] died, message: 'Bite Dummy was slain by Patrol'
[01Sep2026 03:22:55.565] [Server thread/INFO] [net.minecraft.world.entity.LivingEntity/]: Named entity Villager['Bite Dummy'/608, l='ServerLevel[world]', x=-26.47, y=85.00, z=-33.23] died: Bite Dummy was slain by Patrol
[01Sep2026 03:22:57.464] [Server thread/INFO] [net.minecraft.world.entity.LivingEntity/]: Named entity RecruitEntity['Clanrat'/446, l='ServerLevel[world]', x=-103.82, y=64.44, z=-138.23] died: Clanrat went up in flames
[01Sep2026 03:23:41.958] [Server thread/INFO] [net.minecraft.server.MinecraftServer/]: Unmarked [7, -1] chunks in minecraft:overworld from [7, -1] to [7, 0] for force loading
[01Sep2026 03:23:42.008] [Server thread/INFO] [net.minecraft.server.MinecraftServer/]: Unmarked [-8, -1] chunks in minecraft:overworld from [-8, -1] to [-8, 0] for force loading
[01Sep2026 03:23:42.012] [Server thread/INFO] [net.minecraft.server.MinecraftServer/]: Unmarked [-1, 7] chunks in minecraft:overworld from [-1, 7] to [0, 7] for force loading
[01Sep2026 03:23:42.012] [Server thread/INFO] [net.minecraft.server.MinecraftServer/]: Unmarked [-1, -8] chunks in minecraft:overworld from [-1, -8] to [0, -8] for force loading
[01Sep2026 03:23:42.025] [Server thread/INFO] [net.minecraft.server.MinecraftServer/]: Unmarked [13, -1] chunks in minecraft:overworld from [13, -1] to [13, 0] for force loading
[01Sep2026 03:23:42.026] [Server thread/INFO] [net.minecraft.server.MinecraftServer/]: Unmarked [-14, -1] chunks in minecraft:overworld from [-14, -1] to [-14, 0] for force loading
[01Sep2026 03:23:42.058] [Server thread/INFO] [net.minecraft.server.MinecraftServer/]: Unmarked [-1, 13] chunks in minecraft:overworld from [-1, 13] to [0, 13] for force loading
[01Sep2026 03:23:42.065] [Server thread/INFO] [net.minecraft.server.MinecraftServer/]: Unmarked [-1, -14] chunks in minecraft:overworld from [-1, -14] to [0, -14] for force loading
[01Sep2026 03:23:42.077] [Server thread/INFO] [net.minecraft.server.MinecraftServer/]: 12 force loaded chunks were found in minecraft:overworld at: [-6, -268], [132, -237], [-135, -230], [235, -131], [-217, -123], [-262, -6], [263, 1], [-216, 133], [230, 140], [130, 217], [-144, 221], [6, 255]
[01Sep2026 03:23:44.023] [Server thread/INFO] [net.minecraft.server.MinecraftServer/]: Executed 135 command(s) from function 'rallous_roaming:spawn/waaagh'
[01Sep2026 03:23:48.012] [Server thread/INFO] [net.minecraft.server.MinecraftServer/]: Test passed, count: 16
[01Sep2026 03:23:48.016] [Server thread/INFO] [net.minecraft.server.MinecraftServer/]: [Not Secure] [Waaagh Boy] [smoke.waaagh] host within 48 of a camp
[01Sep2026 03:23:48.059] [Server thread/INFO] [net.minecraft.server.MinecraftServer/]: [Not Secure] [Server] [smoke.waaagh] waaagh entities present
[01Sep2026 03:24:02.158] [Server thread/INFO] [net.minecraft.world.entity.LivingEntity/]: Named entity BowmanEntity['Handgunner'/295, l='ServerLevel[world]', x=-4.15, y=85.00, z=-14.39] died: Handgunner was slain by Choppa
[01Sep2026 03:24:08.307] [Server thread/INFO] [net.minecraft.world.entity.LivingEntity/]: Named entity Pillager['Waaagh Boy'/748, l='ServerLevel[world]', x=-1.89, y=95.00, z=-17.50] died: Waaagh Boy was slain by Patrol
[01Sep2026 03:24:10.111] [Server thread/INFO] [net.minecraft.server.MinecraftServer/]: [Not Secure] [Server] [rallous.slots] start 12-slot proof
[01Sep2026 03:25:14.369] [Server thread/INFO] [net.minecraft.server.MinecraftServer/]: [Not Secure] [Server] [rallous.slots] FAIL crater count != 12
[01Sep2026 03:25:14.369] [Server thread/INFO] [net.minecraft.server.MinecraftServer/]: [Not Secure] [Server] [rallous.slots] done
[01Sep2026 03:25:14.369] [Server thread/INFO] [net.minecraft.server.MinecraftServer/]: Executed 589 command(s) from function 'rallous_warp_crash:debug/prove_slots'
[01Sep2026 03:25:14.377] [Server thread/WARN] [net.minecraft.server.MinecraftServer/]: Can't keep up! Is the server overloaded? Running 64226ms or 1284 ticks behind
[01Sep2026 03:25:17.158] [Server thread/INFO] [net.minecraft.world.entity.LivingEntity/]: Named entity RecruitShieldmanEntity['Blood Warrior'/458, l='ServerLevel[world]', x=-3.21, y=86.00, z=-15.14] died: Blood Warrior was slain by Choppa
[01Sep2026 03:25:24.717] [Server thread/INFO] [net.minecraft.world.entity.LivingEntity/]: Named entity Vindicator['Choppa'/752, l='ServerLevel[world]', x=-0.77, y=83.00, z=-17.88] died: Choppa suffocated in a wall
[01Sep2026 03:25:32.209] [Server thread/INFO] [net.minecraft.world.entity.LivingEntity/]: Named entity Pillager['Waaagh Boy'/750, l='ServerLevel[world]', x=-4.12, y=84.00, z=-20.46] died: Waaagh Boy suffocated in a wall
[01Sep2026 03:25:32.458] [Server thread/INFO] [net.minecraft.world.entity.LivingEntity/]: Named entity Vindicator['Choppa'/751, l='ServerLevel[world]', x=-1.90, y=84.00, z=-21.30] died: Choppa suffocated in a wall
[01Sep2026 03:25:37.458] [Server thread/INFO] [net.minecraft.world.entity.LivingEntity/]: Named entity Pillager['Waaagh Boy'/749, l='ServerLevel[world]', x=-14.45, y=79.23, z=-10.70] died: Waaagh Boy suffocated in a wall
[01Sep2026 03:25:37.709] [Server thread/INFO] [net.minecraft.world.entity.LivingEntity/]: Named entity RecruitEntity['Waaagh Boy'/756, l='ServerLevel[world]', x=-12.36, y=83.00, z=-20.37] died: Waaagh Boy suffocated in a wall
[01Sep2026 03:25:42.209] [Server thread/INFO] [net.minecraft.world.entity.LivingEntity/]: Named entity Zombie['Gobbo'/754, l='ServerLevel[world]', x=3.12, y=80.00, z=3.71] died: Gobbo suffocated in a wall
[01Sep2026 03:25:46.709] [Server thread/INFO] [net.minecraft.world.entity.LivingEntity/]: Named entity Zombie['Gobbo'/753, l='ServerLevel[world]', x=-2.02, y=79.00, z=3.39] died: Gobbo suffocated in a wall
[01Sep2026 03:26:31.711] [Server thread/INFO] [net.minecraft.world.entity.LivingEntity/]: Named entity Pillager['Warboss Gruk'/747, l='ServerLevel[world]', x=-25.30, y=82.00, z=-9.82] died: Warboss Gruk suffocated in a wall
[01Sep2026 03:26:45.209] [Server thread/INFO] [net.minecraft.world.entity.LivingEntity/]: Named entity BowmanEntity['Waaagh Boy'/758, l='ServerLevel[world]', x=71.99, y=74.00, z=31.06] died: Waaagh Boy suffocated in a wall
